:020000040800F2
:1000000020280020150200083560000883480008F9
:100010003160000879080008818E000800000000A7
:1000200000000000000000000000000091670008D0
:10003000A90B000800000000A7640008E58500087F
:100040002F0200082F0200082F0200082F020008CC
:100050002F0200082F0200082F0200082F020008BC
:100060002F0200082F0200082F0200082F020008AC
:100070002F0200082F0200082F0200082F0200089C
:100080002F0200082F0200087D0500082F0200083B
:100090002F0200082F0200082F020008AB0B0008F7
:1000A0002F0200082F0200082F0200082F0200086C
:1000B000758600082F020008858600082F020008B8
:1000C0002F0200082F0200082F0200082F0200084C
:1000D0002F020008618E00082F020008718E0008B0
:1000E0002F0200082F0200082F0200082F0200082C
:1000F000A58600082F0200082F0200082F02000822
:100100002F0200082F020008958600082F02000821
:100110002F0200085D8B00082F0200082F02000844
:100120002F0200082F0200082F0200082F020008EB
:1001300000F002F800F05FF80AA090E8000C82449A
:100140008344AAF10107DA4501D100F054F8AFF277
:10015000090EBAE80F0013F0010F18BFFB1A43F0A5
:10016000010318479CE80000BCE800000A444FF077
:10017000000C10F8013B13F0070408BF10F8014B06
:100180001D1108BF10F8015B641E05D010F8016B4B
:10019000641E01F8016BF9D113F0080F1EBF10F8AF
:1001A000014BAD1C0C1B09D16D1E58BF01F801CBD2
:1001B000FAD505E014F8016B01F8016B6D1EF9D555
:1001C0009142D6D37047000000230024002500266A
:1001D000103A28BF78C1FBD8520728BF30C148BFAA
:1001E0000B607047642900F07780002070471FB5CE
:1001F0001FBD10B510BD00F093F91146FFF7F7FFD2
:100200000AF0E0F800F0B1F903B4FFF7F2FF03BC25
:1002100009F052FA0948804709480047FEE7FEE71F
:10022000FEE7FEE7FEE7FEE7FEE7FEE7FEE7FEE7A6
:1002300004480549054A064B7047000071860008CE
:100240003101000820220020202800202024002046
:1002500020240020704700000FB4044910B503AA01
:10026000029800F027F910BC5DF814FB2C00002068
:100270002DE9F0410E460446002020622046E16848
:10028000884730B3252805D0D4E901219047206A5A
:10029000401CF2E7E168204600278847050018D097
:1002A000A5F14100192802D820354FF400673246E5
:1002B000294620462760FFF795FF40B1012804D06A
:1002C000F61D26F007060836D8E7361DD6E728467D
:1002D000DAE7206ABDE8F0812DE9F0410646002406
:1002E00010687529314616A510D0AFF3008000289C
:1002F00002DA404213A507E031688A0701D512A54A
:1003000002E0490704D511A5012401E0AFF3008004
:1003100000210A2206F1240709E0B0FBF2FCB0FB41
:10032000F2F302FB1C00303078541846491C0028B8
:10033000F3D123462A463046BDE8F04100F060B8CC
:10034000000000002D0000002B0000002000000035
:100350004FF000020429C0F0128010F0030C00F0EE
:100360001B80CCF1040CBCF1020F18BF00F8012B6C
:10037000A8BF20F8022BA1EB0C0100F00DB85FEA3A
:10038000C17C24BF00F8012B00F8012B48BF00F806
:10039000012B70474FF0000200B513469446964675
:1003A000203922BFA0E80C50A0E80C50B1F1200188
:1003B000BFF4F7AF090728BFA0E80C5048BF0CC036
:1003C0005DF804EB890028BF40F8042B08BF704794
:1003D00048BF20F8022B11F0804F18BF00F8012B06
:1003E0007047704770477047704710B500F074F859
:1003F000006810BD10B5044600F06EF8046010BD32
:100400002DE9F0470D4699469246044600F124082E
:100410000168880604D5E06921F01001216000E040
:100420000120A84201DD471B00E00027A1697A19DD
:1004300002EB0900081AA0612078C00602D4204609
:10044000AFF30080002608E0D4E901211AF8060085
:100450009047206A401C761C20624E45F4DB2078D1
:10046000C0060AD52046AFF3008006E0D4E901219A
:1004700030209047206A401C2062381EA7F10107F7
:10048000F4DC07E0D4E9012118F805009047206A60
:10049000401C2062281EA5F10105F3DC2046AFF3C5
:1004A00000802078000602D50220BDE8F0870120F8
:1004B000FBE70000074B70B50D467B4400F015F8D4
:1004C0000446284600F024F810B14FF0FF3070BD0C
:1004D000204670BDEB9D000000487047BC21002005
:1004E00001694A1C02610878704700B58FB0CDE9F8
:1004F00001310021059105497944CDE903101146E8
:100500006846FFF7B5FE0FB000BD0000E5FFFFFF36
:10051000007B00F08000704700487047BC2100203D
:100520007546FFF7F9FFAE4605006946534620F0D1
:100530000700854618B020B5FFF77AFEBDE82040D9
:100540004FF000064FF000074FF000084FF0000B8F
:1005500021F00701AC46ACE8C009ACE8C009ACE842
:10056000C009ACE8C0098D46704710B50446AFF32A
:1005700000802046BDE81040FFF746BE10B5034896
:1005800001F036F8024801F033F810BDB003002046
:10059000E003002070B5044600252068806800F064
:1005A000010018B32068806820F00100216888608D
:1005B00001F048FD054613E001F044FD401B022810
:1005C0000ED92068806800F0010048B1A06A40F0B0
:1005D0001000A062E06A40F00100E062012070BDFE
:1005E0002068806800F001000028E5D10020F6E7CF
:1005F00038B504460025002000902068806800F08F
:10060000010078BB2068806840F0010021688860A4
:10061000194800681949B0FBF1F0009002E0009819
:10062000401E009000980028F9D101F00BFD05460E
:1006300019E001F007FD401B022814D920688068EA
:1006400000F0010078B9A06A40F01000A062E06AF2
:1006500040F00100E06200BF002084F8240000BFE9
:10066000012038BD05E02068806800F00100002806
:10067000DFD00020F5E700003C00002040420F00E2
:100680002DE9F04F87B053480088A0F57A704000FC
:10069000032190FBF1FABAF1000F01DA4FF0000AE2
:1006A000BAF1640F01DD4FF0640A4B49C8680BF0E2
:1006B000EBFB0746494A4A4B0BF0D6F805460BF0D0
:1006C0003DF88146B9F1000F01DAC9F10009454949
:1006D000C8680BF0D9FB0746404A414B0BF0C4F801
:1006E00005460BF02BF80446002C00DA64423E4825
:1006F000007808B9012000E000203B4908703B4821
:10070000007801281AD13A4800680BF04DFD0546E3
:10071000384800680BF048FD064600200290039020
:1007200004900590009003462A463146019032A07D
:10073000FFF792FD00202D49087047E02A48007815
:10074000C8B93548008935490989344AD288334BBC
:100750009B88CDE90232CDE90410304840882F490A
:100760000988CDE900102C48037B027851462CA063
:10077000FFF772FD2AE03249324800680BF0B0FD05
:1007800083460BF011FD05462F49304800680BF0F9
:10079000A7FD83460BF008FD06460F4908680BF0DD
:1007A00003FD07460F4908680BF0FEFC8046284809
:1007B000006828490968CDE90265CDE9001026489E
:1007C00003883A46414625A0FFF746FD07B0BDE83D
:1007D000F08F000002000020C80A00209A99999921
:1007E0009999F13FB80A00206C020020CF00002048
:1007F00068000020540000207B4325643A25643AB9
:1008000025643A25643A25643A25643A25643A25F4
:10081000643A25647D240000602100204C210020E2
:100820007B4125643A25643A25643A25643A256477
:100830003A25643A25643A25643A25647D2400000B
:100840000000C8424800002000007A444400002014
:10085000A8020020A0020020AC0200207B422564F8
:100860003A25643A25643A25643A25643A25643A7F
:1008700025647D240000000000BFFEE70F480078DB
:1008800018B10E480078012806D10D480D490860BE
:100890000D480E49086010E008480078022806D18B
:1008A0000B48084908600B480849086005E00A48F9
:1008B0000449086009480549086070470B0000209A
:1008C000D589573E100000209EEF273E14000020DF
:1008D000A3540A3E713D0A3E308C0D3E8D976E3E0C
:1008E00010B502460B460020012B08D1002104E080
:1008F000084C645C60404C1CE1B29142F8DB43B9A7
:10090000002104E0044C645C60404C1CE1B2914264
:10091000F8DB10BDB80B0020E80B00202DE9F05FDC
:1009200005460C46124E1348016820460BF0D8FCD1
:1009300083461148016858460BF0D2FA804631468A
:100940004FF07E500BF0D4FD824641460BF0C8FCC0
:100950000746314628460BF0C3FC814639460BF06A
:10096000BFFA0549086008460068BDE8F09F00002E
:100970000AD7A33C2C0300206C0300202DE9F05F74
:1009800005460C46124E1348016820460BF0A8FCA1
:1009900083461148016858460BF0A2FA804631465A
:1009A0004FF07E500BF0A4FD824641460BF098FCC0
:1009B0000746314628460BF093FC814639460BF03A
:1009C0008FFA0549086008460068BDE8F09F0000FE
:1009D0000AD7A33C2C030020AC0300202DE9F041F2
:1009E0001B4800880BF034FC07461A490BF0E6FA66
:1009F00006461949886819490BF072FC074601211F
:100A000000F080F81649886814490BF069FC074625
:100A1000022100F077F80321304600F073F803203C
:100A200000F024F8054600240DE000BF0D480068E2
:100A300000F040000028F9D00B48005D0949091D6D
:100A40000860601CC4B2AC42EFDBBDE8F08100007E
:100A5000020000200000C842B80A002000007A44CA
:100A6000C80A0020003801408C0A002001460A29EB
:100A700000DC09B9002070472420214A10700B299E
:100A80003CD2DFE801F03B060B10151A1F24292F7A
:100A9000350005201A4A50710620ECE70920184A53
:100AA00050720A20E7E70D20154A50730E20E2E746
:100AB0001120134A50741220DDE71520104A50759A
:100AC0001620D8E719200E4A50761A20D3E71D20A9
:100AD0000B4A50771E20CEE72120094A82F82100D8
:100AE0002220C8E72520064A82F825002620C2E7F2
:100AF0002920034A82F829002A20BCE70020BAE70F
:100B00008C0A002013B50C460A2C00DC04B91CBD6D
:100B10000B2C43D2DFE804F042060C12181E242AE4
:100B200030363C0001221F49684600F047F835E0A6
:100B300005221C49684600F041F82FE009221949B6
:100B4000684600F03BF829E00D221649684600F09F
:100B500035F823E011221349684600F02FF81DE014
:100B600015221049684600F029F817E019220D49AE
:100B7000684600F023F811E01D220A49684600F09B
:100B80001DF80BE021220749684600F017F805E040
:100B900025220449684600F011F800BF00BF00BFDD
:100BA000B5E700008C0A0020704710B54FF40070C4
:100BB00001F08AF810BD72B600BFFEE730B50346FB
:100BC0001C788C545D78541C0D559D78941C0D55E3
:100BD000DD78D41C0D5530BD2DE9FF478246BAF1B2
:100BE000010F02D105F074FC0CE14421D02003F088
:100BF0004AFE04464321D02003F045FE04EB0020CA
:100C000000B2814908804621D02003F03CFE044612
:100C10004521D02003F037FE04EB002000B27B49D1
:100C200008804821D02003F02EFE04464721D02022
:100C300003F029FE04EB002000B2754908803C2136
:100C4000D02003F020FE04463B21D02003F01BFE01
:100C500004EB002000B26F4908803E21D02003F051
:100C600012FE04463D21D02003F00DFE04EB0020CF
:100C700000B2694908804021D02003F004FE0446F8
:100C80003F21D02003F0FFFD04EB002000B26349B8
:100C900008800846B0F900000AF07FFDCDE90001A8
:100CA0005D48B0F900000AF078FD0646DDE9002352
:100CB00008F04CFF00225A4BCDE902010AF0D4FDA6
:100CC00004464FF0C042574B0AF0A4FB80460AF09E
:100CD00035FD00B2544908805048B0F900000AF0D0
:100CE0005CFDCDE900014B48B0F900000AF055FD6C
:100CF0000646DDE9002308F029FF80460022484B24
:100D00000AF0B2FD04464FF0C042464B0AF082FBA7
:100D1000CDE902010AF012FD00B2444908803A48C8
:100D2000B0F900000AF039FD04460022404B0AF0F9
:100D300071FB06460AF002FD00B2334908803348D1
:100D4000B0F900000AF029FD04460022384B0AF0F1
:100D500061FB06460AF0F2FC00B22C490880BAF1A9
:100D6000020F26D12848B0F900000BF059FA0446CA
:100D70002D48B0F900000BF053FA0546214604F067
:100D800017F880F000402B4908602048B0F90000B7
:100D90000BF046FA04462548B0F900000BF040FA83
:100DA0000546214604F03CF980F0004022490860E5
:100DB00028E0BAF1030F25D11348B0F900000BF079
:100DC0002FFA04461848B0F900000BF029FA05463E
:100DD0002146FFF7A3FD80F00040164908600B484C
:100DE000B0F900000BF01CFA04461048B0F90000FE
:100DF0000BF016FA05462146FFF7C0FD80F00040D3
:100E00000D490860BDE8FF87920000209600002091
:100E1000940000208C000020880000208A00002020
:100E200000806640FB2109408E00002090000020D9
:100E300000605040D4020020D802002010B51C4AA7
:100E40009168106803F038FF04460BF0E9F918497F
:100E50004860184A9168106803F06CFF04460BF074
:100E6000DFF9144948601448007818B11248007836
:100E700008280BD10E49486805F076F80C494860FF
:100E80000C49486805F0A2F80A49486008490B4A2D
:100E90004868514205F0E6FA054948600549074AA5
:100EA0004868514205F0DEFA0249486010BD000072
:100EB000B80A0020C80A00205C0000200CE5FFFFF3
:100EC0002DE9F04F8FB006460C46C34DC34800785D
:100ED00001287DD1C2480E90A24650460AF0D4FFA8
:100EE000CDE908010AF056F902460B46CDE90A01A0
:100EF000A802BC490AF08EFA07466A02BA4B0AF009
:100F0000D9FECDE90C010AF097F98146B74AB849F4
:100F100050460AF071F98246002150460BF010F954
:100F20001CD0B44948460BF0E3FA804631460BF03A
:100F3000D7F9074649460BF041F8AF498860AD49FB
:100F400048460AF0CDFF804631460BF0C9F9074606
:100F500049460BF033F8A949886003E0A64886604B
:100F6000A64886605146A6480BF0BAF907460AF033
:100F70008BFFCDE9080150460AF086FF07460022A4
:100F80004FF0804309F0F4FB00229E4BCDE90001B5
:100F90000AF06AFCCDE9040150460AF075FF0746E5
:100FA0000022994B09F0E4FB4FF00042974BCDE94A
:100FB00000010AF059FCCDE90201DDE904230AF041
:100FC0006DF9CDE90601DDE908230AF073FE00E0C2
:100FD0003AE000228E4BCDE90A010AF05FF9CDE933
:100FE0000C010AF029F983468A4958460BF080FA29
:100FF0000D900E990BF074F9804687490AF070FF46
:1010000007460BF0D1F88549086085F000477A491A
:101010002A46886839460AF0EFF87749886085F0F3
:10102000004776492A46886839460AF0E5F8734948
:10103000886040F698024FF44871784800680AF0DA
:10104000EFF876490860C4E06448007800283DD194
:10105000002130460BF010F902D284F0004400E089
:1010600000BF6F48016820460BF03AF980464FF008
:1010700080410AF0A3FF074631460BF02EFA5E4985
:1010800088606748016820460BF02AF980464FF0D7
:1010900080410AF093FF074631460AF021FF574985
:1010A000886085F0004754492A46886839460AF026
:1010B000A3F85149886085F0004750492A4688685E
:1010C00039460AF099F84D49886082E04348007833
:1010D00002283DD1002130460BF0CEF802D284F038
:1010E000004400E000BF4E48016820460BF0F8F8CD
:1010F00080464FF080410AF061FF074631460BF011
:10110000ECF93D4988604648016820460BF0E8F854
:1011100080464FF080410AF051FF074631460AF001
:10112000DFFE3649886085F0004733492A468868E3
:1011300039460AF061F83049886085F000472F4948
:101140002A46886839460AF057F82C49886040E0FA
:101150002248007803283CD1002130460BF08CF85F
:1011600002D284F0004400E000BF2D480168204610
:101170000BF0B6F880464FF080410AF01FFF07469B
:1011800031460BF0AAF91C498860254801682046C1
:101190000BF0A6F880464FF080410AF00FFF07469B
:1011A00031460AF09DFE1549886085F000471249D6
:1011B0002A46886839460AF01FF80F49886085F08A
:1011C00000470E492A46886839460AF015F80B4947
:1011D00088600FB0BDE8F08F000060400B00002079
:1011E000AE272044976EC23FF3FDB43F0AD7A33E1B
:1011F00048E1FABE9EEFA73DB80A0020C80A0020C9
:10120000E5D0E23FD34DF43F000008409318E4BF1F
:10121000022BF93F4C37C93F0080BB4460000020DF
:10122000140000202DE9F041042005F07FFA324936
:101230000860082005F07AFA2F4948602F480078A6
:1012400090B1012804D002281AD0032830D123E01D
:10125000294908680AF0E4FF0546274949684842D9
:101260000AF0DEFF064623E0234908680AF0D8FFAB
:1012700005462149496848420AF0D2FF064617E070
:101280001D4908680AF0CCFF05461B4949684842D9
:101290000AF0C6FF06460BE0174908680AF0C0FFCF
:1012A00005461549496848420AF0BAFF064600BF9C
:1012B00000BF134928460BF013F807461148016890
:1012C00038460BF00DF804460F490AF077FE0F4937
:1012D00008600B4930460BF003F8074609480168DF
:1012E00038460AF0FDFF044607490AF067FE084940
:1012F0000860BDE8F0810000800000200B000020A5
:1013000000004843100000200000C344B80A002039
:10131000C80A0020F8B5044600260020009000BF4F
:1013200094F82400012801D10220F8BD012084F89E
:10133000240000BF2046FFF72DF90646002E6CD191
:10134000A06A20F4885040F00200A062022000F061
:1013500077FF35490968B1FBF0F04000009002E0EA
:101360000098401E009000980028F9D12046FFF711
:101370003FF92068806840F008002168886000F02C
:1013800061FE054616E000F05DFE401B0A2811D9FB
:101390002068806800F0080060B1A06A20F00200B8
:1013A00040F01000A06200BF002084F8240000BFBD
:1013B0000120BAE72068806800F008000028E2D128
:1013C0002068806840F004002168886000F03AFEE0
:1013D000054616E000F036FE401B0A2811D92068A9
:1013E000806800F0040060B1A06A20F0020040F0C4
:1013F0001000A06200BF002084F8240000BF01207C
:1014000093E72068806800F004000028E2D1A06A19
:1014100020F0020040F00100A06200BF002084F82C
:10142000240000BF304680E73C00002070470000E9
:1014300038B5024600230020009000BF92F8240037
:10144000012801D1022038BD012082F8240000BF0C
:101450004868072812D21068406B0C79641E04EBB0
:1014600084051F24AC40A0430D796D1E05EB850556
:101470000C68AC4020431468606327E048680D287E
:1014800012D21068006B0C79E41F04EB84051F2452
:10149000AC40A0430D79ED1F05EB85050C68AC4011
:1014A00020431468206311E01068C06A0C790D3C79
:1014B00004EB84051F24AC40A0430D790D3D05EBE2
:1014C00085050C68AC4020431468E06208680A286F
:1014D00012D31068C0680C780A3C04EB440507245A
:1014E000AC40A0430D780A3D05EB45058C68AC4047
:1014F00020431468E0600FE0106800690C7804EB8A
:1015000044050724AC40A0430D7805EB45058C68E5
:10151000AC402043146820610868102802D0086895
:10152000112827D1174C1068A0421ED1106880687E
:1015300000F40000F0B91068806840F400001468FE
:10154000A0600868102815D10F4800680F4CB0FB48
:10155000F4F000EB80004000009002E00098401E94
:10156000009000980028F9D104E0906A40F0200033
:101570009062012300BF002082F8240000BF1846BB
:1015800061E70000002401403C00002040420F00C1
:101590002DE9F04704460F48844219D100F024F8A1
:1015A00085B228460AF054FE81460B490AF098FE9F
:1015B00080460A490AF094FE074609490AF090FE5F
:1015C00006460AF00DFE07490880024800F0DCF9E3
:1015D000BDE8F087E00300206740533A0000304147
:1015E0000000C8420400002001460868C06C704733
:1015F00010B504462068406800F0200020282FD154
:101600002068006800F00200022829D1A06A00F0DA
:10161000100018B9A06A40F40070A06220688068C9
:1016200000F46020B0F5602F13D1207B88B92068CA
:10163000406820F0200021684860A06A20F4807093
:10164000A062A06A00F4805018B9A06A40F00100BE
:10165000A0622046FFF79CFF6FF01200216808602F
:101660002068406800F0800080283BD12068006836
:1016700000F00400042835D1A06A00F0100018B969
:10168000A06A40F40050A0622068806800F4E04046
:10169000B0F5E04F0DD02068406800F48060D0B90C
:1016A0002068806800F46020B0F5602F13D1207BA3
:1016B00088B92068406820F0800021684860A06AEE
:1016C00020F48050A062A06A00F4807018B9A06A6B
:1016D00040F00100A0622046FFF7A8FE6FF00C006A
:1016E000216808602068406800F0400040280FD161
:1016F0002068006800F0010050B1A06A40F480301A
:10170000A062204600F0B6F86FF001002168086082
:1017100010BD00002DE9F0410446002700250026F9
:10172000A84614B90120BDE8F081A06810B1207D61
:1017300000B100BFA06A30B90020E06284F8240044
:10174000204600F099F82046FEF724FF0746A06ADD
:1017500000F01000002873D1002F7ED1A06A20F481
:10176000885040F00200A0623F4AD4E90001904254
:1017700008D1E069B0F5402F02D14FF4002002E01B
:10178000E06900E0E0690143207B41EA4000064354
:10179000A068B0F5807F02D0A068012802D14FF484
:1017A000807000E000200543207D012811D1207BBE
:1017B00038B9A069401E4FF4006141EA403005434A
:1017C00007E0A06A40F02000A062E06A40F001005B
:1017D000E0622068406820F469402843216848603E
:1017E0002068806821490840304321688860A068EB
:1017F000B0F5807F02D0A068012802D14FF480703C
:1018000000E00020B0F5807F03D1208A401E4FEA1F
:1018100000582068C06A20F4700040EA080021687F
:10182000C8622068806812490840B04209D100208F
:10183000E062A06A20F0020040F00100A06211E026
:101840000BE0A06A20F0020040F01000A062E06A05
:1018500040F00100E062012704E0A06A40F01000BF
:10186000A062012738465EE7003C0140FDF7E1FF3A
:10187000FE0E1FFF7047000010B586B00446002022
:1018800002900390049005903A492068884240D124
:1018900000BF3948806940F40070374988610846C4
:1018A000806900F40070019000BF00BF00BF0846CF
:1018B000806940F0040088610846806900F00400F7
:1018C000019000BF00BF00BF0846806940F01000D3
:1018D00088610846806900F01000019000BF00BFD9
:1018E000012002900320039002A9244800F0FAF995
:1018F000302002900320039002A9214800F0F2F961
:10190000202002900320039002A91C4800F0EAF96D
:101910002EE01C49206888422AD100BF1648806901
:1019200040F48060144988610846806900F4806052
:10193000019000BF00BF00BF0846806940F0100062
:1019400088610846806900F01000019000BF00BF68
:10195000022002900320039002A9084800F0C2F977
:1019600000221146122000F019FC122000F006FCA3
:1019700006B010BD002401400010024000100140DC
:10198000000801400028014070B50446002500BF52
:1019900094F82400012801D1022070BD012084F8B0
:1019A000240000BF2046FEF723FE0546002D7DD112
:1019B000A06A40F60161884340F48070A0623F490C
:1019C0002068884208D13E48006800F4702008B9B9
:1019D000012002E0002000E0012078B1A06A20F49C
:1019E0008010A0622068406800F4806000B3A06AA4
:1019F00020F4005040F48050A06219E0A06A40F446
:101A00008010A0622E49091F2068884203D02B490C
:101A10002068884204D12A48006800F4806000E011
:101A2000002028B1A06A20F4005040F48050A06249
:101A3000A06A00F4805020B1E06A20F00600E06265
:101A400001E00020E06200BF002084F8240000BF15
:101A5000C01E216808602068406840F020002168AE
:101A600048602068806800F46020B0F5602F16D1CF
:101A700012492068884208D11148006800F470209B
:101A800008B9012002E0002000E0012038B1206800
:101A9000806840F4A000216888600CE006E02068BF
:101AA000806840F480102168886004E000BF002056
:101AB00084F8240000BF28466FE70000002801409A
:101AC000042401400146002291F82100022808D098
:101AD0000420886300BF002081F8200000BF01209F
:101AE00070470868006820F00E000B6818600868EE
:101AF000006820F001000B68186091F84030012068
:101B00009840CB6B5860012081F8210000BF002075
:101B100081F8200000BF1046E2E7000070B50446DF
:101B2000002594F82100022803D00420A063012599
:101B3000C1E02068006820F00E002168086020687D
:101B4000006820F00100216808605C492068884234
:101B500052D95A4978392068884201D1012047E09A
:101B6000564964392068884201D1102040E0534929
:101B700050392068884201D1801539E04F493C39FD
:101B80002068884201D1801432E04C49283920680D
:101B9000884202D14FF480302AE048491439206845
:101BA000884202D14FF4801022E0444920688842E4
:101BB00001D140041CE042492068884201D1012043
:101BC00016E03F4914312068884201D110200FE00F
:101BD0003B4928312068884201D1801508E0384906
:101BE0003C312068884201D1801401E04FF48030FC
:101BF0003349091F086051E030497839206888422C
:101C000001D1012047E02D4964392068884201D183
:101C1000102040E0294950392068884201D18015C0
:101C200039E026493C392068884201D1801432E0ED
:101C3000224928392068884202D14FF480302AE0B6
:101C40001E4914392068884202D14FF4801022E0E6
:101C50001A492068884201D140041CE018492068D4
:101C6000884201D1012016E01549143120688842CC
:101C700001D110200FE0124928312068884201D19B
:101C8000801508E00E493C312068884201D180145B
:101C900001E04FF48030094980394860012084F820
:101CA000210000BF002084F8200000BF606B10B14D
:101CB0002046616B8847284670BD000080000240C6
:101CC000080402407047000010B50446044800684C
:101CD000204020B1024804602046FFF7F3FF10BD0A
:101CE000140401402DE9F847024600239C467BE19D
:101CF0004FF0010808FA03F4D1F8008008EA040064
:101D0000A0427DD1DFF8F4A2D1F80480A8EB0A0943
:101D1000D0453AD014DCB8F1030F50D009DCB8F14B
:101D2000000F31D0B8F1010F1CD0B8F1020F49D12A
:101D300020E0B8F1110F18D0B8F1120F42D11EE017
:101D4000B9F5881F25D006DCB9F5803F20D0B9F55C
:101D5000801F37D11AE0B9F5001F18D0B9F5041F5C
:101D600030D117E0D1F80CC02DE0D1F80C8008F18B
:101D7000040C28E0D1F80C8008F1080C23E0D1F81D
:101D80000C8008F10C0C1EE000BF00BF00BF00BFBC
:101D900000BF00BFD1F80880B8F1000F02D14FF0AA
:101DA000040C0BE0D1F80880B8F1010F03D14FF01B
:101DB000080C146102E04FF0080C546103E04FF08E
:101DC000000C00E000BF00BFFF2801D8904601E0F2
:101DD00002F104084646FF2802D84FEA830803E0D0
:101DE000A3F108084FEA88084746D6F800804FF06C
:101DF0000F0909FA07F928EA09080CFA07F900E0BF
:101E00007AE048EA0908C6F80080D1F8048008F0B2
:101E10008058B8F1805F6FD100BFDFF8E481D8F857
:101E2000188048F00108DFF8D891C9F81880C84632
:101E3000D8F8188008F00108CDF8008000BF00BF76
:101E40004FEAB9384FEA930958F829504FEA837896
:101E50004FEA18794FF00F0808FA09F825EA080543
:101E6000DFF8A081424502D14FF0000824E0DFF8FE
:101E70009881424502D14FF001081DE0DFF88C81C6
:101E8000424502D14FF0020816E0DFF88481424556
:101E900002D14FF003080FE0DFF87881424502D10C
:101EA0004FF0040808E0DFF87081424502D14FF09E
:101EB000050801E04FF006084FEA83794FEA1979E7
:101EC00008FA09F848EA0505DFF850814FEA930956
:101ED00048F82950D1F8048008F48038B8F5803FDC
:101EE0000BD1DFF83C81D8F8008048EA0008DFF821
:101EF0003091C9F800800AE075E0DFF82481D8F855
:101F0000008028EA0008DFF81891C9F80080D1F8AD
:101F1000048008F40038B8F5003F0ED1DFF80081E6
:101F200008F10408D8F8008048EA0008DFF8F090CB
:101F300009F10409C9F800800DE0DFF8E48008F138
:101F40000408D8F8008028EA0008DFF8D49009F1E6
:101F50000409C9F80080D1F8048008F48018B8F5A5
:101F6000801F0ED1DFF8B88008F10808D8F800808B
:101F700048EA0008DFF8A89009F10809C9F80080CC
:101F80000DE0DFF89C8008F10808D8F8008028EA06
:101F90000008DFF88C9009F10809C9F80080D1F831
:101FA000048008F40018B8F5001F0ED1DFF8708027
:101FB00008F10C08D8F8008048EA0008DFF86090C3
:101FC00009F10C09C9F800800DE0DFF8548008F130
:101FD0000C08D8F8008028EA0008DFF8449009F1DE
:101FE0000C09C9F800805B1CD1F8008028FA03F8BE
:101FF000B8F1000F7FF47CAEBDE8F8870000111047
:102000000010024000080140000C01400010014097
:102010000014014000180140001C0140080001406C
:102020000004014010B5C26821EA020302EA01047B
:1020300043EA0443036110BD0AB1016101E00B04EE
:1020400003617047014800687047000030000020BD
:10205000034800680349097808440149086070474B
:10206000300000203800002010B50848006840F01B
:10207000100006490860032000F0CEF8032000F0AD
:1020800007F800F02BF8002010BD000000200240EF
:1020900070B504460E4800784FF47A71B1FBF0F049
:1020A0000C490968B1FBF0F5284600F063FD08B162
:1020B000012070BD102C07D200222146501E00F0D6
:1020C0006DF80548046001E00120F2E70020F0E728
:1020D000380000203C0000203400002008B500BF7C
:1020E0001348806940F00100114988610846806901
:1020F00000F00100009000BF00BF00BF0846C069AB
:1021000040F08050C8610846C06900F080500090DF
:1021100000BF00BF052000F07FF800BF05494868F8
:1021200020F0E06040F00070486000BF08BD000093
:10213000001002400000014010B50146084600288A
:1021400017DB00F01F0301229A400B4B440943F8B0
:10215000242000BF00BF00BFBFF34F8F00BF00BFF0
:1021600000BF00BF00BF00BFBFF36F8F00BF00BF45
:1021700000BF00BF10BD000080E100E0014608463E
:10218000002809DB00F01F0301229A4043099B004D
:1021900003F1E023C3F8002100BF70472DE9F05F91
:1021A00080460D461646002706F0F0FE07463946E3
:1021B0002A46334601F00700C0F1070ABAF1040FBE
:1021C00002D94FF0040A01E0C0F1070AD14600F13C
:1021D000040ABAF1070F02D24FF0000A01E0A0F1A1
:1021E000030AD4464FF0010A0AFA09FAAAF1010AD1
:1021F0000AEA020A0AFA0CFA4FF0010B0BFA0CFB7E
:10220000ABF1010B0BEA030B4AEA0B0421464046F3
:1022100006F0C4FEBDE8F09F00BF00F00702064BC9
:1022200019684FF6FF031940044B0B4343EA0221A0
:10223000014B196000BF70470CED00E00000FA058B
:102240002DE9F04385B0064642A30FCB01AC0FC485
:1022500044A0006800904FF00008002500270024EB
:10226000A146042E36D004DC012E3BD0022E6BD1C9
:102270005FE0082E32D0102E66D13B4844680068DB
:1022800000F0807000B301A8C4F38341475C04F4FC
:10229000803070B134484068C0F340401DF8008081
:1022A00004F4803040B13148B0FBF8F000FB07F592
:1022B00002E02F4807FB00F52B48406800F480003F
:1022C000B0F5800F01D1A94603E068000321B0FBFF
:1022D000F1F93AE000F0D2F9814636E000F0CEF9AB
:1022E000814632E02048046A04F44070B0F5807FF3
:1022F00005D104F0020010B14FF4004918E004F4D5
:102300004070B0F5007F07D11748406A00F0020026
:1023100010B149F640490BE004F44070B0F5407F3D
:1023200006D11148006800F4003008B14FF224498A
:102330000BE000F093F90C494968C1F38131491C65
:102340004900B0FBF1F900E000BF00BF484605B00E
:10235000BDE8F08302030405060708090A0B0C0D0B
:102360000E0F1010010200000010024000127A004F
:1023700000093D00F8B5044600260025207800F04D
:10238000010000286BD000274348C06900F080504E
:1023900070B900BF4048C06940F080503E49C861F4
:1023A0000846C06900F08050009000BF00BF0127C0
:1023B0003A48006800F48070B0B93848006840F4CA
:1023C000807036490860FFF73DFE064606E0FFF7DD
:1023D00039FE801B642801D90320F8BD2F4800680E
:1023E00000F480700028F2D02B48006A00F4407599
:1023F0002DB3A08800F44070A84220D02648006A7F
:1024000020F4407501202649086000200860224819
:10241000056205F0010090B1FFF714FE064608E0E2
:10242000FFF710FE801B41F28831884201D903205A
:10243000D3E71948006A00F002000028F0D01648DF
:10244000006A20F440706168084313490862012F54
:1024500004D10846C06920F08050C86100BF2078D0
:1024600000F00200022807D10B48406820F44040E9
:10247000A168084308494860207800F0100010283F
:1024800007D10548406820F480006169084302498B
:1024900048600020A1E700000010024000700040EA
:1024A0004004424270B504460D460CB9012070BD8F
:1024B0005A48006800F00700A8420ED2574800684A
:1024C00020F007002843554908600846006800F0DE
:1024D0000700A84201D00120E9E7207800F00200BF
:1024E00002281DD1207800F00400042805D14C48B2
:1024F000406840F4E0604A494860207800F00800F5
:10250000082805D14648406840F460504449486076
:102510004348406820F0F000A16808434049486003
:10252000207800F0010078B36068012806D13C48AB
:10253000006800F4003090B90120B8E76068022814
:1025400006D13748006800F0007040B90120AEE7BE
:102550003348006800F0020008B90120A7E73048BE
:10256000406820F00300616808432D494860FFF788
:1025700069FD064609E0FFF765FD801B41F28831E1
:10258000884202D9032092E707E02548406800F01E
:102590000C006168B0EB810FEDD12048006800F0BD
:1025A0000700A8420ED91D48006820F00700284304
:1025B0001A4908600846006800F00700A84201D0E8
:1025C000012074E7207800F00400042807D11448A3
:1025D000406820F4E060E1680843114948602078D1
:1025E00000F00800082808D10D48406820F4605029
:1025F000216940EAC1000A49486000F03FF80849F3
:102600004968C1F30311074A515CC8400649086094
:1026100006480068FFF73CFD002048E70020024024
:1026200000100240CAC600083C0000203400002010
:1026300001480068704700003C00002000B5FFF72B
:10264000F7FF04494968C1F30221034A515CC840BD
:1026500000BD000000100240DAC6000800B5FFF718
:10266000E7FF04494968C1F3C221034A515CC840ED
:1026700000BD000000100240DAC60008F0B585B0C9
:102680000FF26C0C9CE8E01001A8A0E8E0101CA57B
:102690002D68009500210022002300240020194D00
:1026A000696801F00C05F5B1042D02D0082D19D18F
:1026B00001E0154819E001ADC1F38346AC5D01F4BA
:1026C000803555B10F4D6D68C5F340451DF80520A7
:1026D0000D4D6543B5FBF2F302E00C4D04FB05F331
:1026E000184602E000BF084800BF00BF05B0F0BDBB
:1026F00002030405060708090A0B0C0D0E0F101043
:10270000010200000010024000127A0000093D00A2
:10271000F8B504460CB90120F8BD207800F001009E
:10272000002878D0F848406800F00C0004280CD04D
:10273000F548406800F00C00082811D1F2484068C4
:1027400000F48030B0F5803F0AD1EF48006800F413
:10275000003000285FD0606800285CD10120DBE7F2
:1027600000BF6068B0F5803F06D1E748006840F4DC
:102770008030E549086028E0606858B9E2480068A0
:1027800020F48030E04908600846006820F480208A
:1027900008601AE06068B0F5A02F0BD1DA48006835
:1027A00040F48020D84908600846006840F4803032
:1027B00008600AE0D448006820F48030D2490860FC
:1027C0000846006820F48020086000BF606888B177
:1027D000FFF738FC054606E0FFF734FC401B642891
:1027E00001D9032098E7C848006800F400300028A9
:1027F000F2D010E0FFF726FC054606E0FFF722FCCA
:10280000401B642801D9032086E7BF48006800F414
:1028100000300028F2D1207800F00200022857D1C1
:10282000B948406800F00C0050B1B748406800F06B
:102830000C00082818D1B448406800F4803098B9DA
:10284000B148006800F0020020B12069012801D0E1
:10285000012061E7AC48006820F0F800616940EAB7
:10286000C100A949086033E02069E8B10120A74907
:102870000860FFF7E7FB054606E0FFF7E3FB401BB8
:10288000022801D9032047E79F48006800F00200B2
:102890000028F2D09C48006820F0F800616940EA06
:1028A000C1009949086013E0002098490860FFF7CB
:1028B000C9FB054606E0FFF7C5FB401B022801D90E
:1028C000032029E79048006800F002000028F2D1B8
:1028D000207800F0080008282DD1A069B8B10120A7
:1028E0008B490860FFF7AEFB054606E0FFF7AAFB41
:1028F000401B022801D903200EE78348406A00F0FC
:1029000002000028F2D0012003F0CEFD13E00020E9
:102910007F490860FFF796FB054606E0FFF792FB4C
:10292000401B022801D90320F6E67748406A00F0F0
:1029300002000028F2D1207800F00400042873D1AE
:1029400000277148C06900F0805070B900BF6E4820
:10295000C06940F080506C49C8610846C06900F009
:102960008050009000BF00BF01276A48006800F453
:102970008070B0B96748006840F4807065490860AD
:10298000FFF760FB054606E0FFF75CFB401B642891
:1029900001D90320C0E65F48006800F48070002879
:1029A000F2D000BFE068012806D15748006A40F025
:1029B00001005549086227E0E06858B95248006AAA
:1029C00020F00100504908620846006A20F0040027
:1029D000086219E0E06805280BD14B48006A40F016
:1029E0000400494908620846006A40F00100086294
:1029F0000AE04548006A20F00100434908620846A1
:102A0000006A20F00400086200BFE068A0B1FFF790
:102A100019FB054609E0FFF715FB401B41F2883121
:102A2000884202D9032077E622E03748006A00F0A6
:102A300002000028EFD012E0FFF704FB054608E093
:102A4000FFF700FB401B41F28831884201D9032087
:102A500062E62D48006A00F002000028F0D1012F44
:102A600005D12948C06920F080502749C86100BFBE
:102A7000E069C8B32448406800F00C00082860D022
:102A8000E069022848D1002020490866FFF7DAFAF9
:102A9000054606E0FFF7D6FA401B022801D90320BD
:102AA0003AE61948006800F000700028F2D1206A68
:102AB000B0F5803F07D11448406820F40030A16889
:102AC000084311494860D4E9080108430E494968A0
:102AD00021F4741108430C49486001200B49086631
:102AE000FFF7B0FA054607E03DE0FFF7ABFA401B01
:102AF000022801D903200FE60348006800F00070A7
:102B00000028F2D02FE000000010024000004242F6
:102B10008004424200700040002014490866FFF71C
:102B200091FA054606E0FFF78DFA401B022801D90D
:102B30000320F1E50E48006800F000700028F2D193
:102B400011E0E069012800D1E6E50948466806F48D
:102B50008031206A814204D106F47011606A81429A
:102B600001D00120D8E50020D6E500000000424257
:102B70000010024070B504462546681EB0F1807F03
:102B800001D301200FE0681E4FF0E02148610F21C2
:102B90004FF0FF3006F002FA00204FF0E02188618C
:102BA00007200861002070BD7047704710B50346CC
:102BB000002200BF93F83C00012801D1022010BD83
:102BC000012083F83C0000BF22F0FF00CC6840EAFF
:102BD000040222F440708C6840EA040222F480600F
:102BE0004C6840EA040222F400600C6840EA0402E7
:102BF00022F480500C6940EA040222F400504C692F
:102C000040EA040222F48040CC6940EA04021868D9
:102C1000426400BF002083F83C0000BF00BFCEE745
:102C200030B502460B4600BF92F83C00012801D1A6
:102C3000022030BD012082F83C0000BF022082F853
:102C40003D00106844681068816824F070041868BA
:102C5000044310684460144D1068A84213D0134D0B
:102C60001068A8420FD01068B0F1804F0BD0104D03
:102C70001068A84207D00F4D1068A84203D00E4D2F
:102C80001068A84205D121F08001586801431068FE
:102C90008160012082F83D0000BF002082F83C00E6
:102CA00000BF00BFC5E70000002C01400034014018
:102CB0000004004000080040000C004010B504462D
:102CC0000CB9012010BD94F83D0028B9002084F80B
:102CD0003C00204600F026F8022084F83D00211D2B
:102CE000206805F0E7FC012084F8460000BF84F866
:102CF0003E0001213F200155402001554120015552
:102D000000BF00BF012084F8420043200155442049
:102D100001554520015500BF012084F83D000020E9
:102D2000D0E7000010B586B0044600200290039062
:102D30000490059026492068884216D100BF254896
:102D4000C06940F008002349C8610846C06900F026
:102D50000800019000BF00BF012202213220FFF7CE
:102D60001DFA3220FFF70AFA2FE02068B0F1804FF9
:102D70002BD100BF1748C06940F001001549C86158
:102D80000846C06900F00100019000BF00BF00BF0D
:102D90000846806940F0040088610846806900F0B8
:102DA0000400019000BF00BF0C200290002003909F
:102DB000049002A90848FEF795FF022201211C2079
:102DC000FFF7ECF91C20FFF7D9F906B010BD0000A1
:102DD000000C00400010024000080140014691F83C
:102DE0003D00012801D001207047022081F83D00FC
:102DF0000868C06840F001000B68D860164B08688E
:102E0000984213D0154B086898420FD00868B0F16B
:102E1000804F0BD0124B0868984207D0114B0868BE
:102E2000984203D0104B086898420CD1086880681B
:102E300000F00702062A0CD00868006840F0010084
:102E40000B68186005E00868006840F001000B6836
:102E500018600020C8E70000002C01400034014049
:102E60000004004000080040000C00402DE9F04143
:102E700004460D4600BF94F83C00012802D1022010
:102E8000BDE8F081012084F83C0000BF022084F8F6
:102E90003D002068866826F0770626F47F46206885
:102EA00086602868502833D00CDC202850D004DC01
:102EB00000284BD0102851D149E0302849D0402873
:102EC0004CD139E060282DD0702807D0B0F5805F54
:102ED00003D0B0F5005F41D10DE040E0D5E9021329
:102EE0006A68206805F045FC2068866846F0770629
:102EF0002068866033E0D5E902136A68206805F02F
:102F000038FC2068806840F480402168886026E0B2
:102F1000EA686968206805F01DFD5021206805F009
:102F200033FC1CE0EA686968206805F065FD6021F3
:102F3000206805F029FC12E0EA686968206805F05D
:102F400009FD4021206805F01FFC08E000BF00BF1C
:102F500000BF2968206805F017FC00E000BF00BF33
:102F6000012084F83D0000BF002084F83C0000BF31
:102F700000BF85E72DE9F04104460D4614B9012054
:102F8000BDE8F08194F83D0028B9002084F83C00A9
:102F9000204600F051F8022084F83D002068806847
:102FA00044F20701884321688860211D206805F0EC
:102FB00081FB2068D0F80880206886692068076A4D
:102FC000286840EA080840F203308643A969A868E7
:102FD00040EA0120064340F60C4086434FF2F000E1
:102FE0008643E969E86840EA012006432869000150
:102FF000296A40EA0130064327F0220769696868B8
:1030000040EA011007432068C0F808802068866104
:1030100020680762012084F8460084F83E00012100
:103020003F200155012084F8420043200155012032
:1030300084F83D000020A3E710B586B004460020C8
:1030400002900390049005903149206888422CD169
:1030500000BF3048C06940F004002E49C8610846EE
:10306000C06900F00400019000BF00BF00BF084627
:10307000806940F0080088610846806900F0080017
:10308000019000BF00BFC020029000200390049078
:1030900002A92148FEF726FE032201211E20FFF788
:1030A0007DF81E20FFF76AF82FE01C49206888424F
:1030B0002BD100BF1748806940F400501549886142
:1030C0000846806900F40050019000BF00BF00BFB7
:1030D0000846806940F0100088610846806900F069
:1030E0001000019000BF00BFC0200290002003909C
:1030F000049002A90A48FEF7F5FD032201212C20C5
:10310000FFF74CF82C20FFF739F806B010BD00008F
:103110000008004000100240000C01400034014053
:10312000001001402DE9F04304460D4694F83E603E
:103130003F20075D94F84280432010F804906DB959
:10314000012E02D1B8F1010F02D00120BDE8F083B9
:10315000022084F83E0084F8420025E0042D0CD1C2
:10316000012F02D1B9F1010F01D00120EEE70221B8
:103170003F2001554320015516E0012E07D1012FB4
:1031800005D1B8F1010F02D1B9F1010F01D0012031
:10319000DCE7022084F83E0002213F200155022096
:1031A00084F842004320015515B1042D0CD105E0EF
:1031B00001220021206805F0CBFA10E00122042151
:1031C000206805F0C5FA0AE001220021206805F018
:1031D000BFFA01220421206805F0BAFA00BF00BF3F
:1031E0002068006840F00100216808600020ADE719
:1031F00010B504466E480068B0F5C86F0CDD6D4828
:10320000007848B901206B49087000206A490870AD
:103210006A4908706A4908706A4884427ED1207FF2
:1032200004285FD168484078D8B90821654800F083
:103230001DFD6549486000BF62480068006A20F4CF
:1032400000706049096808625E480068006A40F4DE
:1032500000705C490968086200BF01205A49487043
:1032600040E00821574800F001FD57494968401ADD
:103270004F4908600968554A1268881A002801DB1E
:10328000014600E04142B1F5FA7F11DD5048007877
:10329000401C4F49087008460078052804DC4B485C
:1032A00000684349086006E000204949087002E0D0
:1032B0000020474908703E4800684449086000BF44
:1032C00040480068006A20F400703E4909680862BE
:1032D0003C480068006A3B490968086200BF00205A
:1032E00039494870207F082861D13A484078E8B9C8
:1032F0000C21344800F0BAFC3649486000BF314820
:103300000068006A20F400502E49096808622D48C0
:103310000068006A40F400502A4900E047E009686C
:10332000086200BF01202B49487040E00C2125486D
:1033300000F09CFC27494968401A27490860096841
:10334000264A1268881A002801DB014600E0414243
:10335000B1F5FA7F11DD22480078401C2049087041
:1033600008460078052804DC1C4800681A490860F3
:1033700006E000201A49087002E000201849087091
:10338000154800681549086000BF0E480068006ACB
:1033900020F400500B49096808620A480068006A76
:1033A00008490968086200BF00200A49487010BD3A
:1033B000EC0000200A000020080000200700002088
:1033C0000900002058040020780C0020F4000020A0
:1033D000020100206C0C0020E8000020F00000201A
:1033E000030100202DE9F04104460D46164600BFBA
:1033F00094F83C00012802D10220BDE8F0810120B0
:1034000084F83C0000BF96B9EB68D5E9001220684B
:1034100005F0B4FA2068806920F00C00216888610A
:1034200020688069A9680843216888613DE0042E0E
:1034300013D1EB68D5E90012206805F0F1FA206895
:10344000806920F440602168886120688069A968EB
:1034500040EA01202168886127E0082E12D1EB683C
:10346000D5E90012206805F0F8FA2068C06920F05C
:103470000C002168C8612068C069A96808432168F8
:10348000C86112E0EB68D5E90012206805F001FB85
:103490002068C06920F440602168C8612068C06964
:1034A000A96840EA01202168C86100BF002084F8B3
:1034B0003C0000BF00BFA0E710B504460CB90120D6
:1034C00010BD94F83D0028B9002084F83C00204647
:1034D00000F025F8022084F83D00211D206805F049
:1034E000E9F8012084F8460000BF84F83E0001217D
:1034F0003F200155402001554120015500BF00BF2C
:10350000012084F842004320015544200155452004
:10351000015500BF012084F83D000020D0E770472E
:103520002DE9F04104460D4615B994F83E000BE034
:10353000042D02D13F20005D06E0082D02D140207D
:10354000005D01E04120005D074615B994F8420096
:103550000BE0042D02D14320005D06E0082D02D1CE
:103560004420005D01E04520005D8046012F02D12E
:10357000B8F1010F02D00120BDE8F0811DB9022091
:1035800084F83E000EE0042D03D102213F200155B6
:1035900008E0082D03D102214020015502E002215C
:1035A000412001551DB9022084F842000EE0042D8F
:1035B00003D102214320015508E0082D03D1022147
:1035C0004420015502E002214520015535B1042D6A
:1035D0000BD0082D10D00C2D1CD114E02068C06831
:1035E00040F002002168C86015E02068C06840F023
:1035F00004002168C8600EE02068C06840F0080040
:103600002168C86007E02068C06840F010002168A9
:10361000C86000E000BF00BF01222946206805F015
:1036200097F816492068884213D0154920688842C7
:103630000FD02068B0F1804F0BD01249206888422B
:1036400007D011492068884203D010492068884279
:103650000CD12068806800F00706062E0CD0206888
:10366000006840F001002168086005E020680068FB
:1036700040F001002168086000207DE7002C014037
:10368000003401400004004000080040000C0040ED
:1036900010B5044620680069C0F34000D8B1206826
:1036A000C068C0F34000B0B16FF00200216808614B
:1036B000012020772068806900F0030018B12046BF
:1036C000FFF796FD05E0204600F012F9204600F0D5
:1036D000EDF90020207720680069C0F38000D8B1A0
:1036E0002068C068C0F38000B0B16FF004002168AA
:1036F0000861022020772068806900F4407018B1CA
:103700002046FFF775FD05E0204600F0F1F8204661
:1037100000F0CCF90020207720680069C0F3C000D9
:10372000D8B12068C068C0F3C000B0B16FF0080025
:1037300021680861042020772068C06900F0030038
:1037400018B12046FFF754FD05E0204600F0D0F800
:10375000204600F0ABF90020207720680069C0F314
:103760000010D8B12068C068C0F30010B0B16FF08D
:10377000100021680861082020772068C06900F4E3
:10378000407018B12046FFF733FD05E0204600F0F9
:10379000AFF8204600F08AF9002020772068006901
:1037A00000F0010058B12068C06800F0010030B19D
:1037B0006FF0010021680861204600F0F3F92068ED
:1037C0000069C0F3C01058B12068C068C0F3C010D1
:1037D00030B16FF08000216808612046FFF7E4F9FE
:1037E00020680069C0F3801058B12068C068C0F339
:1037F000801030B16FF0400021680861204600F071
:103800004EFA20680069C0F3401058B12068C068C3
:10381000C0F3401030B16FF02000216808612046ED
:10382000FFF7C3F910BD000010B586B004460020B4
:10383000029003900490059028492068884218D18E
:1038400000BF2748806940F0040025498861084688
:10385000806900F00400019000BF00BF881502904D
:10386000022003900320059002A91E48FEF73AFAB1
:1038700032E01D49206888422ED100BF1848806977
:1038800040F00400164988610846806900F0040091
:10389000019000BF00BF00BF0846806940F00800EB
:1038A00088610846806900F00800019000BF00BFF1
:1038B000C0200290022003900320059002A909482D
:1038C000FEF710FA032002900220039003200590D7
:1038D00002A90648FEF706FA06B010BD002C01400A
:1038E000001002400008014000040040000C0140AC
:1038F000704770B504460D46164600BF94F83C006C
:10390000012801D1022070BD012084F83C0000BFD5
:1039100036B1042E1BD0082E31D00C2E5ED145E0DE
:103920002946206804F03AFF2068806940F00800CA
:10393000216888612068806920F00400216888611E
:1039400020688069296908432168886147E0294621
:10395000206804F05BFF2068806940F40060216803
:1039600088612068806920F480602168886120680F
:103970008069296940EA0120216888612FE0294691
:10398000206804F081FF2068C06940F008002168C9
:10399000C8612068C06920F004002168C8612068FF
:1039A000C069296908432168C86118E02946206870
:1039B00004F0A6FF2068C06940F400602168C86177
:1039C0002068C06920F480602168C8612068C069EF
:1039D000296940EA01202168C86100E000BF00BFFA
:1039E00000BF002084F83C0000BF00BF8BE710B58B
:1039F00004460CB9012010BD94F83D0028B9002000
:103A000084F83C00204600F025F8022084F83D00B0
:103A1000211D206804F04EFE012084F8460000BFFE
:103A200084F83E0001213F200155402001554120EE
:103A3000015500BF00BF012084F84200432001551A
:103A4000442001554520015500BF012084F83D0068
:103A50000020D0E708B5124A016891420DD100BF9D
:103A60001049896941F400610E4A916111468969E2
:103A700001F40061009100BF11E00B4A016891421E
:103A80000DD100BF0749C96941F00201054AD16162
:103A90001146C96901F00201009100BF00BF08BDD5
:103AA000002C01400010024000040040704700005C
:103AB00070B504460D4615B994F83E000BE0042D90
:103AC00002D13F20005D06E0082D02D14020005DBC
:103AD00001E04120005D012801D0012070BD1DB929
:103AE000022084F83E000EE0042D03D102213F2085
:103AF000015508E0082D03D102214020015502E0C4
:103B000002214120015501222946206804F020FEAF
:103B10001F492068884203D01E492068884201D18D
:103B2000012000E0002028B12068406C40F40040F3
:103B30002168486416492068884213D015492068D6
:103B400088420FD02068B0F1804F0BD01249206816
:103B5000884207D011492068884203D01049206864
:103B600088420CD12068806800F00706062E0CD031
:103B70002068006840F001002168086005E02068C6
:103B8000006840F00100216808600020A6E70000FE
:103B9000002C0140003401400004004000080040B7
:103BA000000C00402DE9F04104462748844248D1EA
:103BB000FDF738FB25480078A8B125480078401C5F
:103BC000C0B2234908700A2804D1002008701F4998
:103BD000087008E01E4800780A2804DD00201C490F
:103BE00008701A4908701B480078092802D104F0AF
:103BF00093F801E001F038FC1748016817480068A5
:103C0000FDF75EF904F064FF10B9FDF717F908E05D
:103C10000020134948601349486040F2DC501249C3
:103C200008601049486808F0BFFA07460C48406829
:103C300080F00046304608F0B7FA0546394602F0F3
:103C4000A9FDBDE8F0810000300500200100002042
:103C5000000000205C0000204800002044000020FC
:103C6000B80A0020C80A0020600000200246002098
:103C700031B1042907D0082908D00C290CD108E05B
:103C80001368586B09E01368986B06E01368D86BEB
:103C900003E01368186C00E000BF00BF7047704776
:103CA000704770472DE9F84F044620680568206882
:103CB000C668206847694FF00009CA4605F00F0939
:103CC000B9F1000F0AD105F0200038B106F020004C
:103CD00020B1204604F07FFFBDE8F88FB9F1000F56
:103CE00071D007F0010018B906F4907000286AD06E
:103CF00005F0010030B106F4807018B1206C40F07E
:103D00000100206405F0040030B107F0010018B193
:103D1000206C40F00200206405F0020030B107F092
:103D2000010018B1206C40F00400206405F0080088
:103D300048B106F0200010B907F0010018B1206C5E
:103D400040F008002064206C68B305F0200028B122
:103D500006F0200010B1204604F03DFF20684069C5
:103D6000C0F3801A206C00F0080010B9BAF1000FFF
:103D700022D0204604F004FF2068406900F0400093
:103D8000B0B12068406920F0400021684861A06B14
:103D900050B15648A16B4863A06BFDF7BFFE10B150
:103DA000A06B416B88470CE02046FFF77AFF08E0E4
:103DB0002046FFF776FF04E02046FFF772FF002061
:103DC000206489E7FFE7206B012878D105F0100017
:103DD000002874D006F01000002870D000BF00202A
:103DE000009020680068009020684068009000BF44
:103DF00000BF2068406900F04000C0B3A06B0068BD
:103E000040681FFA80F8B8F1000F2FD0A08D404510
:103E10002CDDA4F82E80A06B806920281FD020689C
:103E2000C06820F480702168C8602068406920F074
:103E30000100216848612068406920F04000216845
:103E40004861202084F83E00002020632068C0687C
:103E500020F010002168C860A06BFDF733FEA08D34
:103E6000E28D801A81B22046FFF71AFF34E7FFE7A0
:103E7000A08DE18D401A1FFA80F8E08DE8B1B8F10D
:103E8000000F1AD02068C06820F490702168C860C4
:103E90002068406920F0010021684861202084F8F2
:103EA0003E00002020632068C06820F010002168D8
:103EB000C86041462046FFF7F3FE0DE7FFE705F037
:103EC000800030B106F0800018B1204604F097FF62
:103ED00002E705F0400030B106F0400018B120467E
:103EE00004F069FEF8E600BFF6E600006D8B0008FE
:103EF00010B504460CB9012010BDA06900B100E066
:103F000000BF94F83D0028B9002084F83C0020460A
:103F100000F028F8242084F83D002068C06820F4D0
:103F200000502168C860204604F0C8FE206800697F
:103F300020F49040216808612068406920F02A0040
:103F4000216848612068C06840F400502168C8605A
:103F500000202064202084F83D0084F83E000020EA
:103F6000CAE7000010B586B0044600200290039016
:103F70000490059060492068884243D100BF5F48A3
:103F8000C06940F480105D49C8610846C06900F40A
:103F90008010019000BF00BF00BF0846806940F05C
:103FA000100088610846806900F01000019000BF91
:103FB00000BF00BF0846806940F0200088610846C5
:103FC000806900F02000019000BF00BF88140290BB
:103FD000022003900320059002A94948FDF782FEC4
:103FE0000420029000200390049002A94548FDF7A8
:103FF00079FE012211463520FEF7D0F83520FEF774
:10400000BDF876E040492068884237D100BF3B4880
:10401000806940F48040394988610846806900F42D
:104020008040019000BF00BF00BF0846806940F09B
:10403000040088610846806900F00400019000BF18
:1040400000BF48150290022003900320059002A9AA
:104050002E48FDF747FE4FF4806002900020039049
:10406000049002A92948FDF73DFE012211462520B2
:10407000FEF794F82520FEF781F83AE024492068FD
:10408000884236D100BF1D48C06940F480201B49DA
:10409000C8610846C06900F48020019000BF00BFDD
:1040A00000BF0846806940F00800886108468069C2
:1040B00000F00800019000BF00BF08150290022028
:1040C00003900320059002A91248FDF70BFE4FF460
:1040D0000060029000200390049002A90D48FDF7B3
:1040E00001FE012211462720FEF758F82720FEF78F
:1040F00045F806B010BD000000500040001002401E
:104100000010014000140140003801400008014047
:1041100000480040000C014070B504460D461646AC
:1041200094F83E00202816D105B10EB9012070BDCB
:1041300000BF94F83C00012801D10220F7E70120DC
:1041400084F83C0000BF0020206332462946204608
:1041500004F032FEEBE70220E9E700002DE9F0472A
:1041600086B08246FE48824558D1FE480478012038
:10417000FD4908700020FD490870FD490870FD499F
:104180000870FD48FD49097844547B2C03D0FB4856
:104190000078002805DDF9480078401CF7490870D0
:1041A00002E00020F5490870F44800780B282FD170
:1041B0000020F2490870F048807A7D2828D100213B
:1041C0000920FCF78DFBEC49497A884220D1EA4A64
:1041D0001179D07804F0AEFEE9490860E64A117A18
:1041E000D07904F0A7FE0546E6480078012807D1FB
:1041F0002946E348006804F045FEE349086006E00C
:10420000DD4A117AD07904F095FEDF49086000BFDD
:104210000122D449D248FFF77FFF00BFDB48824527
:104220007DD1DB480078DB490860D048007848BB86
:1042300008460068412821D1D7480068401CD6496B
:104240000860052815D1002008600120C7490870C2
:104250000020C7490870C7490870C3490870CF4893
:10426000CF490860C7480078012803D1CD48CE491E
:10427000086021E1CD48CC4908601DE10020C64915
:10428000086019E1C3480068412809DBC14800689B
:10429000482805DCBF4800784038C54908707EE0F2
:1042A000BC4800685A2803D10020C149087076E054
:1042B000B84800680A2804DCB6480078BC49087091
:1042C0006DE0B448006859282AD1BA49B44800685A
:1042D00008F00EF9B24904460860B74907F0CCFF70
:1042E00002D2B548AE490860A6480078012856D0E9
:1042F000AD48006807F0C8FD0646B04AB04B07F06D
:10430000D9FC044606F098FFA74980460860AD49ED
:1043100007F0B2FF43D2AB48A34908603FE0D1E0C9
:104320009C48006858282BD1A2499D48006807F096
:10433000D7FD9B4904460860A34908F09DF802D2C6
:10434000A148974908608F480078012827D09648EF
:10435000006807F099FD0646984A994B06F09EFFC3
:10436000044606F069FF9049804608604FF07E5190
:1043700008F082F813D24FF07E508B4908600EE0AF
:10438000844800687B2803D101209049087006E02A
:10439000804800687D2802D102208C4908708B4833
:1043A000007801280AD17B4800788949894A127827
:1043B000885488480078401C8649087083480078F3
:1043C000022879D18248C078502803D1012082493F
:1043D000087064E07E484078232860D07D480078EB
:1043E0007E49087035E07B4909787C4A1278881A42
:1043F00007F0D3F9804642460B460020784906F084
:10440000B7F906460F4675490978491E704A515C4E
:10441000A1F1300007F0C1F932463B46CDE9000179
:1044200007F022FA04460D466E48006807F02CFD9E
:1044300022462B46CDE9020106F030FFCDE904010A
:1044400006F0FAFE6749086064480078401E634938
:104450000870624800780428C5DA5D484078303832
:1044600009281AD2DFE800F0050A121314151617EE
:1044700018005C4800684A4908600FE05A495948EA
:10448000006807F09BFD5949086007E006E005E079
:1044900004E003E002E001E000E000BF00BF002014
:1044A0004A4908704B4908704C4908704D490860EA
:1044B00032214748FBF76EFF012235493348FFF7A9
:1044C0002BFECBE14A488245FBD14A4804784A4852
:1044D0000078052842DD484800782A283FDA464817
:1044E0000078032190FBF1F201FB1200A0B94348D0
:1044F000007800EB40014248084404803E480078C0
:10450000401C3D4908703F4800786040C0B23E49B9
:10451000085C3C4908709BE137480078032190FB18
:10452000F1F201FB1200012878D13448007800EB49
:10453000400133480844008800EB042081B22F4832
:10454000007800EB40022E48104401802A48007891
:10455000401C294908702B48007858E0ECE077E0CF
:1045600004060020CC0000200900002008000020E4
:10457000070000200A000020E80B0020D1000020E6
:10458000440000200B0000204800002048060020C6
:10459000CD000020D8000020D40000200000AF4350
:1045A000540000207CD9203F58000020DB0F493FF9
:1045B000D00000200000C841000052439A99999908
:1045C0009999B93F7CD9203E00004844DC00002086
:1045D000080C0020DD000020CF000020DE000020BD
:1045E00000002440E000002000007A446800002021
:1045F000C0050020CE000020E4000020E6000020DE
:1046000022210020E5000020AADB000806E060402F
:10461000C0B29449085C9449087019E19348007845
:1046200000EB400192480844847090480078401C98
:104630008E4908708F480078401C8E4908708A485F
:1046400000786040C0B28749085C87490870FFE085
:10465000884800782A3805286CD2DFE800F0031477
:104660002A3B51008248801F448582480078401CC4
:10467000804908707C4800786040C0B27949085C85
:104680007949087057E07A48801F408D00EB04207C
:104690007749891F488577480078401C754908701C
:1046A000714800786040C0B26E49085C6E4908707D
:1046B00041E06F48801F84856E480078401C6D493A
:1046C0000870694800786040C0B26649085C664975
:1046D000087030E06648801F808D00EB042064493C
:1046E000891F888563480078401C624908705E48CD
:1046F00000786040C0B25B49085C5B4908701AE012
:104700005B48801F80F82E4090F82E0056490978AB
:10471000884202D105F0E8FA04E02F215448801FB6
:10472000FBF716FE002050490870524908704F49A7
:10473000087000E000BF8BE04E48007806286ED27B
:10474000DFE800F0031C35465C6E542C10D148485D
:10475000801F047047480078401C46490870424852
:1047600000786040C0B23F49085C3F49087004E0EF
:104770000020404908703C49087068E02C2C10D19A
:104780003B48801F44703B480078401C3949087002
:10479000354800786040C0B23249085C3249087040
:1047A00004E00020334908702F4908704FE030487A
:1047B000801F44802F480078401C2E4908702A48EA
:1047C00000786040C0B22749085C274908703EE085
:1047D0002748801F408800EB04202549891F488016
:1047E00024480078401C234908701F480078604026
:1047F000C0B21C49085C1C49087028E01C48801F96
:1048000084801C480078401C1A49087016480078BB
:104810006040C0B21349085C1349087017E015E006
:104820001348801F808800EB04201149891F88806D
:1048300010480078401C0F4908700B480078604011
:10484000C0B20849085C0849087000E000BF00BF1A
:10485000012209490948FFF75FFC00BF06B0BDE827
:10486000F0870000AADB0008E5000020E600002039
:1048700022210020E4000020CE000020C0050020FE
:10488000704700BFFEE770B505460E46002400F0F5
:10489000F9F8284600F0C4F8641C00F04BF93046E3
:1048A00000F0BEF8641C00F045F900F0EBF8691C5C
:1048B000C8B200F0B5F8641C00F03CF9002000F02C
:1048C00077F8044600F012F9204670BD10B50020BC
:1048D0000E4908600E48006820F070400C490860DE
:1048E0000846006840F04050086000200949C1F8BF
:1048F000BC01012003F052FE01200449086003F0CE
:104900004DFE00200349C1F8B80110BDB881214215
:10491000040C01400080214200B585B000200190C8
:1049200002900390049000BF0C48806940F008009A
:104930000A4988610846806900F00800009000BFBD
:1049400000BF4FF4404001900120029003200490EA
:1049500001A90348FDF7C6F905B000BD00100240EB
:10496000000C014010B500200E4908600E48006898
:1049700020F070400C4908600846006840F0405044
:10498000086001200949C1F8BC0103F007FE0120BD
:104990000449086003F002FE00200449C1F8B80190
:1049A00010BD0000B8812142040C0140008021426A
:1049B00070B5054600241748006820F0704015497E
:1049C00008600846006840F000400860002616E0D5
:1049D000002011490860022003F0E0FD01200F498A
:1049E000C1F8B8016006040E0B487C38006808B1B5
:1049F000601CC4B2022003F0D1FD701CC6B2082EA8
:104A0000E6DB15B1FFF762FF01E0FFF7ABFF2046E1
:104A100070BD0000040C0140B88121420080214299
:104A200070B504461448006820F0704012490860D0
:104A30000846006840F04050086000200F490860B8
:104A4000002516E0E0090D49091D08606006040E06
:104A5000012003F0A3FD01200949C1F8B80103F0CA
:104A60009DFD002005490860012003F097FD681CAA
:104A7000C5B2082DE6DB70BD040C0140B8812142AF
:104A80000080214210B51648006820F0704014499B
:104A900008600846006840F0405008600120114955
:104AA00008601148D0F83C0108B9002010BD012071
:104AB0000C49091F086003F071FD00200A49C1F884
:104AC000BC0108488038006808B10020EEE70120EA
:104AD00003F064FD00200349091F08600120E5E799
:104AE000040C0140BC8121420080214210B50E48D7
:104AF000006820F070400C4908600846006840F0EB
:104B0000405008600020094908600949C1F8BC010B
:104B1000012003F043FD0120044908600449C1F865
:104B2000BC0103F03BFD10BD040C0140B8812142E3
:104B30000080214210B500241548006820F0704024
:104B4000134908600846006840F0004008600120F2
:104B50001049086003F022FD01200F49C1F8B80197
:104B600003F01CFD0AE0601CC4B2322C03DDFFF729
:104B7000BDFF002010BD012003F010FD0548803866
:104B800000680028EFD10349091F08600120F1E700
:104B9000040C0140BC8121420080214270B50546D1
:104BA0000E46144631462846FFF76DFE2070012060
:104BB00070BDF8B506460F4614461D466A4639468E
:104BC0003046FFF7EBFF2DB10120A0409DF800100B
:104BD000084305E00120A0409DF8001021EA0000F4
:104BE000C0B200909DF800203946304600F036F8FB
:104BF000F8BD2DE9F8430746884614461D46089E31
:104C00006A4641463846FFF7C9FF28B3601CFF21BA
:104C100001FA00F0C4F108012944491EFF220A41AB
:104C2000104300F0FF09C5F1080006FA00F0C6B213
:104C3000C4F1070006419DF8000000EA0900009059
:104C40009DF80000304300909DF800204146384612
:104C500000F004F8BDE8F8830020FBE737B5044610
:104C60000D4602AB01222946204600F001F83EBD68
:104C70002DE9F04180460D4616461F460024FFF7F9
:104C800001FF4046FFF7CCFEFFF754FF2846FFF731
:104C9000C7FEFFF74FFF00BF06E0385DFFF7C0FE1D
:104CA000FFF748FF601CC4B2B442F6DBFFF71EFFFB
:104CB0000120BDE8F08100002DE9F04704460D46D3
:104CC0002946204607F009FC154908600846016896
:104CD0001448006807F004FB804613480168104838
:104CE000006807F005FC814610480168484607F057
:104CF000F7FA0746414607F0F3F806460C48016804
:104D0000304607F0EDF80A49086005480068064992
:104D100008600748006807F047FABDE8F087000020
:104D200004020020240100200C02002020010020A9
:104D3000080200202DE9F04704460D46294620468A
:104D400007F0CBFB15490860084601681448006865
:104D500007F0C6FA8046134801681048006807F05B
:104D6000C7FB814610480168484607F0B9FA074674
:104D7000414607F0B5F806460C480168304607F092
:104D8000AFF80A4908600548006806490860074806
:104D9000006807F009FABDE8F08700001002002063
:104DA000240100201802002020010020140200200D
:104DB0002DE9F05F05460C46894E8A4F4FF07C582E
:104DC0004FF0010988480168204607F091FB8346AF
:104DD00086480168584607F083FA8246844801688D
:104DE000504607F07DF882490860824841683046A5
:104DF00007F07EFB82467F488168504607F078FBCB
:104E00007D4908607B48C06880F000404860794870
:104E1000C06880F0004088600846C7600868734931
:104E2000096807F05DFA824672480168504607F04B
:104E300057F870490860704948686C49096807F07C
:104E40004FFA82466B484168504607F049F8694975
:104E50004860694988686549096807F041FA8246EF
:104E600064488168504607F03BF8624988606249AF
:104E7000C8685E49096807F033FA82465D48C16830
:104E8000504607F02DF85B49C8605948016828462C
:104E900007F02EFB59490860484607F0D9F98246C9
:104EA00054480168504607F01BFA554908604846C7
:104EB00007F0CEF982464F488168504607F010FA55
:104EC00050490860484607F0C3F983464C480168DA
:104ED000584607F005FA8246414607F001F84A496C
:104EE0000860084601684648006807F067F84749C7
:104EF0000860454801684348006807F05FF8444986
:104F000008603F48006843490860484607F0A0F938
:104F1000824638484168504607F0E2F93E49086049
:104F20003C4801683948006807F0DAF982463148A0
:104F30000168504607F0D1FA2E49086036480168EA
:104F40003248006807F0CCF982462A48416850464A
:104F500007F0C3FA274948602E4801682C480068CA
:104F600007F0BEF9824623488168504607F0B5FA3B
:104F700020498860284801682548006807F0B0F992
:104F800082461C48C168504607F0A7FA1949C86014
:104F90001A4801681D48006807F0A2F982461448C3
:104FA0000168504606F09CFF1149086013480168EB
:104FB0001748006807F094F982460B48016850468C
:104FC00006F08EFF0849086008460168204607F091
:104FD0008FFA1249086006480068BDE8F09F00009B
:104FE0006F12833AA69B443B380300202C03002019
:104FF000340300205C0300209C2100203C0300209F
:105000004003002044030020480300204C030020FC
:1050100050030020540300205803002030030020D8
:105020002DE9F05F05460C46894E8A4F4FF07C58BB
:105030004FF0010988480168204607F059FA834675
:1050400086480168584607F04BF982468448016853
:10505000504606F045FF8249086082484168304664
:1050600007F046FA82467F488168504607F040FACA
:105070007D4908607B48C06880F0004048607948FE
:10508000C06880F0004088600846C76008687349BF
:10509000096807F025F9824672480168504606F013
:1050A0001FFF70490860704948686C49096807F03B
:1050B00017F982466B484168504606F011FF69496E
:1050C0004860694988686549096807F009F98246B6
:1050D00064488168504606F003FF6249886062496F
:1050E000C8685E49096807F0FBF882465D48C168F8
:1050F000504606F0F5FE5B49C860594801682846ED
:1051000007F0F6F959490860484607F0A1F88246C9
:1051100054480168504607F0E3F85549086048468E
:1051200007F096F882464F488168504607F0D8F855
:1051300050490860484607F08BF883464C480168A0
:10514000584607F0CDF88246414606F0C9FE4A4966
:105150000860084601684648006806F02FFF474986
:105160000860454801684348006806F027FF444945
:1051700008603F48006843490860484607F068F8FF
:10518000824638484168504607F0AAF83E49086010
:105190003C4801683948006807F0A2F88246314867
:1051A0000168504607F099F92E49086036480168B1
:1051B0003248006807F094F882462A484168504611
:1051C00007F08BF9274948602E4801682C48006891
:1051D00007F086F8824623488168504607F07DF93B
:1051E00020498860284801682548006807F078F859
:1051F00082461C48C168504607F06FF91949C860DB
:105200001A4801681D48006807F06AF88246144889
:105210000168504606F064FE1149086013480168B1
:105220001748006807F05CF882460B480168504652
:1052300006F056FE0849086008460168204607F057
:1052400057F91249086006480068BDE8F09F000061
:105250006F12833AA69B443B780300202C03002066
:10526000740300209C030020AC2100207C0300205C
:105270008003002084030020880300208C0300208A
:105280009003002094030020980300207003002066
:1052900010B504462CB9012204210948FCF7CCFEC4
:1052A0000DE008480068401C06490860A04206DB83
:1052B00004210348FCF7B6FE00200249086010BD37
:1052C00000100140400000202DE9F04F87B08146DA
:1052D0008A46002006904FF6FF76059045480768FD
:1052E000B7F5487F01DD4FF4487700241CE004EB5C
:1052F0004400414901EB4000058804EB44013E4A6B
:1053000002EB4101D1F8020000F07CF8804629460A
:10531000404600F097F830B1B54204DA2E46CDF899
:10532000148001200690641CBC42E0DB0698002833
:105330005BD00020049003900025002437E004EBAC
:1053400044002D4901EB4000B0F8008004EB44011B
:10535000294A02EB4101D1F8020000F053F8029013
:105360000599029807F0C4F8019000F04BF88346C5
:105370004146029800F066F8C0B106F1640080B2C0
:10538000404513DB1D49584607F076F80ED21C49FC
:10539000584606F071FF09D25946049806F0A0FD60
:1053A0000490039840440390681C85B2641CBC427E
:1053B000C5DB002D13DD284606F04AFF01460290AA
:1053C000049806F0FBFD8346059906F089FD8046AA
:1053D00000F018F805900398B0FBF5F086B2059838
:1053E000C9F80000AAF8006000BF069807B0BDE841
:1053F000F08F00001C00002074170020000070C116
:105400000000704110B5044604E00B49204607F047
:105410006FF804460949204607F02EF8F5D304E05A
:105420000549204606F05CFD04460549204606F085
:1054300023FFF5D3204610BD0000B44300003443E1
:10544000000034C370B505460C462846FFF7DAFF66
:105450000546B4F5827F02DBB4F57A6F01DD0020EA
:1054600070BD0120FCE700002DE9F0410220FBF7B0
:10547000B3FB7248B0F9000006F0D2FE80467049D6
:1054800006F09CFD07466F4906F02AFF06466E4867
:105490000168304606F024FD6B4908600846006844
:1054A000FFF7B0FF6849086000F0F6F86748007839
:1054B00005287DD2DFE800F0032880A6B90000208F
:1054C00063490860634908605F4908606249088071
:1054D00062480088401C80B260490880142800DAC5
:1054E000A9E000205D4908805D495E48FFF7ECFEB9
:1054F00048B15C4800685C49086000205249086077
:1055000001205249087096E04F48016856480068EB
:1055100006F0EEFF0646FFF775FF044621465348A6
:1055200006F0DEFE0546524A5249284605F064FE62
:1055300005465148007801280AD15048444908607E
:105540004F4A5049284605F057FE4249086004E09A
:1055500000203F4908603F4805604B49204606F05F
:105560008BFF0AD24949204606F086FE05D23A480A
:105570000088401C3849088002E000203649088035
:1055800035480088142808DA34480088401C80B266
:1055900032490880B0F5167F0DDB00202C490860E9
:1055A0002C4908602D4908802B490880022000E022
:1055B0003AE0264908703EE0354825490860002059
:1055C0002449086025480088401C80B2234908808F
:1055D000C82816DB00201E4908601E4908601F49C4
:1055E00008802C480078401C2A490870084600783A
:1055F000022803DB04201549087002E00320134948
:10560000087018E000201249086012490860134829
:105610000088401C80B211490880282803DB002044
:1056200008800A49087006E000BF002008490860A9
:105630000849086000BF00BFBDE8F0819400002069
:10564000000083420AD7A33BBC0000207100002069
:105650004400002048000020BA000020B8000020CC
:105660007400002078000020C00000206F1283BC6E
:105670007CD9203F7CD920BF0B000020CDCCCC3D75
:105680000AD7A33E48E1FABE0000A0C00000A04037
:105690009A9919BE720000202DE9F047002408E015
:1056A0000020324921F81400314921F81400601C0F
:1056B000C4B2242CF4DB2F480668B6F5487F01DD20
:1056C0004FF44876002E00DA0026002545E005EB71
:1056D0004500294901EB4000078805EB450001EB37
:1056E0004000D0F8028004E02449404606F0F8FB70
:1056F00080460021404606F0BFFDF5D304E01F4977
:10570000404606F0F5FE80461C49404606F0B4FED1
:10571000F5D939464046FFF795FEE8B118494046AD
:1057200006F04CFC814606F05BFDC4B2242C00DB85
:1057300023240F4830F81400401C0D4921F81400B0
:105740000A4830F8140020B1084830F81400B84274
:1057500002DD064820F814706D1CB542B7DB09481D
:105760000088401C07490880BDE8F087D80A00205F
:10577000200B00201C000020741700200000B44300
:10578000000020417C00002010B5FFF7C5F800F0B4
:1057900001F810BD10B5022000F010F8012000F053
:1057A00021F8002000F014F8002000F037F8002065
:1057B00000F02BF8002000F01FF810BD38B50446AB
:1057C000032302226B21D0200094FFF712FA38BD88
:1057D00038B50446022304221C21D0200094FFF790
:1057E00008FA38BD38B50446022304221B21D02014
:1057F0000094FFF7FEF938BD10B504462346012298
:105800003721D020FFF7D5F910BD10B50446234647
:1058100005226A21D020FFF7CCF910BD10B504464F
:10582000234606226B21D020FFF7C3F910BD0000EC
:105830000EB50020009001900290134813490860B3
:10584000002112488160017301754FF46021C1612C
:1058500000200E49486001210C480161FBF75AFF06
:1058600008B1FBF7A8F90A20009001200190072059
:10587000029069460548FBF7DBFD08B1FBF79BF991
:105880000248FBF747FD0EBD00240140B003002095
:105890000EB500200090019002901548154908604F
:1058A000002114488160017301754FF46021C161CA
:1058B00000201049486001210E480161FBF72AFFD2
:1058C00008B1FBF778F90B20009001200190072028
:1058D000029069460748FBF7ABFD08B1FBF76BF98F
:1058E0000448FBF717FD0348FCF74EF80EBD000017
:1058F00000280140E003002000B585B000200190A1
:1059000002900390049000BF6848806940F0100046
:10591000664988610846806900F01000009000BF69
:1059200000BF00BF0846806940F02000886108463B
:10593000806900F02000009000BF00BF00BF084653
:10594000806940F0040088610846806900F0040026
:10595000009000BF00BF00BF0846806940F008000B
:1059600088610846806900F00800009000BF00BF11
:10597000012291034E48FCF75FFB01220C214C48A9
:10598000FCF75AFB00224FF440414A48FCF754FB15
:1059900000224FF400414848FCF74EFB0122382119
:1059A0004448FCF749FB4FF400500190002002905E
:1059B000039001A93E48FCF795F948F21C3001908C
:1059C00001200290002003900320049001A9384890
:1059D000FCF788F94FF480400190012002900020EC
:1059E00003900320049001A93148FCF77BF940F6AD
:1059F0000F00019000200290039001A92E48FCF7AF
:105A000071F94CF2380001900120029000200390BF
:105A10000320049001A92748FCF764F94FF40040E3
:105A2000019001200290002003900320049001A91E
:105A30002148FCF757F94FF4805001900120029063
:105A4000002003900220049001A91B48FCF74AF9AA
:105A50004FF480700190002002900120039001A972
:105A60001448FCF73FF94FF400700190134802907E
:105A70000120039001A90F48FCF734F94FF440507E
:105A8000019001200290002003900220049001A9BF
:105A90000848FCF727F9012202211720FCF77EFBBA
:105AA0001720FCF749FB05B000BD000000100240C4
:105AB00000100140000C01400008014000002110CE
:105AC00000B591B000200F9010901C2108A8FAF7A3
:105AD00061FC20216846FAF75DFC254825490860ED
:105AE0004720486000212348816042F20F71C16065
:105AF00000210161416180218161FDF778FF08B1DA
:105B0000FBF759F800200F9010900FA91948FDF7E6
:105B100087F808B1FBF74FF8602008900020099043
:105B20000A900B900C900D900E90002208A911483D
:105B3000FDF7DFFE08B1FBF73EF800200090019072
:105B40000290039004904FF40050059000200790BD
:105B500069460848FDF72AF808B1FBF72CF8002140
:105B60000448FDF7A5FF0348FDF75EFE11B000BD38
:105B7000002C01401004002030B58BB005460C46C7
:105B800000200790089009900A90059006900190D7
:105B90000290039004904FF0804025490860084629
:105BA000446000218160C560016180218161FDF751
:105BB00085F808B1FAF7FFFF4FF48050079007A966
:105BC0001B48FDF753F908B1FAF7F5FF1848FDF740
:105BD00073FC08B1FAF7EFFF00200590069005A9C5
:105BE0001348FDF71DF808B1FAF7E5FF0020019012
:105BF00001200290002003900490082201A90C4883
:105C0000FDF7F0FB08B1FAF7D6FF0C2201A908480E
:105C1000FDF7E8FB08B1FAF7CEFF08210448FDF7CD
:105C20007FFC0C210248FDF77BFC0BB030BD00006F
:105C30005804002000B589B00020079008901C216E
:105C40006846FAF7A7FB2C482C49086000204860FA
:105C500000212A48816041F61F41C1600021016195
:105C600080218161FDF7C3FE08B1FAF7A4FF00208F
:105C70000790089007A92148FCF7D2FF08B1FAF76E
:105C80009AFF602000900020019002900490002272
:105C900069461A48FDF72DFE08B1FAF78CFF042279
:105CA00069461648FDF725FE08B1FAF784FF082279
:105CB00069461248FDF71DFE08B1FAF77CFF0C2279
:105CC00069460E48FDF715FE08B1FAF774FF00218A
:105CD0000A48FDF7EDFE04210848FDF7E9FE08211A
:105CE0000648FDF7E5FE0C210448FDF7E1FE0348F8
:105CF000FDF79AFD09B000BD00040040A00400209B
:105D000000B58BB0242102A8FAF744FB00200090D4
:105D100001901E481E4908600020486000211C4870
:105D200081604FF6FF71C1600021016180218161B6
:105D30000320029000200390012004900020059091
:105D40000A2006900020079001200890002009906A
:105D50000A200A9002A90E48FDF70CF908B1FAF7DB
:105D60002AFF00200090019069460948FCF758FF7F
:105D700008B1FAF720FF00210548FDF7D3F9042107
:105D80000348FDF7CFF90BB000BD0000000800404C
:105D9000E804002000B587B000200390049005902F
:105DA000069001900290164816490860312048601C
:105DB00000211448816041F61F41C160002101614A
:105DC00080218161FCF77AFF08B1FAF7F4FE4FF405
:105DD0008050039003A90B48FDF748F808B1FAF783
:105DE000EAFE00200190029001A90648FCF718FF86
:105DF00008B1FAF7E0FE0348FCF7F0FF07B000BD7A
:105E0000000C00403005002000B58BB0242102A812
:105E1000FAF7C0FA0020009001901E481E49086061
:105E20000020486000211C4881604FF6FF71C1606E
:105E300000210161416180218161032002900020E5
:105E4000039001200490002005900A200690002075
:105E5000079001200890002009900A200A9002A9CA
:105E60000D48FDF787F808B1FAF7A5FE002000906D
:105E7000019069460848FCF7D3FE08B1FAF79BFE8B
:105E800000210548FDF74EF904210348FDF74AF9C2
:105E90000BB000BD003401407805002010B50D485E
:105EA0000D4908604FF4E130486000210A488160E4
:105EB000C16001610C21416100218161C161FEF776
:105EC00017F808B1FAF777FE012204490248FEF7F5
:105ED00023F910BD00500040C0050020CE00002076
:105EE00010B50D480D4908604FF4E13048600021BD
:105EF0000A488160C16001610C214161002181611A
:105F0000C161FDF7F5FF08B1FAF755FE012204491A
:105F10000248FEF701F910BD0038014004060020D8
:105F2000CC00002010B50D480D4908604FF4165004
:105F3000486000210A488160C16001610C21416113
:105F400000218161C161FDF7D3FF08B1FAF733FE8B
:105F5000012204490248FEF7DFF810BD0048004066
:105F600048060020CD0000202DE9F0470546002717
:105F7000012408E0134850F82410601E114A42F82A
:105F80002010601CC4B20A2CF4DB0E4845620024C9
:105F900008E00C4850F82410384605F0A1FF0746E9
:105FA000601CC4B20A2CF4DB0749384606F006F838
:105FB000814606F0F9F8804606F032F9064630468A
:105FC000BDE8F087680B0020000020412DE9F04774
:105FD00005460027012408E0134850F82410601EED
:105FE000114A42F82010601CC4B20A2CF4DB0E489F
:105FF0004562002408E00C4850F82410384605F0AB
:106000006FFF0746601CC4B20A2CF4DB0749384610
:1060100005F0D4FF814606F0C7F8804606F000F987
:1060200006463046BDE8F087900B00200000204176
:1060300000BFFEE700BFFEE730B500240CE00025FE
:1060400006E00020074901EBC5010855681CC5B2F0
:10605000802DF6DB601CC4B2082CF0DB00F0CCF81D
:1060600030BD00008C060020F0B5144600267F28C5
:1060700001DC3F2900DDF0BD0B46CF1701EB577760
:10608000FF10C7F10707FAB2CF1701EB5777FF10E0
:10609000A1EBC707FDB2C5F107070123BB40DEB284
:1060A0004CB10A4B03EBC0039B5C3343074F07EB38
:1060B000C007BB5408E0054B03EBC0039B5CB34334
:1060C000024F07EBC007BB5400BFD4E78C0600208B
:1060D0002DE9F04106460D46174600243A4629466A
:1060E0003046FFF7C1FF3A4629463046FFF7BCFF6E
:1060F00000BF07E02819C1B23A463046FFF7B4FFA7
:10610000601CC4B2082CF5DBBDE8F08110B500209E
:1061100037490860642002F01DFA01203549C1F8B2
:1061200090010021AE2000F069F90021D52000F097
:1061300065F90021502000F061F90021A82000F04D
:106140005DF900213F2000F059F90021D32000F033
:1061500055F90021084600F051F90021402000F0D7
:106160004DF900218D2000F049F90021142000F0A4
:1061700045F90021202000F041F90021022000F023
:106180003DF90021A12000F039F90021C02000F0E4
:1061900035F90021DA2000F031F90021122000F059
:1061A0002DF90021812000F029F90021EF2000F0D5
:1061B00025F90021D92000F021F90021F12000F07B
:1061C0001DF90021DB2000F019F90021302000F03A
:1061D00015F90021A42000F011F90021A62000F0FB
:1061E0000DF90021AF2000F009F9FFF725FF10BDE0
:1061F000908121420080214230B500241CE004F14E
:10620000B001C8B2002100F0F9F80021084600F002
:10621000F5F80021102000F0F1F8002508E0084909
:1062200001EBC501085D012100F0E8F8681CC5B26A
:10623000802DF4DB601CC4B2082CE0DB30BD000014
:106240008C0600202DE9F04F80460C4615461E4670
:10625000A346A5F12000C5B200273EE00C2E07D1D1
:1062600005EB45001F4901EB800010F8079004E0A2
:106270001D4800EB051010F807904FF0000A26E0CB
:1062800009F0800028B121464046099AFFF7ECFE4C
:1062900009E0099808B9012000E0002002462146E3
:1062A0004046FFF7E1FE4FEA49604FEA1069601C83
:1062B000C4B2A4EB0B00B04205D15C4608F101006A
:1062C00000F0FF0806E00AF1010000F0FF0ABAF151
:1062D000080FD5DB00BF781CC7B2B742BEDBBDE8F4
:1062E000F08F0000E2C6000856CB00082DE9FF4FF2
:1062F00081B0074691461E460E9D4FF0000A0024CD
:1063000039E0301B401EC1B20A2004F026FAB9FB66
:10631000F0F00A21B0FBF1F201FB1208BAF1000F14
:1063200016D1701EA04213DDB8F1000F0ED101206E
:10633000AB4605EBDB71491001FB04710090C8B25C
:106340002B4620220299FFF77DFF12E04FF0010A51
:106350000120AB4605EBDB71491001FB0471009095
:10636000C8B208F13001CAB22B460299FFF76AFFA2
:1063700000BF601CC4B2B442C3DB05B0BDE8F08FFF
:1063800078B505460E46144618E07A2D03DD002543
:1063900006F11000C6B23A2E04DD0020054606467E
:1063A000FFF74AFE0120009022780C233146284650
:1063B000FFF748FF05F10800C5B2641C20780028EB
:1063C000E3D178BD70B5002410E00A4830F814001D
:1063D00009490978884201DA012500E000252A46AA
:1063E00000212046FFF774FE601CC4B2802CECDB59
:1063F00070BD00009C0C00201501002010B50A465D
:106400001AB10123114C236002E000230F4C2360DA
:10641000002115E000230E4C236000F0800323B11F
:1064200001230A4C0834236003E00023074C08349E
:1064300023600123064C23604306180E4B1CD9B27F
:106440000829E7DB0123014C236010BD8C81214228
:10645000B801224270B504460D4629462046FFF792
:106460008BFB70BD2DE9F04104460D4616462746CC
:10647000284605F0D5FE8046394605F0FDFE03D2DC
:10648000284605F0CDFE0746304605F0C9FE804699
:10649000394605F0F1FF03D2304605F0C1FE07464C
:1064A0003846BDE8F081704708B508490968C90851
:1064B0004FF47A72B1FBF2F14143009100BF00BF8B
:1064C00000994A1E00920029F9D108BD3C00002025
:1064D0002DE9F04F8FB00CA889490DAB08AACDE982
:1064E00000108849884803F0EDFD8548008800F4D5
:1064F000807000287ED0089805F092FE04464FF088
:106500009D4105F05BFD81490860099805F088FE12
:1065100004464FF09D4105F051FD7D4908600A9801
:1065200005F07EFE04464FF09D4105F047FD794998
:1065300008600B9805F074FE04464FF09D4105F08D
:106540003DFD75490860714801684FF0804005F0D5
:10655000C7FE06906F480168069805F0C1FE8246A6
:106560006B4801684FF0404005F0BAFE06906A485B
:106570000168069805F0B4FE8346514605F0B0FC6C
:10658000079005F081FC804603F098F806464FF02E
:106590006632624B05F068F9044604F04DFE60492E
:1065A00008605C4801684FF0804005F099FE039058
:1065B00058480168039805F093FE824654480168E4
:1065C0004FF0404005F08CFE03905148016803985D
:1065D00005F086FE8346514605F08AFF81464FF05E
:1065E0007E5105F07DFC044605F04EFCCDE904012A
:1065F000464800E081E001684FF0804005F070FE01
:10660000834643480168584605F06AFE8146414882
:1066100001684FF0804005F063FE83463E48016804
:10662000584605F05DFE8246494605F059FC044691
:1066300005F02AFC0746DDE9042303F087FA4FF052
:106640006632364BCDE9060105F00EF9054604F039
:10665000F3FD3449086030480168006805F040FEE9
:1066600003902C480168006805F03AFE0290284823
:106670000168006805F034FE83462448016800681C
:1066800005F02EFE5946019005F02AFC824602993B
:1066900005F02EFF8146039905F02AFF044605F018
:1066A000F3FBCDE904011C4801681848006805F0B7
:1066B00017FE8246174801681548006805F010FE6D
:1066C0008346514605F00CFC81464FF0804105F0B1
:1066D00007FE044605F0D8FB0746DDE9042303F076
:1066E00035FA4FF066320D4BCDE9060105F0BCF8E6
:1066F000054604F0A1FD0C4908600FB0BDE8F08F1D
:10670000D0020020CA020020C4020020E0020020C3
:10671000E4020020E8020020EC02002066A64C40C3
:10672000D8020020D4020020DC0200200146022909
:1067300006D003290DD0042912D008291ED116E055
:106740004FF08042526A10B200224FF080435A62EA
:1067500016E00C4A126810B200220A4B1A600FE0D1
:10676000094A126810B20022074B1A6008E0074A73
:10677000126810B20022054B1A6001E0002000BF31
:1067800000BF704724040040240800402434014026
:1067900070470000194A1278012A04D1184A126879
:1067A000184B1B685A63002808DA4FF4E152164B65
:1067B0001A6000F5E1521B1D1A6008E04FF4E15227
:1067C000114B1B1D1A60C0F5E1521B1F1A600029F6
:1067D00009DA4FF4E1520C4B08331A6001F5E1522B
:1067E0001B1D1A6008E04FF4E152074B0C331A608E
:1067F000C1F5E1521B1F1A60704700000B0000201A
:106800006000002010040020340400400EB54FF456
:106810008061F948F9F79CFDF848007804287DD19B
:106820000C2004230090F648002102680846FFF778
:106830005DFD0C2004230090F248002102681E2018
:10684000FFF754FD0C2004230090EF48002102685C
:106850003C20FFF74BFD0C2004230090EB48002167
:1068600002685A20FFF742FDE9A20A210020FFF743
:1068700087FD0021E848006805F0FEFC05D2E7A28C
:106880000A213220FFF77CFD04E0E5A20A21322034
:10689000FFF776FDE048006805F086FC019003F004
:1068A00053FF02900C20032300900A213C20029AFF
:1068B000FFF71CFD0021DB48006805F0DDFC05D278
:1068C000D6A20A215E20FFF75BFD04E0D4A20A21D4
:1068D0005E20FFF755FDD348006805F065FC019088
:1068E00003F032FF02900C20032300900A216A205B
:1068F000029AFFF7FBFCCCA214210020FFF740FD19
:10690000CB4840680021029005F0B6FC14D2C3A227
:1069100014211E20FFF734FDC54800E024E1406843
:10692000019005F05DFC02900C20042300901421DE
:106930002420029AFFF7DAFCBD484068002102904B
:1069400005F09AFD12D8B6A214211E20FFF718FDFB
:10695000B7484068019005F043FC02900C200423E6
:10696000009014212420029AFFF7C0FCB1A2142148
:106970004220FFF705FDAE4880680021029005F037
:106980007BFC04D2A5A214216220FFF7F9FCA848E1
:1069900080680021029005F06FFD04D8A0A21421A8
:1069A0006220FFF7EDFCA2488068A449009005F042
:1069B00097FC019005F014FC02900C200423009039
:1069C00014216820029AFFF791FC9DA21E2100204D
:1069D000FFF7D6FC9C4840680021029005F04CFC73
:1069E00012D28EA21E210846FFF7CAFC96484068C4
:1069F000019005F0F5FB02900C20042300901E216D
:106A00002420029AFFF772FC8F4840680021029010
:106A100005F032FD12D882A21E210846FFF7B0FC15
:106A200089484068019005F0DBFB02900C200423AC
:106A300000901E212420029AFFF758FC83A21E21F9
:106A40004220FFF79DFC804880680021029005F0FD
:106A500013FC04D271A21E216220FFF791FC7A4838
:106A600080680021029005F007FD04D86CA21E2169
:106A70006220FFF785FC744880687049009005F03B
:106A80002FFC019005F0ACFB02900C200423009039
:106A90001E216820029AFFF729FC6EA228210020FF
:106AA000FFF76EFC6D480078012805D16CA2282103
:106AB0004120FFF765FC04E06AA228214120FFF78E
:106AC0005FFC69A232210020FFF75AFC68A2322144
:106AD0003620FFF755FC67A232214E20FFF750FC0D
:106AE00065480088642190FBF1F002900C2002239D
:106AF000009032212820029AFFF7F8FB5E480088B8
:106B00000A2190FBF1F090FBF1F201FB12000290E0
:106B10000C200123009032213E20029AFFF7E6FB71
:106B2000554800880A2190FBF1F201FB1200029007
:106B30000C200123009032214620029AFFF7D6FB59
:106B40004E48007820B147A232216920FFF718FC97
:106B50004A480078002841F0768041A2322169201D
:106B6000FFF70EFC01F06FB824480078052841D1EA
:106B7000FFF728FC42A20A210020FFF701FC42484F
:106B8000007800280FDA25A20A215A20FFF7F8FB27
:106B90000C20032300903C48007842420A216420E4
:106BA000FFF7A4FB0DE01EA20A215A20FFF7E8FB25
:106BB0000C2003230090344802780A216420FFF758
:106BC00095FB32A214210020FFF7DAFB324800784F
:106BD000002863DA11A214215A20FFF7D1FB0C2000
:106BE000032300902C480078424214216420FFF7D0
:106BF0007DFB62E092E151E08C0600205C00002009
:106C000004010020080100200C01002010010020D8
:106C10004D6F7665583A0000440000202D000000BA
:106C20002B000000480000204C2D503A00000000CE
:106C3000B80A00204C2D453A0000000000007A44BC
:106C4000522D503A00000000C80A0020522D453A4B
:106C5000000000004465746563743A00640000201D
:106C60004F4E20004F464600454C45200000000096
:106C70002E00000056000000020000200600002048
:106C80004D656469616E3A001401002054687265B4
:106C900073686F6C643A000015010020AFF2800247
:106CA00014215A20FFF76CFB0C2003230090FE48B0
:106CB000027814216420FFF719FBAFF294021E2121
:106CC0000020FFF75DFBF94840680021029005F0C5
:106CD000D3FA13D2AFF2BC021E210846FFF750FBD5
:106CE000F2484068019005F07BFA02900C200423E2
:106CF00000901E212420029AFFF7F8FAEB48406822
:106D00000021029005F0B8FB13D8AFF2EC021E216F
:106D10000846FFF735FBE5484068019005F060FA4A
:106D200002900C20042300901E212420029AFFF7D9
:106D3000DDFAAFF200121E214220FFF721FBDB48F3
:106D400080680021029005F097FA05D2AFF2341264
:106D50001E216220FFF714FBD448806800210290B6
:106D600005F08AFB05D8AFF248121E216220FFF71A
:106D700007FBCE488068CE49009005F0B1FA01903B
:106D800005F02EFA02900C20042300901E216820AA
:106D9000029AFFF7ABFAAFF2581228210020FFF752
:106DA000EFFAC44840680021029005F065FA13D25A
:106DB000AFF2981228211E20FFF7E2FABD48406882
:106DC000019005F00DFA02900C2004230090282178
:106DD0002420029AFFF78AFAB64840680021029000
:106DE00005F04AFB13D8AFF2C81228211E20FFF786
:106DF000C7FAB0484068019005F0F2F902900C2003
:106E00000423009028212420029AFFF76FFAAFF2A2
:106E1000C41228214220FFF7B3FAA6488068002157
:106E2000029005F029FA05D2AFF210222821622043
:106E3000FFF7A6FA9F4880680021029005F01CFB2E
:106E400005D8AFF2242228216220FFF799FA994849
:106E500080689749009005F043FA019005F0C0F969
:106E600002900C200423009028216820029AFFF74A
:106E70003DFA91A232210020FFF782FAAFF21022F0
:106E800032213620FFF77CFAAFF2182232214E2051
:106E9000FFF776FA8A480088642190FBF1F00290AF
:106EA0000C200223009032212820029AFFF71EFABC
:106EB000834800880A2190FBF1F090FBF1F201FB7E
:106EC000120002900C200123009032213E20029AF1
:106ED000FFF70CFA7A4800880A2190FBF1F201FBD7
:106EE000120002900C200123009032214620029AC9
:106EF000FFF7FCF97348007828B1AFF298223221ED
:106F00006920FFF73DFA6F48007800287ED1AFF284
:106F1000B02232216920FFF733FA23E66A4800786D
:106F2000092874D169A200210846FFF729FA6AA24C
:106F30000A210020FFF724FA0C200090674800780F
:106F4000012302460A2102900C20FFF7CFF964A228
:106F50000A211E20FFF714FA0C20009061480088D7
:106F6000042302460A2102902A20FFF7BFF95EA2FD
:106F70000A214E20FFF704FA0C2000905748408861
:106F8000042302460A2102905A20FFF7AFF957A2C4
:106F900014210020FFF7F4F90C200090514840889C
:106FA00004230246142102900C20FFF79FF950A2FF
:106FB00014213220FFF7E4F90C2000904948808822
:106FC00004230246142102903E20FFF78FF949A2C4
:106FD00014216220FFF7D4F90C2000903F4800896B
:106FE00003230246142102906E20FFF77FF942A28C
:106FF0001E210020FFF7C4F900214048006805F079
:107000003BF909D2AFF2EC321E2101E02FE33EE161
:107010001820FFF7B5F905E0AFF2FC321E21182069
:10702000FFF7AEF922493548006805F059F900909C
:1070300005F0BAF8019003F087FB02900C200323BF
:1070400000901E212020029AFFF750F92CA21E2149
:107050004220FFF795F900212A48006805F00CF955
:1070600006D2AFF248421E215A20FFF789F905E007
:10707000AFF254421E215A20FFF782F922492148DB
:10708000006805F02DF9009005F08EF8019003F0EE
:107090005BFB02900C20032300901E216220029AC9
:1070A000FFF724F919A233E015010020B80A0020E7
:1070B00000007A44C80A0020434344200000000036
:1070C00002000020060000205C0000204D6F646577
:1070D0003A536D6172740000533A00006021002041
:1070E000463A00004C2100204E3A00004C3A000085
:1070F000523A0000433A000056583A00440000203B
:10710000565A3A00480000200000C842503A000099
:1071100028210020FFF734F9FE4840680021029042
:1071200005F0AAF816D2AFF20C5228210E20FFF774
:1071300027F9F848406880F00040019005F050F8C9
:1071400002900C200423009028211620029AFFF7B9
:10715000CDF813E0AFF2385228210E20FFF710F9D6
:10716000EC484068019005F03BF802900C200423A5
:10717000009028211620029AFFF7B8F8E6A22821ED
:107180004220FFF7FDF8E54840680021029005F035
:1071900073F816D2AFF27C5228215020FFF7F0F896
:1071A000DE48406880F00040019005F019F8029038
:1071B0000C200423009028215820029AFFF796F80B
:1071C00013E0AFF2A45228215020FFF7D9F8D3489A
:1071D0004068019005F004F802900C200423009010
:1071E00028215820029AFFF781F8CDA232210020F1
:1071F000FFF7C6F8AFF2885232213E20FFF7C0F801
:10720000AFF2905232215620FFF7BAF8C5480088F5
:10721000642190FBF1F002900C20022300903221B7
:107220003020029AFFF762F8BE4800880A2190FBDE
:10723000F1F090FBF1F201FB120002900C2001230F
:10724000009032214620029AFFF750F8B548008896
:107250000A2190FBF1F201FB120002900C200123A5
:10726000009032214E20029AFFF740F8AE48007895
:1072700030B1AFF2106232216920FFF781F871E47A
:10728000AFF2246232216920FFF77AF86AE4A74856
:107290000078062870D1A6A200210846FFF770F8F2
:1072A000AFF2CC120A210020FFF76AF80C2001236C
:1072B0000090A24802780A210C20FFF717F8AFF2DD
:1072C000D0120A211E20FFF75BF80C20012300904A
:1072D0009B4802780A212A20FFF708F899A20A2180
:1072E0003A20FFF74DF80C200423009096480288BE
:1072F0000A214620FEF7FAFFAFF2042214210020F3
:10730000FFF73EF800219148006804F0B5FF06D26F
:10731000AFF2F86214211820FFF732F805E0AFF25F
:10732000007214211820FFF72BF88949874800685C
:1073300004F0D6FF009004F037FF019003F004FA48
:1073400002900C200323009014212020029AFEF7C3
:10735000CDFFAFF2542214214220FFF711F8002193
:107360007C48006804F088FF07D2AFF25072142105
:107370005A20FFF705F806E081E1AFF25C721421B4
:107380005A20FEF7FDFF74497248006804F0A8FF18
:10739000009004F009FF019003F0D6F902900C2050
:1073A0000323009014216220029AFEF79FFFAFF2A0
:1073B00088721E210020FEF7E3FF56484068002136
:1073C000029004F059FF16D2AFF2B0721E210846A7
:1073D000FEF7D6FF4F48406880F00040019004F06F
:1073E000FFFE02900C20042300901E212420029A0C
:1073F000FEF77CFF13E0AFF2D8721E210846FEF7BD
:10740000BFFF44484068019004F0EAFE02900C205F
:10741000042300901E212420029AFEF767FFAFF29A
:10742000EC721E214220FEF7ABFF3A488068002133
:10743000029004F021FF1AD2AFF620021E215E2036
:10744000FEF79EFF3348806880F00040404900907E
:1074500004F046FF019004F0C3FE02900C200423C8
:1074600000901E216820029AFEF740FF17E0AFF659
:1074700050021E215E20FEF783FF264880683449B3
:10748000009004F02DFF019004F0AAFE02900C2061
:10749000042300901E216820029AFEF727FFAFF612
:1074A000600228210020FEF76BFF1C484068002185
:1074B000029004F0E1FE16D2AFF6A00228211E20B1
:1074C000FEF75EFF1548406880F00040019004F030
:1074D00087FE02900C200423009028212420029A89
:1074E000FEF704FF13E0AFF6C80228211E20FEF7C6
:1074F00047FF0A484068019004F072FE02900C2099
:107500000423009028212420029AFEF7EFFEAFF614
:10751000C40223E0B80A0020453A0000C80A00204F
:10752000414B4D0002000020060000205C000020BE
:107530004D6F64653A4C61625261640071000020D5
:1075400072000020443A0000740000204400002033
:1075500000007A44480000200000C8422821422050
:10756000FEF70EFFFE4880680021029004F084FEC2
:107570001AD2AFF6581228215E20FEF701FFF84814
:10758000806880F00040F749009004F0A9FE019067
:1075900004F026FE02900C2004230090282168208D
:1075A000029AFEF7A3FE17E0AFF68C1228215E20A8
:1075B000FEF7E6FEEA488068EA49009004F090FE93
:1075C000019004F00DFE02900C200423009028216D
:1075D0006820029AFEF78AFEAFF2BC023221002038
:1075E000FEF7CEFEAFF6781232213E20FEF7C8FE3F
:1075F000AFF6801232215620FEF7C2FEDA4800882C
:10760000642190FBF1F002900C20022300903221C3
:107610003020029AFEF76AFED34800880A2190FBC8
:10762000F1F090FBF1F201FB120002900C2001231B
:10763000009032214620029AFEF758FECA48008880
:107640000A2190FBF1F201FB120002900C200123B1
:10765000009032214E20029AFEF748FEC34800787F
:1076600030B1AFF6002232216920FEF789FEEAE24E
:10767000AFF6142232216920FEF782FEE3E2BCA2BB
:1076800000210846FEF77CFEBB48007828B9BBA263
:1076900000213220FEF774FE30E0B7480078012860
:1076A00005D1B8A200213220FEF76AFE26E0B248DA
:1076B0000078022805D1B5A200213220FEF760FE35
:1076C0001CE0AD480078032805D1B2A20021322089
:1076D000FEF756FE12E0A8480078062805D1AFA2B2
:1076E00000213220FEF74CFE08E0A348007809286C
:1076F00004D1ACA200213220FEF742FEAB48007854
:10770000012805D1AAA20A210020FEF739FE22E0B5
:10771000AA480078012805D1A9A20A210020FEF775
:107720002FFE18E0A9480078012805D1A8A20A2157
:107730000020FEF725FE0EE0A8480078012805D1BC
:10774000A7A20A210020FEF71BFE04E0A7A20A213F
:107750000020FEF715FEA8480078012845D1A7A211
:1077600014210020FEF70CFE0021A648006804F05A
:1077700083FD06D2AFF65C3214213220FEF700FE04
:1077800005E0AFF6643214213220FEF7F9FD9E4881
:10779000006804F009FD019002F0D6FF02900C2071
:1077A0000423009014213C20029AFEF79FFD7F489D
:1077B0000078012805D195A214216220FEF7E0FD92
:1077C00066E07E480078012805D192A2142162204B
:1077D000FEF7D6FD5CE07D480078012858D18DA2E7
:1077E00014216220FEF7CCFD52E084A21421002077
:1077F000FEF7C6FD00218348006804F03DFD06D277
:10780000AFF6E83214213220FEF7BAFD05E0AFF6FC
:10781000F03214213220FEF7B3FD52497948006856
:1078200004F05EFD009004F0BFFC019002F08CFFBC
:1078300002900C200423009014213C20029AFEF7B1
:1078400055FD00217548006804F016FD06D2AFF61C
:10785000344214215E20FEF793FD05E0AFF640426E
:1078600014215E20FEF78CFD6D496C48006804F021
:1078700037FD009004F098FC019002F065FF029043
:107880000C200323009014216A20029AFEF72EFD9B
:10789000AFF66C421E210020FEF772FD6148406881
:1078A0000021029004F0E8FC15D2AFF690421E21B0
:1078B0000846FEF765FD5B48406880F00040019097
:1078C00004F08EFC02900C20042300901E21242042
:1078D000029AFEF70BFD534840680021029004F025
:1078E000CBFD13D8AFF6C8421E210846FEF748FD6F
:1078F0004C484068019004F073FC02900C20042373
:1079000000901E212420029AFEF7F0FCAFF6DC4224
:107910001E214220FEF734FD42488068002102907B
:1079200004F0AAFC19D2AFF60C521E215E20FEF71D
:1079300027FD3C48806880F000400A49009004F030
:10794000CFFC019004F04CFC02900C20042300902A
:107950001E216820029AFEF7C9FC3248806863E065
:10796000C80A002000007A4402000020060000201F
:107970004D6F64653A0000005C0000204E6F726D30
:10798000616C200041766F6964202000466F6C6C4A
:107990006F772000416C6F6E672020004C6162524F
:1079A00061642000536D6172742020000800002083
:1079B000426C7565746F6F746820000007000020CA
:1079C0005053322020202020202000000A000020D8
:1079D00052656D6F74652020202000000900002092
:1079E000524F532020202020202000004C494E4B95
:1079F000494E472E2E2E00000B00002053504545C7
:107A0000443A0000440000205400002050692F3503
:107A10000000000050692F340000000048000020E2
:107A20000000C842B80A00200021029004F024FDA2
:107A300017D8AFF614621E215E20FEF7A1FC834822
:107A400080688349009004F04BFC019004F0C8FB6F
:107A500002900C20042300901E216820029AFEF759
:107A600045FCAFF6246228210020FEF789FC794806
:107A700040680021029004F0FFFB15D2AFF664626B
:107A800028211E20FEF77CFC7248406880F00040F0
:107A9000019004F0A5FB02900C2004230090282103
:107AA0002420029AFEF722FC6A48406800210290D6
:107AB00004F0E2FC13D8AFF6986228211E20FEF7EE
:107AC0005FFC64484068019004F08AFB02900C203F
:107AD0000423009028212420029AFEF707FCAFF629
:107AE000946228214220FEF74BFC5A48806800210E
:107AF000029004F0C1FB19D2AFF6E06228215E20AB
:107B0000FEF73EFC5348806880F0004050490090EA
:107B100004F0E6FB019004F063FB02900C200423C8
:107B2000009028216820029AFEF7E0FB494880680F
:107B30000021029004F0A0FC17D8AFF61C72282197
:107B40005E20FEF71DFC434880684149009004F028
:107B5000C7FB019004F044FB02900C20042300902A
:107B600028216820029AFEF7C1FB3B4800780128D3
:107B700005D13AA232210020FEF702FC17E0364878
:107B8000007828B937A232210020FEF7F9FB0EE079
:107B900031480078022805D134A232210020FEF7B6
:107BA000EFFB04E033A232210020FEF7E9FBAFF641
:107BB000407232213E20FEF7E3FBAFF648723221DD
:107BC0005620FEF7DDFB2D480088642190FBF1F084
:107BD00002900C200223009032213020029AFEF7FE
:107BE00085FB264800880A2190FBF1F090FBF1F21A
:107BF00001FB120002900C2001230090322146204C
:107C0000029AFEF773FB1D4800880A2190FBF1F2EF
:107C100001FB120002900C200123009032214E2023
:107C2000029AFEF763FB1648007830B1AFF6CC72CB
:107C300032216920FEF7A4FB05E0AFF6DC723221A9
:107C40006920FEF79DFBFEF7D7FA0EBDB80A0020AB
:107C500000007A44C80A00200B000020414B4D2050
:107C60002000000044494646200000005354414E85
:107C70004B0000004254414E4B0000000200002027
:107C80000600002070B505460E461446284600F052
:107C90007FFB05463146284604F0EEFB06D8214618
:107CA000284604F0E9FA01D8012070BD0020FCE765
:107CB00070B504460349204604F012FB054604F063
:107CC00073FA70BD0000204100200B490870488005
:107CD0004860088148810873084908740849088089
:107CE0000849088008490880084908600849086070
:107CF0000849086070470000602100204C210020E6
:107D0000B8020020BA020020BC020020C0020020FD
:107D100044000020480000202DE9F04100F04EF919
:107D20009B48007C18B100209A4948810AE0994894
:107D300040894EF66021884204DA96484089401C0A
:107D400094494881934840899349C98A884209DD0A
:107D5000042090490870002090490860904908600C
:107D6000BDE8F0818A480088002807DD884800883F
:107D70008949498A884201DA012000E0002005464D
:107D800083480088002805DD814800888249098AE7
:107D9000884213DB7E484088002805DD7C48408807
:107DA0007D49498A884209DB79488088002807DDB7
:107DB000774880887849498A884201DA012000E0C2
:107DC0000020064672480088002807DD70480088B9
:107DD0007149898A884201DA012000E000200746C3
:107DE0006C48007806287DD2DFE800F003207FA2EF
:107DF000C0596948006869490860002068490860FE
:107E000068490880684908806849086068490880AE
:107E1000604908734EB108460089401C08810DB1C5
:107E2000022000E001205B490870ADE05A4840683C
:107E30005A490860002000F009FB044658480460D5
:107E400035B100205749088002205249087025E0CA
:107E500000F064FA78B154480088401C80B252495E
:107E6000088012281ADD002008804E49088005206D
:107E70004849087012E000F0B3FA60B14A4800883F
:107E8000401C80B248490880242807DD0020088073
:107E90004049087002E000204349088074E03E48F1
:107EA00040683E49086000203D4908603DB13D49B9
:107EB00008803D49088002203649087014E039489E
:107EC0000088401C80B2374908805A280CDD002009
:107ED00008803549088035490860354908802D49B2
:107EE000087300E041E008704EE032482B4908601A
:107EF000002000F0ABFA0446294804603FB9294845
:107F00000088401C80B227490880B42806DD002084
:107F10002449088003201F49087008E03DB900206B
:107F2000204908802049088001201A4908702BE068
:107F30001948806819490860002000F087FA80F02D
:107F400000481D49404604F0CBF915490860154822
:107F50000088401C80B2134908805A2804DD0020A4
:107F6000088002200B4908700EE000BF00200B497A
:107F700008600B4908600648007C20B100200949D0
:107F800008800449087000BF00BF00BFE8E6000099
:107F90004C210020602100207402002044000020B9
:107FA00048000020B8020020BC020020C0020020CF
:107FB000BA0200208FC2753DCDCC4C3F2DE9F04F69
:107FC0008DB04FF6FF700C900B900A9009900890BE
:107FD000079006900590049000274FF00009039049
:107FE0004FF0000A002002908C48D0F800B0BBF59A
:107FF000C87F01DD4FF4C87B00258BE005EB450011
:10800000874901EB400004881E2C03DB41F28830D5
:10801000844200DD7DE0502C00DA502401200290E3
:1080200005EB45017E4A02EB4101D1F8020000F068
:10803000AFF980467B480168404604F059FA019048
:1080400000F0A6F906460498844204DA0494374600
:108050007548C0F81080754A75493046FFF712FE22
:1080600060B121460CA800F043FA09F101001FFAA3
:1080700080F90398844201DA0394B2466D4A6E494E
:108080003046FFF7FFFD18B121460BA800F030FA8B
:108090006A4A6B493046FFF7F5FD18B121460AA838
:1080A00000F026FA674A63493046FFF7EBFD18B146
:1080B000214609A800F01CFA614A63493046FFF7DF
:1080C000E1FD18B1214608A800F012FA5F4A5D49A7
:1080D0003046FFF7D7FD18B1214607A800F008FA8F
:1080E000594A5B493046FFF7CDFD18B1214606A835
:1080F00000F0FEF95549304604F0BEF904D9544960
:10810000304604F0B9F803D8214605A800F0F0F98C
:1081100000BF6D1C5D45FFF671AFBDF8300000F08B
:10812000F3F84C490880BDF82C0000F0EDF84949FF
:108130004880BDF8280000F0E7F846498880BDF87F
:10814000240000F0E1F84349C880BDF8200000F0A9
:10815000DBF840490881BDF81C0000F0D5F83D4926
:108160004881BDF8180000F0CFF83A498881BDF881
:10817000140000F0C9F83749C881029808740498BF
:1081800000F0C2F834494880084647602548006836
:10819000254908602648486024488860039800F014
:1081A000B3F8214908830846C0F80CA0A0F81A903B
:1081B00047611C480068294908602948C0F800A0A8
:1081C0001948006927490860274807601548006872
:1081D000FFF76EFD254908605046FFF769FD244909
:1081E000086011490869FFF763FD224908603846B5
:1081F000FFF75EFD20490860039800F085F81F49ED
:1082000008801F48A0F800901E481F49086040429F
:108210001E4908600DB0BDE8F08F00001C00002072
:108220007417002070020020702100200000E0413F
:108230000000E0C100008C4200007041000070C1ED
:1082400000008CC20000FA420000FAC2000016438F
:10825000000016C34C210020602100208C02002069
:108260009002002094020020980200209C0200202E
:10827000A0020020A4020020A8020020AC020020DE
:10828000AE020020E8FEFFFFB0020020B402002092
:108290002DE9F0410746012F0FD11649488800F01B
:1082A00097F806461349C88800F092F80546114928
:1082B000488900F08DF804460EE00E49888800F0E9
:1082C00087F806460B49088900F082F805460949F7
:1082D000888900F07DF804462A4605EBD27006EB4B
:1082E00060002146E31704EB937300EBA30080B218
:1082F000BDE8F0814C21002002460AB18A4201DD2E
:10830000012070470020FCE701464FF6FF708142D4
:1083100001D1002070470846FCE7000010B519485D
:108320000068012813D1184A528A963291B2174A2E
:108330001088FFF7E1FF40B1134A118A134A5088B1
:10834000FFF7DAFF08B1012010BD0020FCE70D485F
:108350000068401C98B90C4A528A963291B20B4A76
:108360001088FFF7C9FF40B1074A118A074A908871
:10837000FFF7C2FF08B10120E6E70020E4E7002094
:10838000E2E70000C0020020740200204C2100201F
:1083900010B5044604E00B49204604F0A9F8044651
:1083A0000949204604F068F8F5D304E00549204661
:1083B00003F096FD04460549204603F05DFFF5D322
:1083C000204610BD0000B44300003443000034C315
:1083D000014611B941F2883070470846FCE70000B9
:1083E00010B50F4A128A963291B20E4A1088FFF7E2
:1083F00083FF98B10A4A528AB43291B2094A50882E
:10840000FFF77AFF50B1064A528AB43291B2054A58
:108410009088FFF771FF08B1012010BD0020FCE734
:10842000740200204C21002070B50120FFF730FFBE
:1084300004464FF0FF30FFF72BFF0546AC4201DB4F
:10844000012070BD4FF0FF30FBE7000070B505461E
:10845000FFF7EAFF04462248006828B92048046074
:108460000020204908801BE0D5B11E480088B0F5E7
:10847000827F15DB1A480068844211D02046FFF73E
:1084800007FF064616480068FFF702FF00F59660F2
:1084900080B2864204DD1248046000201149088041
:1084A000104800884EF66021884204DA0D480088A2
:1084B000401C0C4908800A480068012800D100E0EF
:1084C00002200949087306480068012802D10748BC
:1084D000C06870BD0548C06880F00040F9E7000042
:1084E000C0020020BA020020602100207402002097
:1084F000002903DD02888A4200DD01807047000008
:1085000030B50146481EB0F1807F01D3012030BD57
:10851000481E4FF0E022506150170F22002804DB64
:1085200013071C0E094B1C5406E013071D0E084BC5
:1085300000F00F04241F1D5500BF00204FF0E02263
:108540009061072010610020E1E7000000E400E0F6
:1085500018ED00E031B5104800684FF47A71B0FBB7
:10856000F1F52846FFF7CCFF002408E000BF4FF0EC
:10857000E020006900F480300028F8D0641C0098E6
:108580008442F3D34FF0E020006920F001004FF067
:10859000E021086138BD00003C00002031B50F48E3
:1085A00000680F49B0FBF1F52846FFF7A9FF00244A
:1085B00008E000BF4FF0E020006900F480300028A0
:1085C000F8D0641C00988442F3D34FF0E020006997
:1085D00020F001004FF0E021086138BD3C00002090
:1085E00040420F0010B5F9F733FD10BD00B595B04E
:1085F00028210BA8F7F7CEFE142106A8F7F7CAFE2C
:1086000018216846F7F7C6FE01200B9000040C9075
:1086100000200D9001200F9002201290C1031391B1
:108620004FF4E01114910BA8FAF772F808B1F8F7BB
:10863000C2FA0F20069002200790002008904FF405
:108640008060099000200A90022106A8F9F72AFF0D
:1086500008B1F8F7B0FA022000904FF440400290C1
:108660006846F9F787FE08B1F8F7A5FA15B000BD1E
:108670007047000010B50248FBF70AF810BD000073
:108680005804002010B50248FBF702F810BD0000A6
:10869000E804002010B50248FAF7FAFF10BD000008
:1086A0003005002010B50248FAF7F2FF10BD0000B7
:1086B0007805002010B50268204B98420ED0204B60
:1086C00098420BD0B0F1804F08D01E4B984205D095
:1086D0001D4B984202D01D4B984203D122F07002EC
:1086E0004B681A43154B98420ED0154B98420BD04D
:1086F000B0F1804F08D0134B984205D0124B9842EE
:1087000002D0124B984203D122F44072CB681A4334
:1087100022F080034C6943EA040202608B68C36262
:108720000B688362054B984202D0054B984201D1F9
:108730000B6903630123436110BD0000002C01405D
:10874000003401400004004000080040000C0040DC
:1087500030B501F01F05012404FA05F3046A9C43B7
:108760000462046A01F01F0502FA05F52C43046255
:1087700030BD30B50C46816821F47F4142EA0325C3
:1087800025432943816030BD0A46816821F070018C
:1087900042F00703194381607047000030B5056A55
:1087A00025F001050562026A4368846924F07004BB
:1087B00024F003040D682C4322F002028D682A4342
:1087C000104DA84200D103E00F4DA84206D100BFD2
:1087D00022F00802CD682A4322F00402094DA84283
:1087E00002D0094DA84207D123F4807323F400730B
:1087F0004D692B438D692B43436084614D6845630C
:10880000026230BD002C01400034014030B5056AE1
:1088100025F010050562026A4368846924F4E04487
:1088200024F440740D6844EA052422F020028D6887
:1088300042EA0512124DA84200D103E0114DA842B0
:1088400007D100BF22F08002CD6842EA051222F073
:1088500040020B4DA84202D00A4DA84209D123F490
:10886000806323F400634D6943EA85038D6943EA1D
:108870008503436084614D688563026230BD0000FA
:10888000002C01400034014030B5056A25F48075A4
:108890000562026A4368C46924F0700424F003048A
:1088A0000D682C4322F400728D6842EA0522124DB5
:1088B000A84200D103E0114DA84207D100BF22F425
:1088C0000062CD6842EA052222F480620A4DA84285
:1088D00002D00A4DA84209D123F4805323F4005357
:1088E0004D6943EA05138D6943EA05134360C4618A
:1088F0004D68C563026230BD002C01400034014068
:1089000030B5056A25F480550562036A4468C2697A
:1089100022F4E04222F440720D6842EA052223F478
:1089200000538D6843EA0533084DA84202D0084D34
:10893000A84204D124F480444D6944EA851444607B
:10894000C2614D680564036230BD0000002C014027
:108950000034014030B50B461446026A056A25F022
:1089600001050562816921F0F00141EA041122F05C
:108970000A021A438161026230BD000070B50C46E4
:108980001546066A26F0010606628169026A154EDE
:10899000B0420ED0144EB0420BD0B0F1804F08D090
:1089A000124EB04205D0124EB04202D0114EB0422B
:1089B00001D1012600E000261EB121F00301294368
:1089C00001E041F0010121F0F001F02606EA031672
:1089D000314322F00A0204F00A0632438161026246
:1089E00070BD0000002C0140003401400004004034
:1089F00000080040000C004030B50B461446056AE4
:108A000025F0100505628169026A21F4704141EA8E
:108A1000043122F0A00242EA03128161026230BDF9
:108A200070B50C461546066A26F010060662816986
:108A3000026A21F4407141EA052121F470414FF4AA
:108A4000704606EA0336314322F0A002A02606EA69
:108A5000041632438161026270BD70B50C46154642
:108A6000066A26F480760662C169026A21F0030173
:108A7000294321F0F001F02606EA0316314322F4DF
:108A800000724FF4007606EA04263243C1610262A6
:108A900070BD70B50C461546066A26F4805606620F
:108AA000C169026A21F4407141EA052121F4704153
:108AB0004FF4704606EA0336314322F400524FF475
:108AC000005606EA04363243C161026270BD0000FE
:108AD00010B500241C48007806281ED100201B4930
:108AE00008701B48008820B119480088B0F57A7FCB
:108AF0000ADB1748008858B91648008840B1154865
:108B00000088B0F57A7F03DA3220FCF7C1FB02E07F
:108B1000C820FCF7BDFB002010BD0F4800680B49C2
:108B200008700B480088B0F57A7F04DA3220FCF731
:108B3000AFFB012402E0C820FCF7AAFB0348007841
:108B400000B101242046E7E75C0000200600002079
:108B500002000020040000203401224210B5024827
:108B6000FBF7A0F810BD0000C005002070B5054659
:108B70006C6A0020E085E0842046FBF792F870BD27
:108B80000168C96821F490710268D160016849697F
:108B900021F0010102685161016B012905D10168D1
:108BA000C96821F010010268D160202180F83E10D0
:108BB00000210163704710B504462068C06820F0AA
:108BC00040002168C860202084F83D002046FBF763
:108BD00057FE002010BDF8B5044694F83E00222848
:108BE00069D1A068B0F5805F0CD1206950B900252B
:108BF000A66A20684068C0F308003080A06A801C24
:108C0000A06215E0A56A0026A068B0F5805F03D0D9
:108C1000A06828B9206918B920684068287004E065
:108C20002068406800F07F002870A06A401CA062A5
:108C3000E08D401E80B2E085A8BB2068C06820F0AF
:108C400020002168C8602068C06820F48070216816
:108C5000C8602068406920F0010021684861202038
:108C600084F83E00206B01281ED10020206320687C
:108C7000C06820F010002168C8602068006800F01B
:108C8000100010280AD100BF002000902068006862
:108C9000009020684068009000BF00BFA18D204672
:108CA000FAF7FEFF03E004E02046FBF757FA002046
:108CB000F8BD0020FCE70220FAE7000070B504468A
:108CC0002168096921F44051E26811432268116169
:108CD0002269A1681143626941EA02052168C968F5
:108CE00041F20C62914329432268D16021684969AD
:108CF00021F44071A2691143226851612D4A216813
:108D0000914202D1F9F7AAFC01E0F9F797FC00EBD8
:108D1000C00101EB001162689200B1FBF2F100EBBF
:108D2000C00202EB001263689B00B2FBF3F2642303
:108D3000B2FBF3F202EBC20303EB0212A1EB8201DE
:108D4000322202EB01116422B1FBF2F101F0F001D9
:108D500000EBC00202EB001263689B00B2FBF3F26F
:108D60006423B2FBF3F201EB021200EBC00101EB52
:108D7000001163689B00B1FBF3F100EBC00303EB50
:108D800000136668B600B3FBF6F36426B3FBF6F394
:108D900003EBC30606EB0313A1EB8301322303EBC2
:108DA00001116423B1FBF3F101F00F0111442268BA
:108DB000916070BD0038014010B5034699629A85F4
:108DC000DA8500201864222083F83E0000BF0020CE
:108DD00083F83C0000BF1868C06840F480701C68CD
:108DE000E0601868406940F001001C686061186824
:108DF000C06840F020001C68E060002010BD014603
:108E000091F83D00212828D18868B0F5805F0BD10A
:108E1000086948B90A6A1088C0F308000B685860EE
:108E2000086A801C086205E00B6A581C0862187802
:108E30000B685860C88C401E80B2C88458B9086856
:108E4000C06820F080000B68D8600868C06840F0F7
:108E500040000B68D860002070470220FCE700004B
:108E600010B50248FAF71EFF10BD000004060020EE
:108E700010B50248FAF716FF10BD000048060020A2
:108E800000BFFEE72DE9FE4F82468946DFF898B025
:108E90000021484603F054F941D00021504603F028
:108EA0004FF93CD04946504603F088F8064601F099
:108EB000EFF90546594603F0DFF917D80021484677
:108EC00003F0DAFA08D2504601F0E2F905465946B5
:108ED00003F074F8814609E0504601F0D9F980F0BA
:108EE00000455946284603F069F8814649465046F0
:108EF00003F064F802900D49029802F0F1FF014678
:108F000000900B4803F05AF8019002F0BDFF0746AD
:108F100000F00CFD054602F08FF9044600E0002445
:108F20002046BDE8FE8F00003333B33E9EEFA73DE1
:108F3000BC74133E2DE9F0470446894609EB042131
:108F400008B202F02AFC07460022054B02F062FA42
:108F5000054602F071F982465046BDE8F0870000F0
:108F600000408F40490050EAC12018BF04204A0D3C
:108F700018BF40F0010040F2FF72B2EB515F08BF32
:108F800040F00200012808BF052070470248006831
:108F9000C0F30220704700000CED00E010B500287F
:108FA00004DB0A07130E054A135406E00A07140EE1
:108FB000034A00F00F031B1FD45410BD00E400E06F
:108FC00018ED00E02DE9F74F144694B00021C4E9F4
:108FD00002111599079121F00045C9498D4206DC1F
:108FE0001599C4E9000117B00020BDE8F08FC5490C
:108FF000DFF814A3A9423CDD0799C44E0029C44FF1
:10900000C44A1599534619DD02F054FE554506D061
:10901000C14AC24B02F04EFEC4E900010AE04FF023
:10902000D352BE4B02F046FE32463B4602F042FEB1
:10903000C4E9000117B00120BDE8F08F02F02EF95D
:10904000554506D0B44AB54B02F028F9C4E90001F1
:109050000AE04FF0D352B14B02F020F932463B46C2
:1090600002F01CF9C4E9000117B04FF0FF30BDE871
:10907000F08FAB49A942159978DB21F00041834676
:109080008846A84AA84B02F0EFFB0022A74B02F04B
:1090900005F902F053FB099002F07FFB06460F46EC
:1090A0009C4A534602F0E0FB43465A4602F010FD4C
:1090B00080468A46984A994B3046394602F0D4FB9E
:1090C0002A0D01250B924246534602F001FD032D65
:1090D000C4E9000139D00B98C1F30A51401A05EBDD
:1090E00045111139814230DA9148C346784400EB8A
:1090F0000510CDF80CA00C90D0E90023304639467D
:1091000002F0B2FB02460B460491069058460399C2
:1091100002F0D0FD80468A4602460B465846039927
:1091200002F0C8FD049B069A02F0C4FD83460C9829
:1091300003913946D0E90223304602F095FB5A46A6
:10914000039B02F0B7FD6D1CBDE707980028A2BF86
:10915000099817B0BDE8F08F616881F00041616047
:10916000099817B04042BDE8F08FFFE78446159894
:10917000C1F31301C0F30A50A0F2F5304FEA6018B2
:1091800000F01F06C6F12000139000200690079003
:1091900041F4801E05206D4676B1664A08EB000159
:1091A0007A4452F8213002EB8101B3404A681399A6
:1091B00022FA01F1194305E05F4908EB0002794406
:1091C00051F82210A1FB0E27A1FB0C131A449A425E
:1091D00034BF0123002303EB070A05EB8003D3E927
:1091E00001B70F448F4234BF0121002193448B44C7
:1091F00011B1934502D903E0934501D2012100E06A
:109200000021C3E901B7514445F82010011EA0F127
:109210000100C1DC0298059F00F10050800F129000
:109220000298DDE90356800002F0B7FA834628462B
:109230000D9102F0C9FA6FF01D0203F000FACDE9BA
:109240000E01304602F0C0FA6FF03D0203F0F7F96C
:1092500080468A46384602F0B7FA6FF05D0203F0A6
:10926000EEF9074642465346119102F017F8DDE940
:109270000E2302F013F85A460D9B02F00FF800255A
:109280000E465A4628460D9B02F014FDDDE90E23DA
:1092900002F010FD4246534602F00CFD3A46119B87
:1092A00002F016FCDFF898A0244A534602F0DCFADC
:1092B00007468846234A244B3146284602F0D4FA12
:1092C0003A46434601F0EAFF074688464FF0A84277
:1092D00053463146284602F0C7FA3A46434601F063
:1092E000DDFF159A12F0004F04D0129A81F0004170
:1092F00052421292C4E90001129817B0BDE8F08FF3
:10930000FB21E93F7CD90240FB21F93F7370032E1A
:109310008A19A33B000040543163621A61B4D03D06
:10932000FB21394183C8C96D305FE43F0000E03F55
:10933000E85700006457000046570000182D4454B9
:10934000FB21F93D3326A611460B113C2DE9F041D6
:109350004F1E00EBC7010446D1E9000115461E4629
:1093600037F006020DD02A46334602F07DFA7F1E02
:1093700004EBC703D3E9002301F090FF37F00602A6
:10938000F1D1022F25D0042F13D0062F18BFBDE82E
:10939000F0812A46334602F067FAD4E90A2301F045
:1093A0007DFF2A46334602F05FFAD4E9082301F034
:1093B00075FF2A46334602F057FAD4E9062301F036
:1093C0006DFF2A46334602F04FFAD4E9042301F038
:1093D00065FF2A46334602F047FAD4E9022301F03A
:1093E0005DFF2A46334602F03FFAD4E90023BDE888
:1093F000F04101F053BF00002DE9F04D04468CB060
:10940000904821F00047164698460D46099187423C
:1094100006DA2046294602F091F9002800F0AE80D5
:109420008948B8421CDC09980028BCBF85F000457B
:1094300088F00048854A864B2046294602F048FBC2
:1094400004460D46324643468248834902F032FCC8
:1094500022462B4601F022FF002604460D46B04668
:1094600022462B461046194602F0FEF98B468246EC
:1094700002460B4602F0F8F90246089077480B4680
:10948000009106217844FFF761FFCDE9031074488D
:1094900006217844009B089AFFF758FF52465B4626
:1094A00002F0E2F9CDE9051052465B462046294616
:1094B00002F0DAF907910090DDE90310DDE90532E9
:1094C00001F0ECFE079B009A02F0CEF932464346CB
:1094D00001F0E4FE52465B4602F0C6F932464346CE
:1094E00001F0DCFE80460E465E4A5F4B079900980D
:1094F00002F0BAF94246334601F0D0FE82468B466E
:1095000022462B4601F0CAFE80464F480E46B8421E
:1095100014985BDC02F041F9074642463346059158
:1095200001F0BCFECDE90110424633461046194613
:1095300002F09AF9DDE9013201F06CFF52465B4618
:1095400002F0B8FB22462B4602F0C2FA012203F0D9
:1095500076F83A46059B02F0BBFA04460D46099898
:10956000022101EAA070C0F1010002F016F90CB06E
:1095700022462B46BDE8F04D02F076B91498401C07
:10958000384320430BD01498012812D00CB0224647
:109590002B46BDE8F04D0020344901F03BBF0CB034
:1095A00025F000432246BDE8F04D0020304901F08F
:1095B00031BF20462946FFF7D5FC042808BF00F03C
:1095C00073F820460CB02946BDE8F08D012802BF93
:1095D00040460CB0BDE8F08D00270B463A462046C9
:1095E000294602F075FA52465B4602F071FA0446CB
:1095F0000D464246334600201C4901F00BFF8346CE
:109600003A4688463346104602F02EF90022184B9F
:1096100001F044FE06468A4622462B46384641461D
:1096200002F022F93246534601F038FE5A464346CC
:1096300002F01AF90CB03A464346BDE8F04D01F08D
:109640002DBE00000000303E2894E53F182D445404
:10965000FB21E93F075C143326A6813C1855000026
:109660003A550000635555555555D53F0000F0BF9C
:109670000000F03F002213461046014901F0CABE27
:109680000000F03F012202F0DABF01F007BE002225
:1096900013461046114601F0BDBE40F201320020D3
:1096A0004FF0E04102F0CBBF024A0020110702F068
:1096B000C6BF000001FDFFFF00BF70472DE9F04D60
:1096C0008D4F21F0004A86B005460C46BA452ADB8C
:1096D000AAEB070028430AD08848824501DC1AD14A
:1096E000CDB106B02846BDE8F04DFFF7CBBF844AA8
:1096F000844B284602F0B8F807460E46824A834B50
:109700002846214602F0B0F806B03A463346BDE896
:10971000F04D01F0C3BD0120F6F76CFE06B0BDE8C8
:10972000F04DFFF7B4BF7A48824542DABAF1795F6B
:109730000BDA2846FFF716FC042808BFFFF7B4FF32
:10974000284606B02146BDE8F08D2A460B46104655
:1097500002F08AF8834602466E480E460B46062102
:109760007844FFF7F3FD5A46334602F07DF8804611
:1097700069488A465A46334604217844FFF7E6FD95
:109780005A46334602F070F800223B4601F086FD4F
:1097900002460B464046514601F03CFE2A4623460F
:1097A00002F062F806B02A462346BDE8F04D01F00B
:1097B00075BD284624F0004100223D463B4602F09C
:1097C00087F94FF0FF3202F03AFF0646024653484F
:1097D0000F460B4606217844FFF7B8FD32463B465C
:1097E00002F042F8CDE900014D4832463B460421E3
:1097F0007844FFF7ABFD32463B4602F035F80022D5
:109800002B4601F04BFD834602913046394601F06C
:109810009BFC804643480D46504517DCDDE90001BE
:109820005A46029B01F0F6FD42462B4602F01CF818
:1098300042462B4601F032FD012202F000FF304A81
:10984000304B02F037FA304A304B4CE04FF0000A10
:1098500052460B46404601F021FDCDE90310524629
:109860002B461046194601F0FFFF32463B4602F0F8
:109870002FF9DDE9033201F0CDFD06460F46DDE9A3
:1098800000015A46029B01F0C5FD8346009101226A
:109890003046394602F0D3FE194A1A4B02F018F945
:1098A00006460F4601224046294602F0C8FE5A46A7
:1098B000009B01F0D9FF32463B4602F0FBF9064619
:1098C0000F4601225046294602F0B9FE0E4DDFF840
:1098D00058802A46434602F0FBF832463B4602F0E7
:1098E000F7F82A46434602F0F3F8002CD8BF81F07F
:1098F000004106B0BDE8F08D0000F03F0000F07FB1
:10990000075C143326A6913C182D4454FB21F93FE3
:109910000000E03FFC4F000012500000864F0000A6
:109920009C4F00003333EF3FFB21E93F2DE9F84F17
:1099300004460D4621F0004000917349814211DC3C
:109940007249884201DC06D12CB120462946BDE887
:10995000F84FFFF797BE6E48002DCCBF6D496E499A
:10996000BDE8F88F6D49814211DD6D498142D8BF54
:109970004FF0FF366DDD20462946FFF7F3FA042845
:1099800008BFFFF791FE20462946BDE8F88F6549DC
:10999000654F25F00045814233DD6449814219DD80
:1099A000002632464FF080432046294601F076FCDF
:1099B00080468A4601222046294602F040FE0022C7
:1099C0003B4602F077F94246534601F023FD044638
:1099D0000D463EE001260022BA463B462046294677
:1099E00001F05CFC80460F46002253462046294683
:1099F00002F060F942463B4601F00CFD04460D467C
:109A000027E04B4981421BDDDFF828A10226002216
:109A100053462046294601F027FF00223B4601F02D
:109A20003DFC80460F46002253462046294602F060
:109A300041F942463B4601F0EDFC04460D4608E084
:109A4000032622462B4600203B4901F0E3FC044656
:109A50000D4622462B461046194601F005FF8B465F
:109A6000824602460B4601F0FFFE07460246334897
:109A700088460B4606217844FFF768FC52465B4651
:109A800001F0F2FE82462E488B463A4643460521B7
:109A90007844FFF75BFC3A46434601F0E5FE024698
:109AA0000B46002E504659460CDA01F0F7FB2246D1
:109AB0002B4601F0D9FE01B022462B46BDE8F04FFF
:109AC00002F006B801F0EAFB22462B4601F0CCFE7C
:109AD0001C4A7A4402EBC603D3E9002302F0EAF8F9
:109AE00022462B4602F0E6F8174A7A4402EBC603F8
:109AF000D3E9002301F0ECFF009A002AB8BF81F0FF
:109B00000041BDE8F88F0000000010440000F07F25
:109B1000182D4454FB21F93FFB21F9BF0000DC3F25
:109B20000000203E0000F33F0000F03F0000E63F51
:109B3000008003400000F83F0000F0BF9E4D000091
:109B40005C4D0000FA4C0000C24C00002DE9F04DC5
:109B50009446CCF1000423F000464CEA0404594F2B
:109B600046EAD4749A46884621F00042BC4206D8A0
:109B7000454240EA050442EAD474BC4204D9BDE837
:109B8000F04D6246FFF781BDAAF14055A5F17F6512
:109B900055EA0C040BD0022404EAAA744A4DDFF8FB
:109BA0002CE144EAD87452EA000B04D00CE0BDE882
:109BB000F04DFFF7BBBE002C14BF012CBDE8F08DAB
:109BC000022C30D0032C32D056EA0C0B0AD0BE4205
:109BD00020D1BA4209D126F0804622F08042334695
:109BE000114617E000291ADB25E0DFF8E4B0FB445A
:109BF000002C04BFDBE90001BDE8F08D012C02BFA1
:109C0000DBE9000181F00041BDE8F08D022C0AD0B3
:109C1000032C0CD0BA4212D1B8F1000F0BDA2A484B
:109C20002C49BDE8F08D28462B49BDE8F08D28462B
:109C30007146BDE8F08D24482849BDE8F08D921B9F
:109C400012153C2AC4BF204F244E10DCBAF1000F7D
:109C5000BEBF12F13C0F00273E4608DB624601F012
:109C6000D9FB21F00041FFF761FE07460E4694B193
:109C7000012C08BF86F000460DD0194A194B022C62
:109C80003846314615D002F015F82A46BDE8F04DA9
:109C9000114B02F00FB8002213463846314601F04E
:109CA00011FD04BF0220F6F7A5FB38463146BDE89A
:109CB000F08D01F0FFFF2A46BDE8F04D064B01F0A4
:109CC00007BF00000000F07F182D4454FB2109C09D
:109CD000DE4C0000FB21F9BFFB210940FB21F93FCD
:109CE000075C143326A6A13C2DE9F04F97B0CD496F
:109CF000888801F069FD0022CB4BCDE9080101F015
:109D000089FB074601F098FA8146C649488D01F063
:109D10005BFD0022C44BCDE9080101F07BFB074647
:109D200001F08AFA824630210AA8F6F733FBBF49D0
:109D3000484602F0DDFB81460746002102F09CFA0E
:109D400004D2BB49484602F0CBF88146B749504699
:109D500002F0CEFB82460746002102F08DFA04D2C3
:109D6000B349504602F0BCF882465146484602F0DC
:109D700083FB04D2AE49504602F0B2F8824600247A
:109D80004FE0204601F020FDCDE902014946504652
:109D900002F0AEFB834602F077F807460022A54B9F
:109DA00001F038FBCDE90001DDE9022301F05CFDA3
:109DB000CDE90601484602F067F8CDE90401DDE986
:109DC000062301F06BFACDE9080101F035FA0AA982
:109DD00041F8240051F8240002F056F8074600220A
:109DE000954B01F03FFE1AD29448006870B90120EB
:109DF00092490860924804600AA951F824008C49ED
:109E000002F076FB0AA941F8240008E00AA951F8FB
:109E10002400874902F06CFB0AA941F82400601C69
:109E200084B20C2CADDB8249504602F025FA0AD8E8
:109E30008449504602F020FB05D801207F49086084
:109E40000C207F4908607D48006800287ED00025EE
:109E50001CE00AA850F825007B490968294401EB59
:109E600041017A4A02EB4101C1F8020005EB4501CC
:109E70006C48801D0844008873490968294401EB37
:109E8000410102EB41010880681C85B26C48006802
:109E90008542DEDB6C4800686949096808446A4904
:109EA000086008460068B0F5C37F01DD0020086047
:109EB00000261CE06248006830440AA951F82000DE
:109EC00006EB4601624A02EB4101C1F802005C4820
:109ED0000068304400EB40015248801D084400886F
:109EE00006EB460102EB41010880701C86B2544823
:109EF0000068C0F10C00B042DCDC00241AE004EB86
:109F00004400524901EB4000D0F8020004EB440148
:109F1000504A02EB4101C1F8020004EB44004B49F6
:109F200001EB4000008804EB440102EB4101088092
:109F3000601C84B2444800688442E0DB4248006808
:109F40004549086001204549087000E005E000200F
:109F50003A4908603C49086061E0002551E03F480B
:109F6000007888B300261AE006EB4600384901EB7A
:109F70004000D0F8020006EB4601344A02EB4101F2
:109F8000C1F8020006EB4600314901EB40000088B1
:109F900006EB460102EB41010880701C86B228489E
:109FA0000068C0F10C00B042DEDC00202B490870D4
:109FB00023480068C0F10C0023490968084422497D
:109FC000086000201E4908600AA850F825001E49B4
:109FD0000968294401EB41011C4A02EB4101C1F827
:109FE000020005EB45010F48801D08440088164912
:109FF0000968294401EB410102EB41010880681C1A
:10A0000085B20C2DABDB104800680C300E4908609F
:10A0100008460068B0F5C37F01DD0020086017B076
:10A02000BDE8F08F1C21002000005940000034439F
:10A030000000B4430000254000807640240000204A
:10A04000280000200080B343200000209C0D002049
:10A05000D4200020741700201C00002018000020CD
:10A060002DE9F0410446E07800F0C006E07800F009
:10A070003F05607800F0010098B1EF102846E9171D
:10A0800005EB5171C910A5EBC101491C01F0FF0896
:10A090000B48006820B10A4841460268384690479C
:10A0A00000BF607800F0080030B10548406818B182
:10A0B000B011034A516888470020BDE8F0810000D4
:10A0C0008C2100202DE9F04F8DB0074688461546BB
:10A0D0009946DDE9166B0024002030806B49887BAF
:10A0E0005A4605A900F0F2F918B1601E0DB0BDE89E
:10A0F000F08F6648807A00F01400002867D09DF841
:10A10000140000069DF8151040EA01409DF8161055
:10A1100040EA01209DF81710084328609DF81800B8
:10A1200000069DF8191040EA01409DF81A1040EA17
:10A1300001209DF81B10084368609DF81C00000674
:10A140009DF81D1040EA01409DF81E1040EA0120D4
:10A150009DF81F100843A8609DF8200000069DF898
:10A16000211040EA01409DF8221040EA01209DF8AC
:10A1700023100843E86004F11000C4B228680014FA
:10A180000190686800140290A86800140390E868C1
:10A190000014049001984043029901FB01000399C7
:10A1A00001FB0100049901FB010ABAF1706F02DBA7
:10A1B000BAF1885F05DD00F0E9F900203080401E2B
:10A1C00094E7B6F9000040F48070308000BF2F485B
:10A1D000807A00F0400020B305A9601C085C095D8E
:10A1E00040EA012000B2A8F8000005A9E01C095CC3
:10A1F00005AAA01C105C41EA002000B2A8F80200E9
:10A2000005A9601D095C201D105C41EA002000B218
:10A21000A8F80400A01DC4B2B6F9000040F0080080
:10A2200030801A48408900F4C07008B305A9601C4A
:10A23000085C095D40EA012000B2388005A9E01CF5
:10A24000095C05AAA01C105C41EA002000B27880DD
:10A2500005A9601D095C201D105C41EA002000B2C8
:10A26000B880A01DC4B2B6F9000040F07000308084
:10A270000648807A00F0030018B105A90819FFF715
:10A28000EFFE484600F068FA00202FE78C210020FE
:10A2900010B504460021204602F0EEF801D8204611
:10A2A00010BD84F00040FBE70D4A12785AB100BFA0
:10A2B0000C4A126802F04002002AF9D0C2B2094BDF
:10A2C0001B1D1A600AE000BF074A126802F0400234
:10A2D000002AF9D0C2B2044B1B1D1A60704700005F
:10A2E0000C00002000480040003801402DE9F041FA
:10A2F00006460F4614461D46FAF7C4FB10B9012066
:10A30000BDE8F0817106080EFAF78AFBFAF712FC35
:10A3100018B9FAF7EBFB0120F2E73846FAF780FBB1
:10A32000FAF708FCFAF7AEFB012101EB4601C8B2CF
:10A33000FAF776FBFAF7FEFB0DE0012C04D10020C2
:10A34000FAF736FB287003E00120FAF731FB28709A
:10A350006D1C601EC4B2002CEFD1FAF7C7FB0020C1
:10A36000CEE72DE9F04105460E4617469846FAF726
:10A3700089FB10B90120BDE8F0816906080EFAF7E3
:10A380004FFBFAF7D7FB18B9FAF7B0FB0120F2E759
:10A390003046FAF745FBFAF7CDFB00240BE018F83E
:10A3A0000400FAF73DFBFAF7C5FB18B9FAF79EFB74
:10A3B0000020E0E7641CBC42F1DBFAF797FB0020C9
:10A3C000D9E7000000240025F7F74EFEFEF70EF94E
:10A3D000FBF792FAFBF72CFAFBF75AFAFBF72AFC89
:10A3E000FBF78EFCFBF710FDFBF758FDFBF778FD44
:10A3F000FBF798FDFBF78AFE47214FF6FF70FCF74D
:10A4000029F8FBF7C1F90120274908700122C1038F
:10A410002648F7F711FE4FF49670FEF79BF80022DE
:10A420004FF400412148F7F707FE1F480078012844
:10A4300001D1FBF745FBF6F721FA09201C4908700A
:10A44000FDF742FCFBF7A6FC2CE01A480078B8B1F7
:10A45000012208211848F7F7EFFDFCF7D7F9F6F7C6
:10A460000FF9164800880444681CC0B2054632281B
:10A470000DD1B4FBF0F0124908800025002406E05D
:10A48000002208210C48F7F7D7FDF6F7A7FA0120BC
:10A490000C49087000200C49087000BF094800787A
:10A4A0000028FBD1D1E700000B000020000801408C
:10A4B0005C0000200C00002000100140040000207F
:10A4C000020000200100002000000020F8B5044632
:10A4D0000F4616462C4890F8240010B94FF0FF3074
:10A4E000F8BD2948807A10B94FF0FF30F8E7264AC6
:10A4F0001268917A244A526810786B460222FFF75C
:10A50000F5FE10B14FF0FF30EAE79DF801009DF82D
:10A51000001040EA0125A54203DA00203070401EF9
:10A52000DEE7194840684088B5EB600F17DD164A32
:10A530001268517C144A526810786B460122FFF76A
:10A54000D5FE10B14FF0FF30CAE79DF8000000F0D3
:10A55000100020B100F01AF86FF00100C0E7E2B27D
:10A56000094B1B68D97A084B5B6818783B46FFF7A4
:10A57000BDFE10B14FF0FF30B2E795FBF4F0401E86
:10A5800030700020ACE700000003002008B56D48E3
:10A59000807A10B94FF0FF3008BD00200090694A62
:10A5A0001268D17B674A526810786B460122FFF728
:10A5B000D8FE10B14FF0FF30EEE7624A12685179D1
:10A5C000604A526810786B460122FFF7CAFE10B14C
:10A5D0004FF0FF30E0E75B4A12681179594A526840
:10A5E00010786B460122FFF7BCFE10B14FF0FF3030
:10A5F000D2E7544890F82400002850D00C20009056
:10A60000504A126811794F4A526810786B460122FD
:10A61000FFF7A7FE10B14FF0FF30BDE7C02000905C
:10A620004848807A00F0010020B19DF8000040F019
:10A6300020000090434A12681179424A526810780B
:10A640006B460122FFF78DFE10B14FF0FF30A3E7FC
:10A650003C48407C10B10220009001E000200090B6
:10A66000384A1268D17B374A526810786B4601220B
:10A67000FFF777FE10B14FF0FF308DE7002000901C
:10A68000304A126851792F4A526810786B4601227D
:10A69000FFF767FE002852D04FF0FF307CE7042020
:10A6A0000090284A12681179264A526810786B4641
:10A6B0000122FFF756FE10B14FF0FF306CE7214842
:10A6C000807C20B91F48807A00F0010010B940203A
:10A6D000009001E0602000901A4A12681179194A2E
:10A6E000526810786B460122FFF73BFE10B14FF025
:10A6F000FF3051E71348407C10B10120009001E089
:10A70000002000900F4A1268D17B0E4A52681078E0
:10A710006B460122FFF725FE10B14FF0FF303BE7FB
:10A72000084A12685179074A52681078054B10336D
:10A730000122FFF716FE10B14FF0FF302CE700208A
:10A740002AE70000000300200146002901DD0A4637
:10A7500000E04A4290B27047704710B502460120AF
:10A7600000E050430B1EA1F10104E1B2F9D110BD8C
:10A770002DE9F04D1D460C4698B0174621F00041DA
:10A7800023F00043002814BF4FF0010C4FF0000CE1
:10A790000CEB440CFE4A0CEB02064FEA620C6645D9
:10A7A0002BD33E0018BF012606EB45061644F94A96
:10A7B000964222D3F84A53EA070C02D0944205D1BC
:10A7C00048B918B000201146BDE8F08D002808BF38
:10A7D0004FF0000C01D04FF0010C0CEB440212F5CD
:10A7E000001F0AD8002F14BF4FF0010C4FF0000CCF
:10A7F0000CEB450212F5001F07D918B03A462B465C
:10A800002146BDE8F04DFEF740BF0022DFF88CA3E3
:10A81000002CB8BF534526DADFF884C36345A8BFD0
:10A82000022220DADFF870C39C451CDCDFF874C319
:10A830000CEB235CBCF1140F08DDCCF1340627FAD5
:10A8400006FC0CFA06F6BE420DD108E05FB9CCF169
:10A85000140623FA06FC0CFA06F69E4203D10CF00D
:10A860000102C2F1020251EA000C19D1002D17DADF
:10A87000002C18BF022A01D0012A07D00220F5F7C8
:10A88000B9FD18B0BDE8F04DFEF7F4BE0220F5F7B3
:10A89000B1FDFEF7EFFE18B081F00041BDE8F08D8C
:10A8A000B7F1000C6CD1534525D104F1804212F56B
:10A8B000801201BF00280020B74918B008BFBDE8CA
:10A8C000F08DB548884207DC002DA1BF60462946BF
:10A8D00018B0BDE8F08D07E0281E05DA80F00041D1
:10A8E00018B06046BDE8F08DAF497944D1E9000168
:10A8F00018B0BDE8F08DDFF8A0C2634525D1002D6A
:10A900001FDA19B1514512D1D8B909E0002840F039
:10A91000EC82A24A214618B062F31E01BDE8F08D18
:10A920000020214618B060F31E01BDE8F08D08DA62
:10A9300018B02346BDE8F04D02460020614600F005
:10A9400069BD18B02146BDE8F08D514518DAB5F162
:10A95000804F0DD0A5F1005CBCF1FF5C10D1B4F1CB
:10A96000000C0DDB18B06146BDE8F04D00F0ECBB0B
:10A97000234618B00246BDE8F04D194600F074BFFA
:10A98000060024F0004C3BD1D9B1514533D1002C05
:10A9900006DD002DA1BF0020514618B0BDE8F08DA6
:10A9A000002C01DD002D1BDB002C13DA002D11DB48
:10A9B000012A4FF0000014BF78497C4918B0BDE867
:10A9C000F08D022A18BF002C0AD0012A08D1002CD1
:10A9D00006DA0AE0002CB8BF002D11DA012A04D0F3
:10A9E000002018B00146BDE8F08D18B000204FF0EF
:10A9F0000041BDE8F08DA1F14050B0F17F601AD068
:10AA0000012000EBE47050EA020421D0624C521E97
:10AA10004FF0000B104304BF4FF0000B644C65482F
:10AA200083427CDD644A654893421FDD884217DB20
:10AA3000002D25DB37E0002C00DA4AB1022A0CBFDA
:10AA400001204FF0FF3018B0BDE8F04D00F0A5BE7A
:10AA50000120F5F7CFFC18B0BDE8F04DFEF717BEAA
:10AA60004D4A8A4202DC002D0ADC1CE0814202DAF7
:10AA7000002D18DA04E0484B994220DD002D12DD4C
:10AA80000220F5F7B7FCFEF708FE05460E46002249
:10AA900053465846214600F0E7FE18B066F31E0103
:10AAA0002846BDE8F08D0220F5F7A4FCFEF7FCFD7A
:10AAB0000A46214618B062F31E01BDE8F08D00225F
:10AAC0003046614601F0F6F880460E466FF001020E
:10AAD00001F0B5FD4FF05532394B00F0F9FF424619
:10AAE000334600F0C1FE0022364B00F0F1FF8246F3
:10AAF0004246334604911046194600F0B5FE5246D0
:10AB0000049B00F0B1FE8A4600904FF0C0422E4BED
:10AB10004046314600F0A8FE2C4A2B4B00E027E0CF
:10AB2000CDE906015146009800F09EFE8246019153
:10AB3000274A284B4046314600F096FE5246019B7C
:10AB400001F0B8F882460B4602460591DDE90601A0
:10AB500000F0A4FBDDE9062300268846304601F01C
:10AB6000A9F85246059B00F0B3FF024600F07EB9FB
:10AB70000020B1F5801F07DA35223046614601F02A
:10AB80005EFD06466FF0340000EB215024E000002B
:10AB9000FFFF1F00FFFF0F000000F03F0000F07FED
:10ABA0000000404301FCFFFFE23F00000000F0FF17
:10ABB0000000F0BF0000E0410000F043FFFFEF3F66
:10ABC0005555D53F0000E03F4715F73FFE822B6506
:10ABD00044DF5DF80BAE543EA0F2FF300190C1F3AC
:10ABE000130040F07F6141F040510291FE498842DC
:10ABF000D8BF002004DDFD498142C8BF012001DD2E
:10AC00000D9008E000200D900198401C01900298E2
:10AC1000A0F5801002900299F54878440B910D99A7
:10AC200000EBC100D0E900230F9330460A920B9944
:10AC300001F040F8CDE90601DDE90A2130460F9B1D
:10AC400000F02CFB02460B460020EA4900F0E2FB34
:10AC5000059102460B460090DDE9060100F004FE76
:10AC60001490E5488A464FF000087844029900683D
:10AC700012904FF0005040EA61010D980F9B01EBDC
:10AC8000804000F5002109910A9A129801F012F80B
:10AC900032460B9B00F01CFF4246534600F0E4FD99
:10ACA0000646029140465146099B129A00F0DCFD8F
:10ACB000DDE9062300F00CFF3246029B00F0FAFFAC
:10ACC000059B009A00F0D0FD0091149A0490534621
:10ACD0001046194600F0C8FD06460246C7480B4616
:10ACE000029106217844FEF731FBCDE90510029B65
:10ACF00032461046194600F0B7FDDDE9053200F096
:10AD0000B3FD05910646534640461946149A00F095
:10AD1000C5FA009B049A00F0A7FD3246059B00F09F
:10AD2000BDFACDE90510424653461046194600F0DB
:10AD30009BFD0022B24B02910A9000F0AFFADDE9D0
:10AD4000053200F0ABFA0E464246AD4B404600F0ED
:10AD5000B1FF029B0A9A00F0ADFFDDE9053200F079
:10AD6000B7FE424602910A9033461046514600F023
:10AD70007BFDCDE906015346149A02990A9800F02A
:10AD800073FD8A460290334642460099049800F0CB
:10AD90006BFD5346029A00F081FA82460B4602464A
:10ADA0000591DDE9060100F079FADDE906230020CE
:10ADB0008846064600F07EFF5246059B00F088FE5E
:10ADC000824609914FF060428E4B3046414600F07A
:10ADD0004BFD049006918C4A8A4B5046099900F02D
:10ADE00043FD82460291894A894B3046414600F034
:10ADF0003BFD5246029B00F051FA864B7B440D9A74
:10AE000003EBC203D3E9002300F048FA0E90079148
:10AE1000019800F0C2FC0591DDE9061382460E9A06
:10AE2000049800F03BFA7C4A7A440D9B02EBC30382
:10AE3000D3E900230093029200F030FA5246059BBA
:10AE400000F02CFA0026884652463046059B00F05A
:10AE500031FF009B029A00F02DFF069B049A00F040
:10AE600029FF079B0E9A00F033FE024600200B4696
:10AE700002903846294600F0F7FC824601912B46A5
:10AE800038461946029A00F015FF3246434600F054
:10AE9000EBFC5246019B00F001FA07468A46324617
:10AEA00043462946029800F0DFFC05460E463A4626
:10AEB000534600F0F3F9594A8846914221DBA8EB4A
:10AEC000020353EA000210D12A46334600F0F2FE94
:10AED000CDE90401524A534B3846514600F0DEF9A1
:10AEE000DDE9042300F0BEFD21D20220F5F782FA4D
:10AEF000FEF7D3FB0A46214618B062F31E01BDE8F7
:10AF0000F08D494B28F000429A4210D3474A08EB93
:10AF1000020353EA00027FF4C6AD2A46334600F02E
:10AF2000C9FE3A46534600F09DFD7FF6BCAD0022B7
:10AF3000019228F000403E493E4A01EB20518242F6
:10AF400023DA481C4FF4801121FA00F040443A4AB9
:10AF5000C0F30A517A44394BA1F2FF31CB4020EAC9
:10AF60000303C0F3130040F48010C1F11401C84082
:10AF700012680190B8F1000FBCBF40420190284612
:10AF8000314600F097FE05460E462A4633463846BF
:10AF9000514600F083F94FF000084246284B4046E6
:10AFA000059100F061FCCDE90601264A264B40469A
:10AFB000059900F059FC009102902A46334640461C
:10AFC000059900F077FE3A46534600F081FD1F4A8E
:10AFD0001F4B00F049FC009B029A00F05FF9074606
:10AFE000884602460B4635E08E9803007AB60B0081
:10AFF0002A3C00000000F03F623C0000903B000053
:10B000000000084009C7EE3FFD033ADCF5015B1480
:10B01000E02F3EBE683A00002C3A0000000090404D
:10B02000FE822B654715973C00CC904000346F3F63
:10B0300001FCFFFF0000E03F78390000FFFF0F0038
:10B04000432EE63F396CA80C615C20BEEF39FAFE56
:10B05000422EE63FDDE9060100F020F9DDE9062396
:10B0600005460E4600F026FE3A46434600F030FD07
:10B070000F462A46334600901046194600F0F4FB6E
:10B08000824602462E4888460B4605217844FEF744
:10B090005DF95246434600F0E7FB2A46334600F08E
:10B0A00017FD80468A463B4628463146009A00F006
:10B0B000DBFB3B46009A00F0F1F80691009000227D
:10B0C0004FF080434046514600F0F4FD0F460C908F
:10B0D000424653462846314600F0C6FB3B460C9A92
:10B0E00000F098F9069B009A00F0E4FD2A463346EA
:10B0F00000F0E0FD0022134B00F0EAFC0546019849
:10B100000E4601EB00510815002810DC2846314698
:10B11000019A01F094FAFDF725FF042808BFFEF715
:10B12000C3FA28463146019A01F089FA05460B46D2
:10B1300018B02A4658462146BDE8F04D00F094BBB1
:10B14000183800000000F03F2DE9F04106460F4698
:10B1500000F0CAFC041E0D4618BF0120284320F051
:10B160000040C0F17F6000F1E040C00F0ED0301C05
:10B1700018BF0120384320F00040C0F17F6000F18B
:10B18000E040C00F04BF0120F5F734F920462946FE
:10B19000BDE8F08110B5164B21F00042012486B0C5
:10B1A0009A4203DC0022134600941CE0114B9A42A1
:10B1B00008D140B94FF00100F5F71CF9FEF767FA26
:10B1C00006B010BD03DBFEF75DFA06B010BD02AAA3
:10B1D000FDF7F8FE00F00100A4EB40000DF1080CB3
:10B1E00000909CE80F00FEF707F906B010BD0000C4
:10B1F000FB21E93F0000F07F70B506460D4614467E
:10B200002946304601F038F801D2284670BD214663
:10B21000304601F031F901D22046F7E73046F5E734
:10B2200003468B4201DA08467047934201DD10461F
:10B23000FAE71846F8E7000021F00042A2F1605258
:10B24000B2F5801F01F0004328BFD2F17F6C0BD90B
:10B250005FEA001C43EAC20242EB507018BF70471D
:10B2600028BF20F001007047B2F5801FBCBF184610
:10B2700070474FEA410C1CF5001F02D2084601F04E
:10B28000F6B870B500F09AFB00000089FFF7F6BF32
:10B290004FF00040A0F580007047000010B591EA23
:10B2A000030F48BF83F0004300F10C85841A71EB53
:10B2B000030C05D2121943EB0C03001B61EB0C01CC
:10B2C000DFF824E14FEA1154A4EB135C1EEA430FAC
:10B2D00018BF9EEA445F73D023EA0E03DCF1200E10
:10B2E00021EA045143F4801332D322FA0CFE10EB0E
:10B2F0000E0023FA0CFE41EB0E01CCF1200E03FAF6
:10B300000EFE10EB0E0051F10001B1F5801FCCF1E3
:10B31000200E32D201EB045112FA0EF2BDE81040B9
:10B3200058BF7047401C38BF5FEA420218BF7047E1
:10B33000002814BF20F0010041F100014FEA410351
:10B3400013F5001F38BF7047A1F1C04100F084BB66
:10B35000012A43EB0302ACF1200CDCF11F0E32BFDB
:10B360004FF0000E23FA0CF310EB030041EB0451F5
:10B37000B4EB115FD0D0A1EB045101F58011490865
:10B380005FEA300001EB04510ED350F1000038BFEA
:10B3900012FA0EFE08D1BDE81040C9E7401C38BFC4
:10B3A0005FEA4202CAD1C3E7BDE810404FEA410359
:10B3B00013F5001F38BF7047A1F1C04100F04CBB2E
:10B3C0009EEA445F08D011EA5E0FBDE8104004BF5A
:10B3D00001F0004100207047BDE8104070B500F05A
:10B3E000EDFA00BF64FBBE3E0000E0FF02494FF0F3
:10B3F000000001F0F2B800BF0000F87F491058BF0C
:10B40000C1F140415B1058BFC3F140438B42EFF3A1
:10B41000008070472DE9C04130B4DFF8A0C23CEA9B
:10B42000111418BF3CEA131400F0EC8081EA030504
:10B430001CEA111444EAD57418BF1CEA131500F075
:10B44000C780A4EB05044FF0004545EAC12145EA59
:10B45000C32341EA505143EA525304F17F749942A5
:10B4600004F500344FEAC0204FEAC22208BF9042E0
:10B4700000F09C804FEA13650FF24016765D4FEAAC
:10B48000134506FB05F7C7F1807706FB07F74FEA80
:10B49000D737A7FB03687642C8F58038A7FB06CEEE
:10B4A00038BFA8F1010807FB08E64FF0000EA6FB25
:10B4B000028CE6FB03CEDCF1000CCEF1004E38BF6F
:10B4C000AEF1010EA6FB0C584FF000074FF000053F
:10B4D000E6FB0E87A1FB08C6A0FB07CE16EB0E0607
:10B4E00045F10005E1FB076515F1E04E7EBFA4F5CF
:10B4F00080345FEA46066D4116F1800745F100058C
:10B500004FEA17274FEA066647EA0567A6F1DE46C7
:10B51000B6F1805F4FEA15251FD9384624F0010C9B
:10B5200005EBC471BCF1FE6F01EB0C1102D8F0BC4D
:10B53000BDE8008124425CBF01F5801E9EEAC47F05
:10B5400002D4F0BCBDE80081244238D4F0BCA1F1A3
:10B55000C041BDE8004100F07FBA4FEAD22242EA82
:10B5600043524FEAD323A7FB02864FEAD02040EA9A
:10B57000415007FB03661EEA0E0F4FEAD12105FB7F
:10B58000026658BFA6EB0056B6EB00564FEA520EC5
:10B590004EEAC37E18EB0E0E56EB530EBDD518EBDC
:10B5A00002085E417F1C55F10005B6E74FF4801597
:10B5B0004FF000074FF000064FF00008ADE7F0BC79
:10B5C0004FF0000001F1C04101F00041BDE80081F1
:10B5D00011EA0C1F0CEA131500D00CE013EA0C1F43
:10B5E00000F025804FF00000F0BC81EA030101F07B
:10B5F0000041BDE80081F0BCBDE8004181EA0301E3
:10B6000000F02ABAF0BCBDE8004170B500F0D6F9F0
:10B61000097EFC3E00F007B881EA03014FF000000C
:10B6200001F00041704781EA030100F015BAF0BC57
:10B63000BDE800414FF0000021497047FFFDFBF9D4
:10B64000F7F5F4F2F0EEEDEBE9E8E6E4E3E1E0DE55
:10B65000DDDBDAD8D7D5D4D3D1D0CFCDCCCBCAC8C7
:10B66000C7C6C5C4C2C1C0BFBEBDBCBBBAB9B8B7EE
:10B67000B6B5B4B3B2B1B0AFAEADACABAAA9A8A8E1
:10B68000A7A6A5A4A3A3A2A1A09F9F9E9D9C9C9BAF
:10B690009A9999989797969595949393929191905A
:10B6A0008F8F8E8E8D8C8C8B8B8A898988888787EB
:10B6B0008685858484838382828181800000FF0760
:10B6C0000000F87F51EA030C17D41CF5801F58BF07
:10B6D000BCF5801F00F10680994218BF704708BF73
:10B6E0009042704707D711F5801F58BF13F5801F90
:10B6F00019D499427047894270471CF5801F08D5BC
:10B70000BCF5801FF7D58B4218BF704708BF824237
:10B7100070474FF4001C1CEB410F38BF1CEB430F6C
:10B7200001D28B42704770B500F048F9922449006D
:10B730004FF000514FF08053FFF760BE4FEA4103D6
:10B740004FEA5353A3F58063D3F11E03C8BFD3F16F
:10B75000210C0CDD4FF0004242EAC12242EA505275
:10B7600032FA03FC8CEAE17CACEBE1707047102B01
:10B77000C4BF0020704703F5787CBCF1FF3F04D0C4
:10B780006FF0004282EA2100704770B500F016F9B0
:10B790004992248000207047F2E710F0004248BF31
:10B7A0004042B0FA80F310FA03F10AD0C3F11D034E
:10B7B00003F580634FEA415002EB035202EBD121C3
:10B7C00070474FF000007047B0FA80F310FA03F1B1
:10B7D0000AD0C3F11D0303F580634FEA41504FEADD
:10B7E000035202EBD12170474FF000007047000078
:10B7F00051EA030C17D41CF5801F58BFBCF5801FFD
:10B8000000F10680994218BF704708BF9042704708
:10B8100007D711F5801F58BF13F5801F19D499421F
:10B820007047894270471CF5801F08D5BCF5801F02
:10B83000F7D58B4218BF704708BF824270474FF45C
:10B84000001C1CEB410F38BF1CEB430F01D28B4295
:10B85000704770B500F0B2F8922449004FF00051E3
:10B860004FF08053FFF7CABDDFF848C170B51CEA3E
:10B87000111E1EBF1CEA13159EEA0C0F95EA0C0F51
:10B8800000F06F8081EA030423EA4C134EEAD47E71
:10B8900021EA4C1141F4801143F48013AE44A1FB22
:10B8A000024CA0FB0365AEF17F7E361955EB0C050B
:10B8B000A1FB034C4CF10003A0FB021C16EB0C0691
:10B8C000654153F10003094218BF46F0010613F425
:10B8D000007F0BD14FEA03314FEA0530340341EAD0
:10B8E000155140EA16506FF003020AE04FEAC321F7
:10B8F0004FEAC520F40241EA555140EA56506FF034
:10B90000020202EB2E4201EB025585EACE710AD00B
:10B910005FEA440C18BF24F0004450F1000041F1EC
:10B92000000120EAD47040F2FE7C624500D270BD76
:10B93000A84214BF4FF080444FF04044002E08BF8F
:10B940000024BEF1806FA8BFA1F1C041BDE87040E6
:10B9500080F282804FF0000001F1C04101F000410F
:10B9600070479EEA0C0F0CEA131518BF95EA0C0FEE
:10B9700006D04FF0000081EA030E0EF0004170BDCA
:10B9800000F01CF88900013E00F007B800F009B88B
:10B990004FEA430C5FEA5C5C08D081EA030100F0E7
:10B9A0005BB84FEA410C5FEA5C5CF6D14FF00000F7
:10B9B000014970470000FF070000F87F0EF1020EFA
:10B9C0002EF0030E5EF8046B364205D4012A43EBD9
:10B9D000030515F5001F12D8012841EB010C1CF5D9
:10B9E000001F0CD80ED14FEAD17C15F5001F0CEBCF
:10B9F0004C0C0CF1020C08BF4CEBD37C04E04FF074
:10BA0000080C01E04FEAD37C0CEB4C0526FA05F656
:10BA100006F00706B6F1040C06D20EEB860CBDE864
:10BA200070404CF0010C6047DFE80CF0090B02029B
:10BA30004FF000414FF00000A1F5002170BD194604
:10BA40001046012851EB010418BFD4F5001484BF3F
:10BA5000002001F0004170BD0808A0F500114FEA78
:10BA60003101704753EA010C17D41CF5801F58BFF1
:10BA7000BCF5801F00F106808B4218BF704708BFDD
:10BA80008242704707D713F5801F58BF11F5801FFA
:10BA900019D48B4270479B4270471CF5801F08D514
:10BAA000BCF5801FF7D5994218BF704708BF904278
:10BAB00070474FF4001C1CEB430F38BF1CEB410FC9
:10BAC00001D2994270470FB40CBC03BCFFF7C1BE52
:10BAD00091EA030F10B581F000413FF5E7AB83F029
:10BAE000004300F0EFB800002DE9F04101F5801CA3
:10BAF000BCF5001FC0F2C3804FEA115C21EA0C5173
:10BB00000CF1FD0C41F480115FEA5C0C0CF5C07C7B
:10BB100001D3400049413DA4890241EA9051870286
:10BB20008E0E0A0CA45D04FB04F602FB06F6C6F1B9
:10BB30004046A4FB0662F60D46EA422606FB06F4E2
:10BB4000A4FB01235242C3F1404338BF5B1EA6FB56
:10BB500002420024E6FB0324D20B42EA4446A6FB41
:10BB60000623A1FB02E2A3FB07E4A4184FF00002A6
:10BB700052F10002E3FB01426442C2F1404E38BF81
:10BB8000AEF1010EA6FB04234FF00002E6FB0E32DD
:10BB9000A2FB03464FF00004B61954F10004E2FB87
:10BBA0000264A1FB06E6A4FB07E816EB08064FF0CB
:10BBB000000858F10008E4FB01687642C8F14058DB
:10BBC00038BFA8F10108A2FB06E4A3FB08E52D1984
:10BBD0004FF0000454F10004E2FB0854A1FB05E619
:10BBE000A7FB04E818EB06084FF0000656F1000624
:10BBF000E1FB048618F1200556F10006A809A8F11A
:10BC00001B08B10908F03F08B8F10A0F40EA866046
:10BC10001CD901EB0C51BDE8F08100BFFCF5EEE84A
:10BC2000E2DDD8D3CFCBC7C3C0BDB9B6B4B1AEACDB
:10BC3000A9A7A5A3A19F9D9B9A9896959392908F53
:10BC40008D8C8B898887868584838281A0FB0068A0
:10BC500000FB01F208EB4208B8EB872807D534183F
:10BC600058EB0104D5D5401C51F10001D1E7341A3D
:10BC700078EB0104CDD4401E71F10001C9E75FEA01
:10BC80004C0C5FEA9C5C0DD105D34FF0000001F035
:10BC90000041BDE8F081BDE8F04170B5FFF78EFED0
:10BCA0006DDBFFBEBDE8F0414FF00000004970477A
:10BCB0000000F87F10B591EA030F48BF83F00043FE
:10BCC0003FF5F4AA841A71EB030C07D212198CF019
:10BCD000004C43EB0C03001B61EB0C01DFF8A4E10B
:10BCE0004FEA1154A4EB135C1EEA430F18BF9EEAFF
:10BCF000445F00F0B08023EA6E03524221EA04510F
:10BD0000C3EB6E0338BF5B1EDCF1200E25D322FA95
:10BD10000CFE10EB0E0043FA0CFE41EB0E01CCF1D1
:10BD2000200E03FA0EFE10EB0E0051F10001CCF1D3
:10BD3000200E29D412FA0EF201EB0451BDE8104096
:10BD400058BF7047401C1CBFB2F1004F704700281D
:10BD50000CBF491C20F00100704712EB020E43EBB0
:10BD6000030218BF4FF0010E4EEA4202ACF1200C64
:10BD7000DCF11E0E54D943FA0CFE10EB0E0051F10B
:10BD8000FF31CCF11E0ED5D50EF1010E12FA0EFECA
:10BD9000404141EB010101EB445C5FEA5C5C10D97E
:10BDA00010EBDE7001EB045138BFBEF1004FBDE86F
:10BDB000104018BF704700280CBF491C20F001003C
:10BDC000704730D24FEAD42C11F5001124F40064EE
:10BDD0001BD0B1FA81F20B3AA41AA41ED2F12003AF
:10BDE000914030FA03F31943904001EBCC71002CE1
:10BDF00001EB0451BDE81040A8BF704701F1C041FC
:10BE00004FF0000001F000417047B0FA80F310FAE3
:10BE100003F100D110BDE41A173C4805C90AE4E754
:10BE200001EB045110BD491001EB0451BDE8104075
:10BE30004FEA300002E04FF0000170474A0008BFAF
:10BE40000042F8D0B2F5001F28BF704701F0004152
:10BE50004FF0000070479EEA445F07D011EA5E0F82
:10BE6000BDE8104004BF002100207047BDE810402D
:10BE700070B5FFF7A3FD00BF40DFF63E83F0004141
:10BE8000104670470000E0FF43004FEAD30C4FEA32
:10BE90003C0C43401FBF40070CF1605113F0FE4FB4
:10BEA00070471CF0006F03D100200CF00041704778
:10BEB0000CF0004343EA507010B540EACC0000F0AB
:10BEC00090FA00BF000000924FEA0001FFF7C4BDE6
:10BED0004FF000414FF00000A1F500217047000035
:10BEE00090EA010F48BF81F0004100F10883421A37
:10BEF0003CBF801A89184FEAD0524FF07F4C1CEAA1
:10BF0000410FA2EBD15318BF9CEA026F00F03B80B7
:10BF10004FF0004C4CEA00204CEA012121FA03FCCE
:10BF200010EB0C0C1ED202F1FF325FEA1C2040EB3A
:10BF3000C25038BF70471CF07F0F4FEA400C18BF4B
:10BF4000BCF17F4F38BF7047C3F12003994008BF51
:10BF500020F00100BCF17F4F38BF7047A0F1C04016
:10BF600000F085BA4FEA3C00000A40EBC25028BFFF
:10BF70001CF0FF0F4FEA400CE6D018BFBCF17F4F1A
:10BF800038BF7047EAE79CEA026F05D010EA5C0F01
:10BF900008BF00F00040704710B500F022FA00BF63
:10BFA00064FBBE3E401058BFC0F14040491058BF2E
:10BFB000C1F140418142EFF3008070474FF47F0CA4
:10BFC0001CEAD0121EBF1CEAD11392EA0C0F93EAAE
:10BFD0000C0F00F0858090EA010F48BF42F4807298
:10BFE00040F4000C41F400002CF07F4120F07F4031
:10BFF00000B58142A2EB03020FF2081CACEB504EDD
:10C00000C0F100009EF800E04FEA4E0E00FB0EFC6F
:10C0100038BF49004FEA2C1C02F5FA020CFB0EF364
:10C020004FEACE1E4FEA112C4FEAC1210EEB635EA0
:10C0300042EB22420EFB0CFC4FEA1C5300FB0311A7
:10C040004FEA112C4FEA01310EFB0CFC4FEADC4C9D
:10C0500000FB0C11C14228BF09184CEB03335DF8FB
:10C0600004EB10EB410143EBC250B2F57C0F38BF3B
:10C07000704729D512F0F00F1CBF00F1C04000F04E
:10C0800000407047008182838485868788898B8CF5
:10C090008D8E8F919293959697999A9C9D9FA0A231
:10C0A000A3A5A7A8AAACAEB0B2B3B5B7B9BCBEC081
:10C0B000C2C5C7C9CCCED1D4D7D9DCDFE2E6E9EC22
:10C0C000F0F3F7FAFE0000004FEA400C0CF1807C20
:10C0D000BCF17E4F28BF7047B0F1C04000F0C7B937
:10C0E00090EA010F0CEAD11348BF42F48072624516
:10C0F00038BF634507D213F47F0F16D080EA0100E2
:10C1000000F00040704710B500F06BF9097EFC3E6E
:10C1100000F005B880EA010000F00040704780EAB6
:10C12000010000F0004000F0A2B912F47F0F04BF3C
:10C130000248704780EA010000F099B90000C07F12
:10C1400050EA010C00F113801CF5000F58BFBCF53C
:10C15000000F01D48842704707D710F5000F58BF71
:10C1600011F5000F15D488427047894270471CF5BD
:10C17000000F04D5BCF5000FF7D5814270474FF092
:10C18000807C1CEB400F38BF1CEB410F01D2814279
:10C19000704710B500F025F9922449004FF0005087
:10C1A0004FF08051FFF7FEBE41000B0ED3F19E020F
:10C1B00008D950F400034FEA032323FA02F048BFE2
:10C1C0004042704710B500F00CF900BF499224803E
:10C1D000002070476FF0004282EA200070470000A4
:10C1E000C10DD1F19E0206DB4FEA002343F000436C
:10C1F00023FA02F07047004207D54FEA4001B1F13F
:10C20000FE4F02D24FF00000704710B500F0E9F881
:10C2100049922480002070476FEA20007047000098
:10C2200010F0004148BF4042B0FA80F310FA03F228
:10C23000C3F19D030BD051EAC35101EB1220530609
:10C2400038BF704700F1010008BF20F001007047BF
:10C25000B0FA80F310FA03F2C3F19D030AD0D905B6
:10C2600001EB1220530638BF704700F1010008BFF0
:10C2700020F001007047000050EA010C00F113802B
:10C280001CF5000F58BFBCF5000F01D48842704761
:10C2900007D710F5000F58BF11F5000F15D48842CD
:10C2A0007047894270471CF5000F04D5BCF5000F9C
:10C2B000F7D5814270474FF0807C1CEB400F38BFB0
:10C2C0001CEB410F01D28142704710B500F089F894
:10C2D000922449004FF000504FF08051FFF762BEAA
:10C2E0004FF47F0C1CEAD0121EBF1CEAD11392EA55
:10C2F0000C0F93EA0C0F00F0478090EA010F48BF43
:10C3000042F480724FF0004C4CEA00204CEA0121CC
:10C3100002EB0302A0FB0113A2F50002002918BFE3
:10C3200043F001035B0028BF4FEA330342EB224294
:10C330005FEA132C4CEBC2502EBFBCEB436FB2F53F
:10C340007C0F70474FEA036CBCF1004F08BF20F030
:10C350000100B2F57C0F38BF70470BD582F0FF02A9
:10C3600012F5803FC8BF704700F1C040D8BF00F051
:10C370000040704700F5000C5FEA4C0C48BF704766
:10C38000B0F1C04000F073B890EA010F0CEAD1138D
:10C3900048BF42F48072624538BF634504D280EAE8
:10C3A000010000F00040704710B500F01AF800BF1F
:10C3B0008900013E00F007B800F009B85FEA410CBF
:10C3C0005FEA1C6C08D080EA010000F050B85FEA18
:10C3D000400C5FEA1C6CF6D14FF00040A0F58000E5
:10C3E00070470EF1020E2EF0030E5EF8044B24424D
:10C3F00004D44FEA4102B2F17F4F11D84FEA400313
:10C40000B3F17F4F0CD80ED14FEAD07CB2F17F4F01
:10C410000CEB4C0C0CF1020C08BF4CEBD17C04E093
:10C420004FF0080C01E04FEAD17C0CEB4C0324FAEE
:10C4300003F404F00704B4F1040C06D20EEB840CF0
:10C44000BDE810404CF0010C6047DFE80CF0070835
:10C4500002024FF00040A0F5800010BD08464200E7
:10C4600018BFD2F1807288BF00F0004010BDFF21DC
:10C4700041EAD050C005704751EA000C00F113802A
:10C480001CF5000F58BFBCF5000F01D48142704766
:10C4900007D711F5000F58BF10F5000F15D48142D2
:10C4A0007047894270471CF5000F04D5BCF5000F9A
:10C4B000F7D5884270474FF0807C1CEB410F38BFA6
:10C4C0001CEB400F01D28842704780EA010081EAEC
:10C4D000000180EA0100FFF7F8BE80F0004090EA1A
:10C4E000010F7FF504AD81F0004100F008B80000B5
:10C4F00090EA010F48BF81F000413FF5F8AC421AC5
:10C5000004D882F00042A0EB020011444FEAD0525E
:10C510004FF07F4C1CEA410FA2EBD15318BF9CEAAD
:10C52000026F4AD04FF0004C4CEA00204CEA012147
:10C5300021FA03FCB0EB0C0C0FD412F0FE0F36D036
:10C540005FEA4C001DD5001240EBC25038BF704767
:10C550001CF03F0F18BF70470BE0A2F101025FEA29
:10C560001C2040EBC25038BF70471CF07F0F18BF33
:10C570007047C3F12003994014BF401E20F0010012
:10C58000704780084FEA122308BF7047B0FA80FC5A
:10C59000A2EB0C02CCF1280C60FA0CF093EA122FFB
:10C5A00004BF00EBC25070474FEAC3707047130AD4
:10C5B0005FEADC1008BF7047F6E79CEA026F04D020
:10C5C00010EA5C0F08BF0020704710B5FFF709FFA5
:10C5D00040DFF63E81F0004070470CF00F03092B5E
:10C5E00008BF082000F059800A2B0BD0082B18BF79
:10C5F000704708BF1CF0400F0AD04FF000004FF00A
:10C60000000170471CF0400F18BF4FF0004070470A
:10C610001CF0100F08D020F0704300F07F4242EA77
:10C62000D3014FEA4370704700F0604021F07F4231
:10C6300042EA000201F07F4040EA727070474FF01A
:10C64000FF0C4CF4E06C1CEA11531CBF9CEA030C79
:10C650009445C2BFDA4201EB02517047002B0DD066
:10C66000BCF1000F0FD0002A01F00041A4BF41F03F
:10C67000E04141F07F614FF00000704701F0004160
:10C680004FF00000704750EA01334FF09B0C18BF89
:10C690004CF0806C7EF4AAAE70471CF4801F11D061
:10C6A0001CF4E02F03D06FEACC31490070474FF003
:10C6B0004050EFF3008222F0704242EA000282F31F
:10C6C000008870474FF00000704700000000000035
:10C6D000000001020304060708090000000001022F
:10C6E0000304000000000000000000000000000043
:10C6F00000003F400000000000000000300040004B
:10C7000030004000000009000BC03D000BC03D00A0
:10C71000090018C024407FE022403180000018004A
:10C7200024C01B000D803240018003801C40274044
:10C730001C80074000401000600000000000000066
:10C7400000000000000000001F802040402000008A
:10C75000402020401F8000000000090006001F80CC
:10C76000060009000000040004003F8004000400EB
:10C770000000001000600000000000000000040045
:10C780000400040004000400000000000040000059
:10C79000000000000000002001C00600380040003A
:10C7A00000001F802040204020401F80000000002B
:10C7B00010403FC000400000000018C0214022404F
:10C7C00024401840000010802040244024401B805A
:10C7D000000002000D0011003FC0014000003C803D
:10C7E000244024402440238000001F802440244013
:10C7F0003440038000003000200027C038002000B3
:10C8000000001B802440244024401B8000001C00AA
:10C8100022C0224022401F8000000000000008408B
:10C8200000000000000000000000046000000000A4
:10C830000000000004000A001100208040400900B0
:10C8400009000900090009000000000040402080A4
:10C8500011000A00040018002000234024001800E2
:10C8600000001F802040274029401F40000000405A
:10C8700007C039000F0001C0004020403FC02440E5
:10C8800024401B8000001F8020402040204030803A
:10C89000000020403FC0204020401F80000020407A
:10C8A0003FC024402E4030C0000020403FC0244004
:10C8B0002E00300000000F00108020402240338006
:10C8C000020020403FC0040004003FC02040204040
:10C8D00020403FC020402040000000602020202059
:10C8E0003FC02000200020403FC024400B0030C04B
:10C8F000204020403FC020400040004000C03FC0DA
:10C900003C0003C03C003FC0000020403FC00C4042
:10C9100023003FC020001F802040204020401F8077
:10C92000000020403FC024402400180000001F8069
:10C930002140214020E01FA0000020403FC02440B3
:10C94000260019C0004018C02440244022403180F5
:10C950000000300020403FC0204030000000200098
:10C960003F80004000403F80200020003E0001C08A
:10C97000070038002000380007C03C0007C038001E
:10C980000000204039C0060039C0204000002000CF
:10C99000384007C0384020000000304021C0264009
:10C9A000384020C00000000000007FE04020402010
:10C9B0000000000070000C00038000400000000038
:10C9C000402040207FE000000000000020004000E8
:10C9D00020000000000000100010001000100010E7
:10C9E00000100000000040000000000000000000F7
:10C9F00002800540054003C0004020003FC00440C5
:10CA0000044003800000000003800440044006400E
:10CA1000000000000380044024403FC000400000AC
:10CA200003800540054003400000000004401FC093
:10CA3000244024402000000002E00550055006502C
:10CA4000042020403FC00440040003C00040000018
:10CA5000044027C000400000000000100010041037
:10CA600027E00000000020403FC00140070004C054
:10CA70000440204020403FC000400040000007C06C
:10CA8000040007C0040003C00000044007C00440C5
:10CA9000040003C000400000038004400440038001
:10CAA0000000041007F00450044003800000000060
:10CAB00003800440045007F00010044007C0024007
:10CAC000040004000000000006400540054004C0CA
:10CAD0000000000004001F8004400040000004002B
:10CAE00007800040044007C000400400070004C065
:10CAF000018006000400060001C0070001C0060016
:10CB00000000044006C0010006C0044000000410FC
:10CB1000071004E00180060004000000044005C086
:10CB20000640044000000000000004007BE04020BC
:10CB30000000000000000000FFF000000000000006
:10CB400040207BE004000000000040008000400026
:10CB50002000200040000000000000000000000055
:10CB60000000000000000000000000001FCC000CCE
:10CB70000000000000000000080030006000080015
:10CB8000300060000000022003FC1E20022003FC95
:10CB90001E200220000000000E1811043FFF108428
:10CBA0000C78000000000F0010840F3800C00778D8
:10CBB00018840078000000780F8410C411240E98A7
:10CBC00000E4008400080800680070000000000015
:10CBD00000000000000000000000000007E018183E
:10CBE000200440020000000040022004181807E062
:10CBF0000000000000000240024001800FF00180B0
:10CC00000240024000000080008000800FF8008099
:10CC10000080008000000001000D000E00000000F8
:10CC20000000000000000000008000800080008004
:10CC30000080008000800000000C000C000000005C
:10CC400000000000000000000006001800600180E5
:10CC5000060018002000000007F008081004100467
:10CC6000080807F000000000080408041FFC000486
:10CC700000040000000000000E0C101410241044EA
:10CC800011840E0C000000000C1810041104110493
:10CC900012880C700000000000E003200424082427
:10CCA0001FFC0024000000001F98108411041104D0
:10CCB000108810700000000007F0088811041104AB
:10CCC00018880070000000001C00100010FC130009
:10CCD0001C001000000000000E3811441084108465
:10CCE00011440E38000000000700088C1044104466
:10CCF000088807F00000000000000000030C030C8F
:10CD0000000000000000000000000001010600001B
:10CD1000000000000000000000800140022004101C
:10CD20000808100400000220022002200220022035
:10CD30000220022000000000100408080410022055
:10CD400001400080000000000E001200100C106C6A
:10CD500010800F00000003E00C1813E4142417C423
:10CD6000082807D000000004003C03C41C40074012
:10CD700000E4001C000410041FFC11041104110441
:10CD80000E880070000003E00C181004100410045A
:10CD900010081C10000010041FFC100410041004E4
:10CDA000080807F0000010041FFC1104110417C448
:10CDB00010040818000010041FFC1104110017C013
:10CDC00010000800000003E00C18100410041044C8
:10CDD0001C780040000010041FFC108400800080BC
:10CDE00010841FFC10040000100410041FFC100429
:10CDF00010040000000000030001100110011FFEDC
:10CE000010001000000010041FFC110403801464C3
:10CE1000181C1004000010041FFC1004000400047F
:10CE20000004000C000010041FFC1F0000FC1F0089
:10CE30001FFC1004000010041FFC0C04030000E0A1
:10CE400010181FFC100007F008081004100410044C
:10CE5000080807F0000010041FFC108410801080E8
:10CE600010800F00000007F0081810241024101C78
:10CE7000080A07F2000010041FFC1104110011C081
:10CE800011300E0C000400000E1C110410841084DC
:10CE900010441C3800001800100010041FFC10047F
:10CEA00010001800000010001FF810040004000417
:10CEB00010041FF8100010001E0011E0001C00708C
:10CEC00013801C0010001FC0103C00E01F0000E099
:10CED000103C1FC000001004180C163401C001C023
:10CEE0001634180C100410001C00130400FC13046A
:10CEF0001C00100000000804101C106410841304AF
:10CF00001C04101800000000000000007FFE40021A
:10CF1000400240020000000030000C00038000606E
:10CF2000001C0003000000004002400240027FFE9F
:10CF30000000000000000000000020004000400051
:10CF4000400020000000000100010001000100017C
:10CF5000000100010001000040004000200000002E
:10CF6000000000000000000000980124014401447A
:10CF7000014400FC000410001FFC008801040104AF
:10CF800000880070000000000070008801040104A7
:10CF90000104008800000000007000880104010402
:10CFA00011081FFC0004000000F801440144014482
:10CFB000014400C800000000010401040FFC11043A
:10CFC000110411001800000000D6012901290129CF
:10CFD00001C90106000010041FFC008401000100CB
:10CFE000010400FC000400000104190419FC000401
:10CFF000000400000000000000030001010119010D
:10D0000019FE0000000010041FFC0024004001B4C1
:10D01000010C010400000000100410041FFC0004B7
:10D02000000400000000010401FC0104010001FCF7
:10D030000104010000FC010401FC00840100010066
:10D04000010400FC0004000000F8010401040104D4
:10D05000010400F80000010101FF00850104010442
:10D0600000880070000000000070008801040104C6
:10D07000010501FF00010104010401FC0084010419
:10D08000010001800000000000CC012401240124E3
:10D0900001240198000000000100010007F80104CC
:10D0A000010400000000010001F800040004000475
:10D0B000010801FC0004010001800170000C001057
:10D0C00001600180010001F0010C003001C000305E
:10D0D000010C01F0010000000104018C00740170DA
:10D0E000018C01040000010101810171000E001892
:10D0F00001600180010000000184010C0134014441
:10D100000184010C0000000000000000000001008C
:10D110003EFC400240020000000000000000FFFF53
:10D120000000000000000000400240023EFC010040
:10D13000000000000000000060008000800040004F
:10D14000400020002000000000000000000000005F
:10D150000000000000003F40000000000000000050
:10D160003000400030004000000009000BC03D00CE
:10D170000BC03D00090018C024407FE022403180F0
:10D180000000180024C01B000D8032400180038085
:10D190001C4027401C800740004010006000000039
:10D1A0000000000000000000000000001F80204080
:10D1B00040200000402020401F80000000000900A7
:10D1C00006001F80060009000000040004003F80E4
:10D1D00004000400000000100060000000000000D7
:10D1E000000004000400040004000400000000002B
:10D1F00000400000000000000000002001C0060008
:10D200003800400000001F802040204020401F8048
:10D210000000000010403FC000400000000018C0A7
:10D22000214022402440184000001080204024402B
:10D2300024401B80000002000D0011003FC001408F
:10D2400000003C80244024402440238000001F80B4
:10D25000244024403440038000003000200027C0D8
:10D260003800200000001B802440244024401B8004
:10D2700000001C0022C0224022401F80000000004D
:10D2800000000840000000000000000000000460F2
:10D29000000000000000000004000A0011002080CF
:10D2A00040400900090009000900090000000000D1
:10D2B0004040208011000A00040018002000234094
:10D2C0002400180000001F802040274029401F40F4
:10D2D0000000004007C039000F0001C0004020409E
:10D2E0003FC0244024401B8000001F80204020407D
:10D2F00020403080000020403FC0204020401F8060
:10D30000000020403FC024402E4030C0000020409C
:10D310003FC024402E00300000000F00108020404D
:10D3200022403380020020403FC0040004003FC080
:10D330002040204020403FC02040204000000060AE
:10D34000202020203FC02000200020403FC024405B
:10D350000B0030C0204020403FC020400040004033
:10D3600000C03FC03C0003C03C003FC00000204064
:10D370003FC00C4023003FC020001F8020402040C1
:10D3800020401F80000020403FC02440240018009F
:10D3900000001F802140214020E01FA0000020400D
:10D3A0003FC02440260019C0004018C0244024403B
:10D3B000224031800000300020403FC0204030003B
:10D3C000000020003F80004000403F8020002000FF
:10D3D0003E0001C0070038002000380007C03C00B4
:10D3E00007C038000000204039C0060039C0204086
:10D3F00000002000384007C03840200000003040C6
:10D4000021C02640384020C00000000000007FE01E
:10D41000402040200000000070000C00038000400D
:10D4200000000000402040207FE0000000000000DD
:10D43000200040002000000000000010001000103C
:10D44000001000100010000000004000000000006C
:10D450000000000002800540054003C0004020009D
:10D460003FC00440044003800000000003800440EB
:10D4700004400640000000000380044024403FC0F8
:10D48000004000000380054005400340000000000C
:10D4900004401FC0244024402000000002E005504A
:10D4A00005500650042020403FC00440040003C043
:10D4B00000400000044027C00040000000000010B1
:10D4C0000010041027E00000000020403FC0014091
:10D4D000070004C00440204020403FC000400040FE
:10D4E000000007C0040007C0040003C0000004409F
:10D4F00007C00440040003C0004000000380044053
:10D50000044003800000041007F00450044003802E
:10D510000000000003800440045007F000100440A5
:10D5200007C002400400040000000000064005405F
:10D53000054004C00000000004001F8004400040BB
:10D540000000040007800040044007C000400400C1
:10D55000070004C0018006000400060001C00700A7
:10D5600001C006000000044006C0010006C00440DF
:10D5700000000410071004E0018006000400000011
:10D58000044005C006400440000000000000040004
:10D590007BE040200000000000000000FFF00000E1
:10D5A0000000000040207BE004000000000040007C
:10D5B000800040002000200040000000000000002B
:10D5C000000000000000000000000000000000005B
:10D5D0001FCC000C0000000000000000080030001C
:10D5E00060000800300060000000022003FC1E20E4
:10D5F000022003FC1E200220000000000E1811046F
:10D600003FFF10840C78000000000F0010840F38DA
:10D6100000C0077818840078000000780F8410C4D8
:10D6200011240E9800E400840008080068007000CF
:10D6300000000000000000000000000000000000EA
:10D6400007E01818200440020000000040022004F7
:10D65000181807E0000000000000024002400180AE
:10D660000FF0018002400240000000800080008036
:10D670000FF800800080008000000001000D000E07
:10D68000000000000000000000000000008000809A
:10D69000008000800080008000800000000C000CF2
:10D6A000000000000000000000000000000600185C
:10D6B00000600180060018002000000007F0080844
:10D6C00010041004080807F0000000000804080413
:10D6D0001FFC000400040000000000000E0C1014E9
:10D6E0001024104411840E0C000000000C181004CB
:10D6F0001104110412880C700000000000E00320E7
:10D70000042408241FFC0024000000001F9810843B
:10D7100011041104108810700000000007F0088840
:10D720001104110418880070000000001C00100093
:10D7300010FC13001C001000000000000E38114403
:10D740001084108411440E38000000000700088C7B
:10D7500010441044088807F000000000000000009A
:10D76000030C030C0000000000000000000000019A
:10D7700001060000000000000000000000800140E1
:10D7800002200410080810040000022002200220D9
:10D7900002200220022002200000000010040808DD
:10D7A0000410022001400080000000000E00120062
:10D7B000100C106C10800F00000003E00C1813E434
:10D7C000142417C4082807D000000004003C03C438
:10D7D0001C40074000E4001C000410041FFC11045E
:10D7E000110411040E880070000003E00C181004EE
:10D7F0001004100410081C10000010041FFC10047A
:10D8000010041004080807F0000010041FFC1104A5
:10D81000110417C410040818000010041FFC1104A0
:10D82000110017C010000800000003E00C181004DD
:10D83000100410441C780040000010041FFC1084E9
:10D840000080008010841FFC1004000010041004ED
:10D850001FFC100410040000000000030001100170
:10D8600010011FFE10001000000010041FFC110426
:10D8700003801464181C1004000010041FFC100422
:10D88000000400040004000C000010041FFC1F0032
:10D8900000FC1F001FFC1004000010041FFC0C04FF
:10D8A000030000E010181FFC100007F00808100427
:10D8B00010041004080807F0000010041FFC108476
:10D8C0001080108010800F00000007F0081810244E
:10D8D0001024101C080A07F2000010041FFC110499
:10D8E000110011C011300E0C000400000E1C1104B8
:10D8F0001084108410441C3800001800100010041C
:10D900001FFC100410001800000010001FF8100485
:10D910000004000410041FF8100010001E0011E0A5
:10D92000001C007013801C0010001FC0103C00E0A1
:10D930001F0000E0103C1FC000001004180C16343B
:10D9400001C001C01634180C100410001C00130490
:10D9500000FC13041C00100000000804101C1064DC
:10D96000108413041C0410180000000000000000C4
:10D970007FFE4002400240020000000030000C0028
:10D9800003800060001C0003000000004002400211
:10D9900040027FFE000000000000000000002000A8
:10D9A0004000400040002000000000010001000194
:10D9B00000010001000100010001000040004000E2
:10D9C000200000000000000000000000009801247A
:10D9D00001440144014400FC000410001FFC0088C5
:10D9E000010401040088007000000000007000883D
:10D9F0000104010401040088000000000070008898
:10DA00000104010411081FFC0004000000F8014497
:10DA100001440144014400C8000000000104010465
:10DA20000FFC1104110411001800000000D6012998
:10DA30000129012901C90106000010041FFC00840E
:10DA400001000100010400FC0004000001041904AD
:10DA500019FC0004000400000000000000030001A5
:10DA60000101190119FE0000000010041FFC002430
:10DA7000004001B4010C0104000000001004100477
:10DA80001FFC0004000400000000010401FC01046C
:10DA9000010001FC0104010000FC010401FC008400
:10DAA00001000100010400FC0004000000F8010472
:10DAB00001040104010400F80000010101FF0085D8
:10DAC000010401040088007000000000007000885C
:10DAD00001040104010501FF00010104010401FC2E
:10DAE00000840104010001800000000000CC01243A
:10DAF000012401240124019800000000010001001C
:10DB000007F80104010400000000010001F800040E
:10DB100000040004010801FC000401000180017000
:10DB2000000C001001600180010001F0010C0030C8
:10DB300001C00030010C01F0010000000104018C63
:10DB400000740170018C0104000001010181017168
:10DB5000000E001801600180010000000184010C2A
:10DB6000013401440184010C0000000000000000A9
:10DB7000000001003EFC40024002000000000000E6
:10DB80000000FFFF00000000000000004002400213
:10DB90003EFC01000000000000000000600080006A
:10DBA00080004000400020002000004D9AD77934CA
:10DBB000E3AEF2BF68258BC6115CA9E4337ED09D2D
:10DBC0004A075B16C18C226FB8F51F5285C8662BB9
:10DBD000FCB1EDA0773A94D90E43B6FB2C61CF820D
:10DBE00055184409DE933D70A7EA3E73A4E9470A3D
:10DBF000DD90CC81561BB5F82F6297DA0D40EEA36D
:10DC000074396528FFB21C5186CB216CBBF65815C0
:10DC1000C28FD39E4904AAE7307D88C5125FF1BC4C
:10DC20006B267A37E0AD034E99D47C31E6AB0548DC
:10DC30009FD28EC31459F7BA6D20D5984F02ACE12C
:10DC4000367B276ABDF05E13C489632EF9B41A5778
:10DC500080CD91DC0B46E8A5723FCA87501DB3FE0C
:10DC600029643875A2EF410CDB96420FD8953B76BC
:10DC7000A1ECB0FD2A67C984531EEBA6713C92DF6C
:10DC80000845195483CE602DFAB75D10C78A246900
:10DC9000BEF3AFE23578D69B4C01F4B96E238DC04C
:10DCA000175A064B9CD17F32E5A800000000000007
:10DCB0000000000000000000000000003F400000E5
:10DCC0000000000000003000400030004000000074
:10DCD00009000BC03D000BC03D00090018C02440E6
:10DCE0007FE0224031800000180024C01B000D801E
:10DCF0003240018003801C4027401C8007400040C8
:10DD000010006000000000000000000000000000A3
:10DD100000001F80204040200000402020401F8045
:10DD200000000000090006001F8006000900000036
:10DD3000040004003F8004000400000000100060A4
:10DD400000000000000000000400040004000400C3
:10DD5000040000000000004000000000000000007F
:10DD6000002001C006003800400000001F80204055
:10DD7000204020401F800000000010403FC00040B5
:10DD80000000000018C0214022402440184000003C
:10DD900010802040244024401B80000002000D0021
:10DDA00011003FC0014000003C802440244024403A
:10DDB000238000001F802440244034400380000062
:10DDC0003000200027C03800200000001B802440C5
:10DDD000244024401B8000001C0022C0224022401E
:10DDE0001F8000000000000008400000000000004C
:10DDF00000000000046000000000000000000400BB
:10DE00000A001100208040400900090009000900B3
:10DE10000900000000004040208011000A000400BA
:10DE20001800200023402400180000001F8020401C
:10DE3000274029401F400000004007C039000F0064
:10DE400001C0004020403FC0244024401B8000000F
:10DE50001F802040204020403080000020403FC0F4
:10DE6000204020401F80000020403FC024402E4022
:10DE700030C0000020403FC024402E003000000091
:10DE80000F001080204022403380020020403FC01D
:10DE9000040004003FC02040204020403FC02040FC
:10DEA000204000000060202020203FC020002000F3
:10DEB00020403FC024400B0030C0204020403FC0E5
:10DEC00020400040004000C03FC03C0003C03C0078
:10DED0003FC0000020403FC00C4023003FC0200056
:10DEE0001F802040204020401F80000020403FC075
:10DEF00024402400180000001F802140214020E021
:10DF00001FA0000020403FC02440260019C0004050
:10DF100018C02440244022403180000030002040BE
:10DF20003FC020403000000020003F800040004003
:10DF30003F80200020003E0001C007003800200084
:10DF4000380007C03C0007C038000000204039C03E
:10DF5000060039C0204000002000384007C038408B
:10DF600020000000304021C02640384020C0000082
:10DF7000000000007FE04020402000000000700012
:10DF80000C000380004000000000402040207FE0A3
:10DF90000000000000002000400020000000000001
:10DFA0000010001000100010001000100000000011
:10DFB0004000000000000000000002800540054015
:10DFC00003C0004020003FC0044004400380000024
:10DFD000000003800440044006400000000003806D
:10DFE000044024403FC0004000000380054005403D
:10DFF00003400000000004401FC0244024402000D3
:10E00000000002E0055005500650042020403FC0AB
:10E010000440040003C000400000044027C000404A
:10E020000000000000100010041027E000000000B5
:10E0300020403FC00140070004C004402040204071
:10E040003FC000400040000007C0040007C00400BB
:10E0500003C00000044007C00440040003C00040A7
:10E06000000003800440044003800000041007F017
:10E07000045004400380000000000380044004506A
:10E0800007F00010044007C0024004000400000034
:10E09000000006400540054004C0000000000400E8
:10E0A0001F8004400040000004000780004004403E
:10E0B00007C000400400070004C0018006000400FF
:10E0C000060001C0070001C006000000044006C0B1
:10E0D000010006C0044000000410071004E00180A5
:10E0E000060004000000044005C006400440000093
:10E0F0000000000004007BE0402000000000000061
:10E100000000FFF000000000000040207BE0040061
:10E11000000000004000800040002000200040007F
:10E1200000000000000000000000000000000000EF
:10E130000000000000001FCC000C000000000000E8
:10E14000000008003000600008003000600000009F
:10E15000022003FC1E20022003FC1E2002200000DF
:10E1600000000E1811043FFF10840C78000000001E
:10E170000F0010840F3800C0077818840078000062
:10E1800000780F8410C411240E9800E40084000865
:10E19000080068007000000000000000000000009F
:10E1A00000000000000007E01818200440020000F2
:10E1B000000040022004181807E0000000000000E2
:10E1C0000240024001800FF0018002400240000046
:10E1D0000080008000800FF8008000800080000038
:10E1E0000001000D000E0000000000000000000013
:10E1F000000000800080008000800080008000809F
:10E200000000000C000C00000000000000000000F6
:10E2100000000006001800600180060018002000C1
:10E22000000007F0080810041004080807F00000B8
:10E230000000080408041FFC0004000400000000A3
:10E2400000000E0C10141024104411840E0C000059
:10E2500000000C1810041104110412880C70000046
:10E26000000000E00320042408241FFC0024000018
:10E2700000001F9810841104110410881070000011
:10E28000000007F0088811041104188800700000CD
:10E2900000001C00100010FC13001C001000000007
:10E2A00000000E3811441084108411440E38000010
:10E2B00000000700088C10441044088807F0000094
:10E2C000000000000000030C030C00000000000030
:10E2D0000000000000010106000000000000000036
:10E2E0000000008001400220041008081004000013
:10E2F0000220022002200220022002200220000030
:10E3000000001004080804100220014000800000F2
:10E3100000000E001200100C106C10800F000000A6
:10E3200003E00C1813E4142417C4082807D00000D5
:10E330000004003C03C41C40074000E4001C00042F
:10E3400010041FFC1104110411040E880070000059
:10E3500003E00C1810041004100410081C10000036
:10E3600010041FFC100410041004080807F000003B
:10E3700010041FFC1104110417C410040818000035
:10E3800010041FFC1104110017C010000800000049
:10E3900003E00C181004100410441C780040000026
:10E3A00010041FFC10840080008010841FFC1004E7
:10E3B0000000100410041FFC1004100400000000F2
:10E3C00000030001100110011FFE100010000000EA
:10E3D00010041FFC110403801464181C10040000B6
:10E3E00010041FFC1004000400040004000C0000D2
:10E3F00010041FFC1F0000FC1F001FFC1004000085
:10E4000010041FFC0C04030000E010181FFC100097
:10E4100007F00808100410041004080807F00000B2
:10E4200010041FFC10841080108010800F0000006A
:10E4300007F0081810241024101C080A07F2000026
:10E4400010041FFC1104110011C011300E0C000447
:10E4500000000E1C11041084108410441C380000AD
:10E460001800100010041FFC100410001800000019
:10E4700010001FF810040004000410041FF810001E
:10E4800010001E0011E0001C007013801C00100022
:10E490001FC0103C00E01F0000E0103C1FC0000047
:10E4A0001004180C163401C001C01634180C1004E6
:10E4B00010001C00130400FC13041C0010000000DA
:10E4C0000804101C1064108413041C0410180000AD
:10E4D0000000000000007FFE4002400240020000F9
:10E4E000000030000C0003800060001C00030000EE
:10E4F00000004002400240027FFE000000000000D9
:10E50000000000002000400040004000200000000B
:10E5100000010001000100010001000100010001F3
:10E52000000040004000200000000000000000004B
:10E5300000000098012401440144014400FC00044F
:10E5400010001FFC00880104010400880070000016
:10E55000000000700088010401040104008800002C
:10E560000000007000880104010411081FFC000471
:10E57000000000F8014401440144014400C80000C7
:10E580000000010401040FFC110411041100180023
:10E59000000000D601290129012901C90106000056
:10E5A00010041FFC008401000100010400FC0004B1
:10E5B00000000104190419FC00040004000000001C
:10E5C0000000000300010101190119FE0000000014
:10E5D00010041FFC0024004001B4010C01040000E1
:10E5E0000000100410041FFC0004000400000000E0
:10E5F000010401FC0104010001FC0104010000FC14
:10E60000010401FC008401000100010400FC00047D
:10E61000000000F8010401040104010400F80000F6
:10E62000010101FF00850104010400880070000061
:10E6300000000070008801040104010501FF0001D1
:10E640000104010401FC00840104010001800000B8
:10E65000000000CC012401240124012401980000C1
:10E6600000000100010007F801040104000000009F
:10E67000010001F8000400040004010801FC00048A
:10E68000010001800170000C001001600180010098
:10E6900001F0010C003001C00030010C01F001005C
:10E6A00000000104018C00740170018C0104000061
:10E6B000010101810171000E00180160018001005B
:10E6C00000000184010C013401440184010C0000AC
:10E6D000000000000000000001003EFC400240027B
:10E6E0000000000000000000FFFF0000000000002C
:10E6F0000000400240023EFC01000000000000005B
:10E7000000006000800080004000400020002000E9
:10E710006800000476005401F7FD000175191A0C19
:10E720006A231B1C1F207274433B4138393A6B6CBF
:10E73000376F06246D6E7000830000000008000033
:10E740000001001832000500000020410000D24204
:10E75000295C0F3E9A99993E3333733F295C0F3EF3
:10E76000555555555555C53F7D6FEB0312D6D4BF52
:10E770005544880E55C1C93F3B8F68B52882A4BF58
:10E7800088B20175E0EF493F09F7FD0DE13D023F19
:10E790004B2D8A1C273A03C0C88A599CE52A0040A1
:10E7A00059018D1B6C06E6BF82922EB1C5B8B33FEE
:10E7B0004FBB610567ACDD3F182D4454FB21E93F99
:10E7C0009BF681D20B73EF3F182D4454FB21F93F88
:10E7D000E2652F227F2B7A3C075C143326A6813C0E
:10E7E000BDCBF07A8807703C075C143326A6913CB9
:10E7F000C4EB98999999C9BF711623FEC671BCBF25
:10E800006D9A74AFF2B0B3BF9AFDDE522DDEADBF8C
:10E810002F6C6A2C44B4A2BF0D5555555555D53FA4
:10E82000FF8300922449C23F6E204CC5CD45B73FBF
:10E83000513DD0A0660DB13FEB0D76244B7BA93F37
:10E8400011DA22E33AAD903F000000000000F03FF3
:10E85000000000000000F83F000000000000000081
:10E860000000004003B8E23F00000000000000008C
:10E8700006D0CF43EBFD4C3E033333333333E33F1A
:10E88000FFAB6FDBB66DDB3F4D268F515555D53F46
:10E8900001411DA96074D13F65DBC9934A86CD3F14
:10E8A000EF4E454A287ECA3F3E5555555555C53F02
:10E8B00093BDBE166CC166BF2CDE25AF6A56113FF4
:10E8C000F16BD2C541BDBBBED0A4BE726937663EF6
:10E8D000000000000000000000004054FB21F93F50
:10E8E0003163621A61B4D03D0000601A61B4D03D5A
:10E8F0007370032E8A19A33B0000002E8A19A33BD4
:10E90000C14920259A837B390000000000000000E7
:10E910006E83F9A22915444ED15727FCC0DD34F58A
:10E92000999562DB4190433CAB6351FE61C5BBDE10
:10E930003A6E24B7E0D24D42EA2E49061C92D10924
:10E940001CEB1DFE3EA729B1F53582E88444BB2EA1
:10E9500026709CE9417E5FB439D69139F4395383EE
:10E960008B5F849C3B28F9BDFF97F81F0F9805DE4D
:10E970008B112FEF1F6D0A5ACF7E366DB709CB274B
:10E98000663F464F2DEA5F9EC7BA27757BF1E5EBE0
:10E99000F739073DEA92528AB15FFB6B085D8D1F24
:10E9A0007AFE10111111C13F37D60684F464963FE8
:10E9B000280356C9226D6D3F0165F2F2D844433FEA
:10E9C000A69237A0887E143F735360DBCB75F3BEED
:10E9D000FE41B31BBAA1AB3F93846EE9E326823FAD
:10E9E0001583E0FEC8DB573F68108D1AF726303FCD
:10E9F000E9A7F0320FB8123FD47ABF74702AFB3EF9
:10EA000020EA000800000020B00300006C010008AC
:10EA100044EB0008B003002070240000C801000887
:10EA2000C10227016A102C031D24F432094BDC05B6
:10EA30002C2D9A99993E0401300247642988A90433
:10EA4000012A234843270C4317B7513A280FF042B5
:10EA5000ACC527375B94D939AE0F7A440C6809BC32
:10EA600074933C7F6ADC400C3CFED4380C1815F0E3
:10EA7000A22F3C5BD33C3D17B7D1388FC2753C2BDE
:10EA800018953C0C3809B86519623C7DAE361828DB
:10EA9000080AD7233CCDCCCC18280A3838DBDC3A1E
:10EAA00012DA823E3C253C83863C2813404082A8F3
:10EAB000FB3862BE3C39A48CB83A8FC2F53C1018C2
:10EAC0000DF7CC9239CDE9323D713D5A40942A3947
:10EAD00004180DBC572D3CF2D285406F12033A4CFE
:10EAE0003809393B704E3C62A1D65828095070B1A4
:10EAF0003C52B89E3E0C3808CF6B6C3D72504218A9
:10EB00003808DE02093DD5CF9B0C01721B803ED038
:10EB10000811563D295C0FBE5C8FC23E52030802AD
:10EB20002C01506CC23F5AFF047201131CE71B08F2
:10EB3000100401201A38240D380AD7A33B7CC98859
:04EB40000936400052
:0400000508000131BD
:00000001FF
