:020000040800F2
:10000000E0400020150200084D600008A7480008E5
:100010004960000879080008958E0008000000007B
:10002000000000000000000000000000A9670008B8
:10003000A90B000800000000BF640008F985000853
:100040002F0200082F0200082F0200082F020008CC
:100050002F0200082F0200082F0200082F020008BC
:100060002F0200082F0200082F0200082F020008AC
:100070002F0200082F0200082F0200082F0200089C
:100080002F0200082F0200087D0500082F0200083B
:100090002F0200082F0200082F020008AB0B0008F7
:1000A0002F0200082F0200082F0200082F0200086C
:1000B000898600082F020008998600082F02000890
:1000C0002F0200082F0200082F0200082F0200084C
:1000D0002F020008758E00082F020008858E000888
:1000E0002F0200082F0200082F0200082F0200082C
:1000F000B98600082F0200082F0200082F0200080E
:100100002F0200082F020008A98600082F0200080D
:100110002F020008718B00082F0200082F02000830
:100120002F0200082F0200082F0200082F020008EB
:1001300000F002F800F05FF80AA090E8000C82449A
:100140008344AAF10107DA4501D100F054F8AFF277
:10015000090EBAE80F0013F0010F18BFFB1A43F0A5
:100160000103184794E80000B4E800000A444FF087
:10017000000C10F8013B13F0070408BF10F8014B06
:100180001D1108BF10F8015B641E05D010F8016B4B
:10019000641E01F8016BF9D113F0080F1EBF10F8AF
:1001A000014BAD1C0C1B09D16D1E58BF01F801CBD2
:1001B000FAD505E014F8016B01F8016B6D1EF9D555
:1001C0009142D6D37047000000230024002500266A
:1001D000103A28BF78C1FBD8520728BF30C148BFAA
:1001E0000B607047642900F07780002070471FB5CE
:1001F0001FBD10B510BD00F093F91146FFF7F7FFD2
:100200000AF0DCF800F0B1F903B4FFF7F2FF03BC29
:1002100009F05CFA0948804709480047FEE7FEE715
:10022000FEE7FEE7FEE7FEE7FEE7FEE7FEE7FEE7A6
:1002300004480549054A064B7047000085860008BA
:1002400031010008E03A0020E0400020E03C0020BE
:10025000E03C0020704700000FB4044910B503AA29
:10026000029800F027F910BC5DF814FB2C00002068
:100270002DE9F0410E460446002020622046E16848
:10028000884730B3252805D0D4E901219047206A5A
:10029000401CF2E7E168204600278847050018D097
:1002A000A5F14100192802D820354FF400673246E5
:1002B000294620462760FFF795FF40B1012804D06A
:1002C000F61D26F007060836D8E7361DD6E728467D
:1002D000DAE7206ABDE8F0812DE9F0410646002406
:1002E00010687529314616A510D0AFF3008000289C
:1002F00002DA404213A507E031688A0701D512A54A
:1003000002E0490704D511A5012401E0AFF3008004
:1003100000210A2206F1240709E0B0FBF2FCB0FB41
:10032000F2F302FB1C00303078541846491C0028B8
:10033000F3D123462A463046BDE8F04100F060B8CC
:10034000000000002D0000002B0000002000000035
:100350004FF000020429C0F0128010F0030C00F0EE
:100360001B80CCF1040CBCF1020F18BF00F8012B6C
:10037000A8BF20F8022BA1EB0C0100F00DB85FEA3A
:10038000C17C24BF00F8012B00F8012B48BF00F806
:10039000012B70474FF0000200B513469446964675
:1003A000203922BFA0E80C50A0E80C50B1F1200188
:1003B000BFF4F7AF090728BFA0E80C5048BF0CC036
:1003C0005DF804EB890028BF40F8042B08BF704794
:1003D00048BF20F8022B11F0804F18BF00F8012B06
:1003E0007047704770477047704710B500F074F859
:1003F000006810BD10B5044600F06EF8046010BD32
:100400002DE9F0470D4699469246044600F124082E
:100410000168880604D5E06921F01001216000E040
:100420000120A84201DD471B00E00027A1697A19DD
:1004300002EB0900081AA0612078C00602D4204609
:10044000AFF30080002608E0D4E901211AF8060085
:100450009047206A401C761C20624E45F4DB2078D1
:10046000C0060AD52046AFF3008006E0D4E901219A
:1004700030209047206A401C2062381EA7F10107F7
:10048000F4DC07E0D4E9012118F805009047206A60
:10049000401C2062281EA5F10105F3DC2046AFF3C5
:1004A00000802078000602D50220BDE8F0870120F8
:1004B000FBE70000074B70B50D467B4400F015F8D4
:1004C0000446284600F024F810B14FF0FF3070BD0C
:1004D000204670BDE39D000000487047803A002030
:1004E00001694A1C02610878704700B58FB0CDE9F8
:1004F00001310021059105497944CDE903101146E8
:100500006846FFF7B5FE0FB000BD0000E5FFFFFF36
:10051000007B00F08000704700487047803A002060
:100520007546FFF7F9FFAE4605006946534620F0D1
:100530000700854618B020B5FFF77AFEBDE82040D9
:100540004FF000064FF000074FF000084FF0000B8F
:1005500021F00701AC46ACE8C009ACE8C009ACE842
:10056000C009ACE8C0098D46704710B50446AFF32A
:1005700000802046BDE81040FFF746BE10B5034896
:1005800001F036F8024801F033F810BDB003002046
:10059000E003002070B5044600252068806800F064
:1005A000010018B32068806820F00100216888608D
:1005B00001F048FD054613E001F044FD401B022810
:1005C0000ED92068806800F0010048B1A06A40F0B0
:1005D0001000A062E06A40F00100E062012070BDFE
:1005E0002068806800F001000028E5D10020F6E7CF
:1005F00038B504460025002000902068806800F08F
:10060000010078BB2068806840F0010021688860A4
:10061000194800681949B0FBF1F0009002E0009819
:10062000401E009000980028F9D101F00BFD05460E
:1006300019E001F007FD401B022814D920688068EA
:1006400000F0010078B9A06A40F01000A062E06AF2
:1006500040F00100E06200BF002084F8240000BFE9
:10066000012038BD05E02068806800F00100002806
:10067000DFD00020F5E700003C00002040420F00E2
:100680002DE9F04F87B053480088A0F57A704000FC
:10069000032190FBF1FABAF1000F01DA4FF0000AE2
:1006A000BAF1640F01DD4FF0640A4B49C8680BF0E2
:1006B000E7FB0746494A4A4B0BF0D2F805460BF0D8
:1006C00039F88146B9F1000F01DAC9F1000945494D
:1006D000C8680BF0D5FB0746404A414B0BF0C0F809
:1006E00005460BF027F80446002C00DA64423E4829
:1006F000007808B9012000E000203B4908703B4821
:10070000007801281AD13A4800680BF049FD0546E7
:10071000384800680BF044FD064600200290039024
:1007200004900590009003462A463146019032A07D
:10073000FFF792FD00202D49087047E02A48007815
:10074000C8B93548008935490989344AD288334BBC
:100750009B88CDE90232CDE90410304840882F490A
:100760000988CDE900102C48037B027851462CA063
:10077000FFF772FD2AE03249324800680BF0ACFD09
:1007800083460BF00DFD05462F49304800680BF0FD
:10079000A3FD83460BF004FD06460F4908680BF0E5
:1007A000FFFC07460F4908680BF0FAFC8046284812
:1007B000006828490968CDE90265CDE9001026489E
:1007C00003883A46414625A0FFF746FD07B0BDE83D
:1007D000F08F000002000020C80A00209A99999921
:1007E0009999F13FB80A00206C020020CF00002048
:1007F00068000020540000207B4325643A25643AB9
:1008000025643A25643A25643A25643A25643A25F4
:10081000643A25647D240000243A0020103A002028
:100820007B4125643A25643A25643A25643A256477
:100830003A25643A25643A25643A25647D2400000B
:100840000000C8424800002000007A444400002014
:10085000A8020020A0020020AC0200207B422564F8
:100860003A25643A25643A25643A25643A25643A7F
:1008700025647D240000000000BFFEE70F480078DB
:1008800018B10E480078012806D10D480D490860BE
:100890000D480E49086010E008480078022806D18B
:1008A0000B48084908600B480849086005E00A48F9
:1008B0000449086009480549086070470B0000209A
:1008C000D589573E100000209EEF273E14000020DF
:1008D000A3540A3E713D0A3E308C0D3E8D976E3E0C
:1008E00010B502460B460020012B08D1002104E080
:1008F000084C645C60404C1CE1B29142F8DB43B9A7
:10090000002104E0044C645C60404C1CE1B2914264
:10091000F8DB10BDB80B0020E80B00202DE9F05FDC
:1009200005460C46124E1348016820460BF0D4FCD5
:1009300083461148016858460BF0CEFA804631468E
:100940004FF07E500BF0D0FD824641460BF0C4FCC8
:100950000746314628460BF0BFFC814639460BF06E
:10096000BBFA0549086008460068BDE8F09F000032
:100970000AD7A33C2C0300206C0300202DE9F05F74
:1009800005460C46124E1348016820460BF0A4FCA5
:1009900083461148016858460BF09EFA804631465E
:1009A0004FF07E500BF0A0FD824641460BF094FCC8
:1009B0000746314628460BF08FFC814639460BF03E
:1009C0008BFA0549086008460068BDE8F09F000002
:1009D0000AD7A33C2C030020AC0300202DE9F041F2
:1009E0001B4800880BF030FC07461A490BF0E2FA6E
:1009F00006461949886819490BF06EFC0746012123
:100A000000F080F81649886814490BF065FC074629
:100A1000022100F077F80321304600F073F803203C
:100A200000F024F8054600240DE000BF0D480068E2
:100A300000F040000028F9D00B48005D0949091D6D
:100A40000860601CC4B2AC42EFDBBDE8F08100007E
:100A5000020000200000C842B80A002000007A44CA
:100A6000C80A0020003801408C0A002001460A29EB
:100A700000DC09B9002070472420214A10700B299E
:100A80003CD2DFE801F03B060B10151A1F24292F7A
:100A9000350005201A4A50710620ECE70920184A53
:100AA00050720A20E7E70D20154A50730E20E2E746
:100AB0001120134A50741220DDE71520104A50759A
:100AC0001620D8E719200E4A50761A20D3E71D20A9
:100AD0000B4A50771E20CEE72120094A82F82100D8
:100AE0002220C8E72520064A82F825002620C2E7F2
:100AF0002920034A82F829002A20BCE70020BAE70F
:100B00008C0A002013B50C460A2C00DC04B91CBD6D
:100B10000B2C43D2DFE804F042060C12181E242AE4
:100B200030363C0001221F49684600F047F835E0A6
:100B300005221C49684600F041F82FE009221949B6
:100B4000684600F03BF829E00D221649684600F09F
:100B500035F823E011221349684600F02FF81DE014
:100B600015221049684600F029F817E019220D49AE
:100B7000684600F023F811E01D220A49684600F09B
:100B80001DF80BE021220749684600F017F805E040
:100B900025220449684600F011F800BF00BF00BFDD
:100BA000B5E700008C0A0020704710B54FF40070C4
:100BB00001F08AF810BD72B600BFFEE730B50346FB
:100BC0001C788C545D78541C0D559D78941C0D55E3
:100BD000DD78D41C0D5530BD2DE9FF478246BAF1B2
:100BE000010F02D105F080FC0CE14421D02003F07C
:100BF0005CFE04464321D02003F057FE04EB0020A6
:100C000000B2814908804621D02003F04EFE044600
:100C10004521D02003F049FE04EB002000B27B49BF
:100C200008804821D02003F040FE04464721D02010
:100C300003F03BFE04EB002000B2754908803C2124
:100C4000D02003F032FE04463B21D02003F02DFEDD
:100C500004EB002000B26F4908803E21D02003F051
:100C600024FE04463D21D02003F01FFE04EB0020AB
:100C700000B2694908804021D02003F016FE0446E6
:100C80003F21D02003F011FE04EB002000B26349A5
:100C900008800846B0F900000AF07BFDCDE90001AC
:100CA0005D48B0F900000AF074FD0646DDE9002356
:100CB00008F056FF00225A4BCDE902010AF0D0FDA0
:100CC00004464FF0C042574B0AF0A0FB80460AF0A2
:100CD00031FD00B2544908805048B0F900000AF0D4
:100CE00058FDCDE900014B48B0F900000AF051FD74
:100CF0000646DDE9002308F033FF80460022484B1A
:100D00000AF0AEFD04464FF0C042464B0AF07EFBAF
:100D1000CDE902010AF00EFD00B2444908803A48CC
:100D2000B0F900000AF035FD04460022404B0AF0FD
:100D30006DFB06460AF0FEFC00B2334908803348DA
:100D4000B0F900000AF025FD04460022384B0AF0F5
:100D50005DFB06460AF0EEFC00B22C490880BAF1B1
:100D6000020F26D12848B0F900000BF055FA0446CE
:100D70002D48B0F900000BF04FFA0546214604F06B
:100D800029F880F000402B4908602048B0F90000A5
:100D90000BF042FA04462548B0F900000BF03CFA8B
:100DA0000546214604F04EF980F0004022490860D3
:100DB00028E0BAF1030F25D11348B0F900000BF079
:100DC0002BFA04461848B0F900000BF025FA054646
:100DD0002146FFF7A3FD80F00040164908600B484C
:100DE000B0F900000BF018FA04461048B0F9000002
:100DF0000BF012FA05462146FFF7C0FD80F00040D7
:100E00000D490860BDE8FF87920000209600002091
:100E1000940000208C000020880000208A00002020
:100E200000806640FB2109408E00002090000020D9
:100E300000605040D4020020D802002010B51C4AA7
:100E40009168106803F04AFF04460BF0E5F9184971
:100E50004860184A9168106803F07EFF04460BF062
:100E6000DBF9144948601448007818B1124800783A
:100E700008280BD10E49486805F082F80C494860F3
:100E80000C49486805F0AEF80A49486008490B4A21
:100E90004868514205F0F2FA054948600549074A99
:100EA0004868514205F0EAFA0249486010BD000066
:100EB000B80A0020C80A00205C0000200CE5FFFFF3
:100EC0002DE9F04F8FB006460C46C34DC34800785D
:100ED00001287DD1C2480E90A24650460AF0D0FFAC
:100EE000CDE908010AF052F902460B46CDE90A01A4
:100EF000A802BC490AF08AFA07466A02BA4B0AF00D
:100F0000D5FECDE90C010AF093F98146B74AB849FC
:100F100050460AF06DF98246002150460BF00CF95C
:100F20001CD0B44948460BF0DFFA804631460BF03E
:100F3000D3F9074649460BF03DF8AF498860AD4903
:100F400048460AF0C9FF804631460BF0C5F907460E
:100F500049460BF02FF8A949886003E0A64886604F
:100F6000A64886605146A6480BF0B6F907460AF037
:100F700087FFCDE9080150460AF082FF07460022AC
:100F80004FF0804309F0F0FB00229E4BCDE90001B9
:100F90000AF066FCCDE9040150460AF071FF0746ED
:100FA0000022994B09F0E0FB4FF00042974BCDE94E
:100FB00000010AF055FCCDE90201DDE904230AF045
:100FC00069F9CDE90601DDE908230AF06FFE00E0CA
:100FD0003AE000228E4BCDE90A010AF05BF9CDE937
:100FE0000C010AF025F983468A4958460BF07CFA31
:100FF0000D900E990BF070F9804687490AF06CFF4E
:1010000007460BF0CDF88549086085F000477A491E
:101010002A46886839460AF0EBF87749886085F0F7
:10102000004776492A46886839460AF0E1F873494C
:10103000886040F698024FF44871784800680AF0DA
:10104000EBF876490860C4E06448007800283DD198
:10105000002130460BF00CF902D284F0004400E08D
:1010600000BF6F48016820460BF036F980464FF00C
:1010700080410AF09FFF074631460BF02AFA5E498D
:1010800088606748016820460BF026F980464FF0DB
:1010900080410AF08FFF074631460AF01DFF57498D
:1010A000886085F0004754492A46886839460AF026
:1010B0009FF85149886085F0004750492A46886862
:1010C00039460AF095F84D49886082E04348007837
:1010D00002283DD1002130460BF0CAF802D284F03C
:1010E000004400E000BF4E48016820460BF0F4F8D1
:1010F00080464FF080410AF05DFF074631460BF015
:10110000E8F93D4988604648016820460BF0E4F85C
:1011100080464FF080410AF04DFF074631460AF005
:10112000DBFE3649886085F0004733492A468868E7
:1011300039460AF05DF83049886085F000472F494C
:101140002A46886839460AF053F82C49886040E0FE
:101150002248007803283CD1002130460BF088F863
:1011600002D284F0004400E000BF2D480168204610
:101170000BF0B2F880464FF080410AF01BFF0746A3
:1011800031460BF0A6F91C498860254801682046C5
:101190000BF0A2F880464FF080410AF00BFF0746A3
:1011A00031460AF099FE1549886085F000471249DA
:1011B0002A46886839460AF01BF80F49886085F08E
:1011C00000470E492A46886839460AF011F80B494B
:1011D00088600FB0BDE8F08F000060400B00002079
:1011E000AE272044976EC23FF3FDB43F0AD7A33E1B
:1011F00048E1FABE9EEFA73DB80A0020C80A0020C9
:10120000E5D0E23FD34DF43F000008409318E4BF1F
:10121000022BF93F4C37C93F0080BB4460000020DF
:10122000140000202DE9F041042005F08BFA32492A
:101230000860082005F086FA2F4948602F4800789A
:1012400090B1012804D002281AD0032830D123E01D
:10125000294908680AF0E0FF0546274949684842DD
:101260000AF0DAFF064623E0234908680AF0D4FFB3
:1012700005462149496848420AF0CEFF064617E074
:101280001D4908680AF0C8FF05461B4949684842DD
:101290000AF0C2FF06460BE0174908680AF0BCFFD7
:1012A00005461549496848420AF0B6FF064600BFA0
:1012B00000BF134928460BF00FF807461148016894
:1012C00038460BF009F804460F490AF073FE0F493F
:1012D00008600B4930460AF0FFFF074609480168DD
:1012E00038460AF0F9FF044607490AF063FE084948
:1012F0000860BDE8F0810000800000200B000020A5
:1013000000004843100000200000C344B80A002039
:10131000C80A0020F8B5044600260020009000BF4F
:1013200094F82400012801D10220F8BD012084F89E
:10133000240000BF2046FFF72DF90646002E6CD191
:10134000A06A20F4885040F00200A062022000F061
:1013500077FF35490968B1FBF0F04000009002E0EA
:101360000098401E009000980028F9D12046FFF711
:101370003FF92068806840F008002168886000F02C
:1013800061FE054616E000F05DFE401B0A2811D9FB
:101390002068806800F0080060B1A06A20F00200B8
:1013A00040F01000A06200BF002084F8240000BFBD
:1013B0000120BAE72068806800F008000028E2D128
:1013C0002068806840F004002168886000F03AFEE0
:1013D000054616E000F036FE401B0A2811D92068A9
:1013E000806800F0040060B1A06A20F0020040F0C4
:1013F0001000A06200BF002084F8240000BF01207C
:1014000093E72068806800F004000028E2D1A06A19
:1014100020F0020040F00100A06200BF002084F82C
:10142000240000BF304680E73C00002070470000E9
:1014300038B5024600230020009000BF92F8240037
:10144000012801D1022038BD012082F8240000BF0C
:101450004868072812D21068406B0C79641E04EBB0
:1014600084051F24AC40A0430D796D1E05EB850556
:101470000C68AC4020431468606327E048680D287E
:1014800012D21068006B0C79E41F04EB84051F2452
:10149000AC40A0430D79ED1F05EB85050C68AC4011
:1014A00020431468206311E01068C06A0C790D3C79
:1014B00004EB84051F24AC40A0430D790D3D05EBE2
:1014C00085050C68AC4020431468E06208680A286F
:1014D00012D31068C0680C780A3C04EB440507245A
:1014E000AC40A0430D780A3D05EB45058C68AC4047
:1014F00020431468E0600FE0106800690C7804EB8A
:1015000044050724AC40A0430D7805EB45058C68E5
:10151000AC402043146820610868102802D0086895
:10152000112827D1174C1068A0421ED1106880687E
:1015300000F40000F0B91068806840F400001468FE
:10154000A0600868102815D10F4800680F4CB0FB48
:10155000F4F000EB80004000009002E00098401E94
:10156000009000980028F9D104E0906A40F0200033
:101570009062012300BF002082F8240000BF1846BB
:1015800061E70000002401403C00002040420F00C1
:101590002DE9F04704460F48844219D100F024F8A1
:1015A00085B228460AF050FE81460B490AF094FEA7
:1015B00080460A490AF090FE074609490AF08CFE67
:1015C00006460AF009FE07490880024800F0DCF9E7
:1015D000BDE8F087E00300206740533A0000304147
:1015E0000000C8420400002001460868C06C704733
:1015F00010B504462068406800F0200020282FD154
:101600002068006800F00200022829D1A06A00F0DA
:10161000100018B9A06A40F40070A06220688068C9
:1016200000F46020B0F5602F13D1207B88B92068CA
:10163000406820F0200021684860A06A20F4807093
:10164000A062A06A00F4805018B9A06A40F00100BE
:10165000A0622046FFF79CFF6FF01200216808602F
:101660002068406800F0800080283BD12068006836
:1016700000F00400042835D1A06A00F0100018B969
:10168000A06A40F40050A0622068806800F4E04046
:10169000B0F5E04F0DD02068406800F48060D0B90C
:1016A0002068806800F46020B0F5602F13D1207BA3
:1016B00088B92068406820F0800021684860A06AEE
:1016C00020F48050A062A06A00F4807018B9A06A6B
:1016D00040F00100A0622046FFF7A8FE6FF00C006A
:1016E000216808602068406800F0400040280FD161
:1016F0002068006800F0010050B1A06A40F480301A
:10170000A062204600F0B6F86FF001002168086082
:1017100010BD00002DE9F0410446002700250026F9
:10172000A84614B90120BDE8F081A06810B1207D61
:1017300000B100BFA06A30B90020E06284F8240044
:10174000204600F099F82046FEF724FF0746A06ADD
:1017500000F01000002873D1002F7ED1A06A20F481
:10176000885040F00200A0623F4AD4E90001904254
:1017700008D1E069B0F5402F02D14FF4002002E01B
:10178000E06900E0E0690143207B41EA4000064354
:10179000A068B0F5807F02D0A068012802D14FF484
:1017A000807000E000200543207D012811D1207BBE
:1017B00038B9A069401E4FF4006141EA403005434A
:1017C00007E0A06A40F02000A062E06A40F001005B
:1017D000E0622068406820F469402843216848603E
:1017E0002068806821490840304321688860A068EB
:1017F000B0F5807F02D0A068012802D14FF480703C
:1018000000E00020B0F5807F03D1208A401E4FEA1F
:1018100000582068C06A20F4700040EA080021687F
:10182000C8622068806812490840B04209D100208F
:10183000E062A06A20F0020040F00100A06211E026
:101840000BE0A06A20F0020040F01000A062E06A05
:1018500040F00100E062012704E0A06A40F01000BF
:10186000A062012738465EE7003C0140FDF7E1FF3A
:10187000FE0E1FFF7047000010B586B00446002022
:1018800002900390049005903A492068884240D124
:1018900000BF3948806940F40070374988610846C4
:1018A000806900F40070019000BF00BF00BF0846CF
:1018B000806940F0040088610846806900F00400F7
:1018C000019000BF00BF00BF0846806940F01000D3
:1018D00088610846806900F01000019000BF00BFD9
:1018E000012002900320039002A9244800F0FAF995
:1018F000302002900320039002A9214800F0F2F961
:10190000202002900320039002A91C4800F0EAF96D
:101910002EE01C49206888422AD100BF1648806901
:1019200040F48060144988610846806900F4806052
:10193000019000BF00BF00BF0846806940F0100062
:1019400088610846806900F01000019000BF00BF68
:10195000022002900320039002A9084800F0C2F977
:1019600000221146122000F019FC122000F006FCA3
:1019700006B010BD002401400010024000100140DC
:10198000000801400028014070B50446002500BF52
:1019900094F82400012801D1022070BD012084F8B0
:1019A000240000BF2046FEF723FE0546002D7DD112
:1019B000A06A40F60161884340F48070A0623F490C
:1019C0002068884208D13E48006800F4702008B9B9
:1019D000012002E0002000E0012078B1A06A20F49C
:1019E0008010A0622068406800F4806000B3A06AA4
:1019F00020F4005040F48050A06219E0A06A40F446
:101A00008010A0622E49091F2068884203D02B490C
:101A10002068884204D12A48006800F4806000E011
:101A2000002028B1A06A20F4005040F48050A06249
:101A3000A06A00F4805020B1E06A20F00600E06265
:101A400001E00020E06200BF002084F8240000BF15
:101A5000C01E216808602068406840F020002168AE
:101A600048602068806800F46020B0F5602F16D1CF
:101A700012492068884208D11148006800F470209B
:101A800008B9012002E0002000E0012038B1206800
:101A9000806840F4A000216888600CE006E02068BF
:101AA000806840F480102168886004E000BF002056
:101AB00084F8240000BF28466FE70000002801409A
:101AC000042401400146002291F82100022808D098
:101AD0000420886300BF002081F8200000BF01209F
:101AE00070470868006820F00E000B6818600868EE
:101AF000006820F001000B68186091F84030012068
:101B00009840CB6B5860012081F8210000BF002075
:101B100081F8200000BF1046E2E7000070B50446DF
:101B2000002594F82100022803D00420A063012599
:101B3000C1E02068006820F00E002168086020687D
:101B4000006820F00100216808605C492068884234
:101B500052D95A4978392068884201D1012047E09A
:101B6000564964392068884201D1102040E0534929
:101B700050392068884201D1801539E04F493C39FD
:101B80002068884201D1801432E04C49283920680D
:101B9000884202D14FF480302AE048491439206845
:101BA000884202D14FF4801022E0444920688842E4
:101BB00001D140041CE042492068884201D1012043
:101BC00016E03F4914312068884201D110200FE00F
:101BD0003B4928312068884201D1801508E0384906
:101BE0003C312068884201D1801401E04FF48030FC
:101BF0003349091F086051E030497839206888422C
:101C000001D1012047E02D4964392068884201D183
:101C1000102040E0294950392068884201D18015C0
:101C200039E026493C392068884201D1801432E0ED
:101C3000224928392068884202D14FF480302AE0B6
:101C40001E4914392068884202D14FF4801022E0E6
:101C50001A492068884201D140041CE018492068D4
:101C6000884201D1012016E01549143120688842CC
:101C700001D110200FE0124928312068884201D19B
:101C8000801508E00E493C312068884201D180145B
:101C900001E04FF48030094980394860012084F820
:101CA000210000BF002084F8200000BF606B10B14D
:101CB0002046616B8847284670BD000080000240C6
:101CC000080402407047000010B50446044800684C
:101CD000204020B1024804602046FFF7F3FF10BD0A
:101CE000140401402DE9F847024600239C467BE19D
:101CF0004FF0010808FA03F4D1F8008008EA040064
:101D0000A0427DD1DFF8F4A2D1F80480A8EB0A0943
:101D1000D0453AD014DCB8F1030F50D009DCB8F14B
:101D2000000F31D0B8F1010F1CD0B8F1020F49D12A
:101D300020E0B8F1110F18D0B8F1120F42D11EE017
:101D4000B9F5881F25D006DCB9F5803F20D0B9F55C
:101D5000801F37D11AE0B9F5001F18D0B9F5041F5C
:101D600030D117E0D1F80CC02DE0D1F80C8008F18B
:101D7000040C28E0D1F80C8008F1080C23E0D1F81D
:101D80000C8008F10C0C1EE000BF00BF00BF00BFBC
:101D900000BF00BFD1F80880B8F1000F02D14FF0AA
:101DA000040C0BE0D1F80880B8F1010F03D14FF01B
:101DB000080C146102E04FF0080C546103E04FF08E
:101DC000000C00E000BF00BFFF2801D8904601E0F2
:101DD00002F104084646FF2802D84FEA830803E0D0
:101DE000A3F108084FEA88084746D6F800804FF06C
:101DF0000F0909FA07F928EA09080CFA07F900E0BF
:101E00007AE048EA0908C6F80080D1F8048008F0B2
:101E10008058B8F1805F6FD100BFDFF8E481D8F857
:101E2000188048F00108DFF8D891C9F81880C84632
:101E3000D8F8188008F00108CDF8008000BF00BF76
:101E40004FEAB9384FEA930958F829504FEA837896
:101E50004FEA18794FF00F0808FA09F825EA080543
:101E6000DFF8A081424502D14FF0000824E0DFF8FE
:101E70009881424502D14FF001081DE0DFF88C81C6
:101E8000424502D14FF0020816E0DFF88481424556
:101E900002D14FF003080FE0DFF87881424502D10C
:101EA0004FF0040808E0DFF87081424502D14FF09E
:101EB000050801E04FF006084FEA83794FEA1979E7
:101EC00008FA09F848EA0505DFF850814FEA930956
:101ED00048F82950D1F8048008F48038B8F5803FDC
:101EE0000BD1DFF83C81D8F8008048EA0008DFF821
:101EF0003091C9F800800AE075E0DFF82481D8F855
:101F0000008028EA0008DFF81891C9F80080D1F8AD
:101F1000048008F40038B8F5003F0ED1DFF80081E6
:101F200008F10408D8F8008048EA0008DFF8F090CB
:101F300009F10409C9F800800DE0DFF8E48008F138
:101F40000408D8F8008028EA0008DFF8D49009F1E6
:101F50000409C9F80080D1F8048008F48018B8F5A5
:101F6000801F0ED1DFF8B88008F10808D8F800808B
:101F700048EA0008DFF8A89009F10809C9F80080CC
:101F80000DE0DFF89C8008F10808D8F8008028EA06
:101F90000008DFF88C9009F10809C9F80080D1F831
:101FA000048008F40018B8F5001F0ED1DFF8708027
:101FB00008F10C08D8F8008048EA0008DFF86090C3
:101FC00009F10C09C9F800800DE0DFF8548008F130
:101FD0000C08D8F8008028EA0008DFF8449009F1DE
:101FE0000C09C9F800805B1CD1F8008028FA03F8BE
:101FF000B8F1000F7FF47CAEBDE8F8870000111047
:102000000010024000080140000C01400010014097
:102010000014014000180140001C0140080001406C
:102020000004014010B5C26821EA020302EA01047B
:1020300043EA0443036110BD0AB1016101E00B04EE
:1020400003617047014800687047000030000020BD
:10205000034800680349097808440149086070474B
:10206000300000203800002010B50848006840F01B
:10207000100006490860032000F0CEF8032000F0AD
:1020800007F800F02BF8002010BD000000200240EF
:1020900070B504460E4800784FF47A71B1FBF0F049
:1020A0000C490968B1FBF0F5284600F063FD08B162
:1020B000012070BD102C07D200222146501E00F0D6
:1020C0006DF80548046001E00120F2E70020F0E728
:1020D000380000203C0000203400002008B500BF7C
:1020E0001348806940F00100114988610846806901
:1020F00000F00100009000BF00BF00BF0846C069AB
:1021000040F08050C8610846C06900F080500090DF
:1021100000BF00BF052000F07FF800BF05494868F8
:1021200020F0E06040F00070486000BF08BD000093
:10213000001002400000014010B50146084600288A
:1021400017DB00F01F0301229A400B4B440943F8B0
:10215000242000BF00BF00BFBFF34F8F00BF00BFF0
:1021600000BF00BF00BF00BFBFF36F8F00BF00BF45
:1021700000BF00BF10BD000080E100E0014608463E
:10218000002809DB00F01F0301229A4043099B004D
:1021900003F1E023C3F8002100BF70472DE9F05F91
:1021A00080460D461646002706F0FAFE07463946D9
:1021B0002A46334601F00700C0F1070ABAF1040FBE
:1021C00002D94FF0040A01E0C0F1070AD14600F13C
:1021D000040ABAF1070F02D24FF0000A01E0A0F1A1
:1021E000030AD4464FF0010A0AFA09FAAAF1010AD1
:1021F0000AEA020A0AFA0CFA4FF0010B0BFA0CFB7E
:10220000ABF1010B0BEA030B4AEA0B0421464046F3
:1022100006F0CEFEBDE8F09F00BF00F00702064BBF
:1022200019684FF6FF031940044B0B4343EA0221A0
:10223000014B196000BF70470CED00E00000FA058B
:102240002DE9F04385B0064642A30FCB01AC0FC485
:1022500044A0006800904FF00008002500270024EB
:10226000A146042E36D004DC012E3BD0022E6BD1C9
:102270005FE0082E32D0102E66D13B4844680068DB
:1022800000F0807000B301A8C4F38341475C04F4FC
:10229000803070B134484068C0F340401DF8008081
:1022A00004F4803040B13148B0FBF8F000FB07F592
:1022B00002E02F4807FB00F52B48406800F480003F
:1022C000B0F5800F01D1A94603E068000321B0FBFF
:1022D000F1F93AE000F0D2F9814636E000F0CEF9AB
:1022E000814632E02048046A04F44070B0F5807FF3
:1022F00005D104F0020010B14FF4004918E004F4D5
:102300004070B0F5007F07D11748406A00F0020026
:1023100010B149F640490BE004F44070B0F5407F3D
:1023200006D11148006800F4003008B14FF224498A
:102330000BE000F093F90C494968C1F38131491C65
:102340004900B0FBF1F900E000BF00BF484605B00E
:10235000BDE8F08302030405060708090A0B0C0D0B
:102360000E0F1010010200000010024000127A004F
:1023700000093D00F8B5044600260025207800F04D
:10238000010000286BD000274348C06900F080504E
:1023900070B900BF4048C06940F080503E49C861F4
:1023A0000846C06900F08050009000BF00BF0127C0
:1023B0003A48006800F48070B0B93848006840F4CA
:1023C000807036490860FFF73DFE064606E0FFF7DD
:1023D00039FE801B642801D90320F8BD2F4800680E
:1023E00000F480700028F2D02B48006A00F4407599
:1023F0002DB3A08800F44070A84220D02648006A7F
:1024000020F4407501202649086000200860224819
:10241000056205F0010090B1FFF714FE064608E0E2
:10242000FFF710FE801B41F28831884201D903205A
:10243000D3E71948006A00F002000028F0D01648DF
:10244000006A20F440706168084313490862012F54
:1024500004D10846C06920F08050C86100BF2078D0
:1024600000F00200022807D10B48406820F44040E9
:10247000A168084308494860207800F0100010283F
:1024800007D10548406820F480006169084302498B
:1024900048600020A1E700000010024000700040EA
:1024A0004004424270B504460D460CB9012070BD8F
:1024B0005A48006800F00700A8420ED2574800684A
:1024C00020F007002843554908600846006800F0DE
:1024D0000700A84201D00120E9E7207800F00200BF
:1024E00002281DD1207800F00400042805D14C48B2
:1024F000406840F4E0604A494860207800F00800F5
:10250000082805D14648406840F460504449486076
:102510004348406820F0F000A16808434049486003
:10252000207800F0010078B36068012806D13C48AB
:10253000006800F4003090B90120B8E76068022814
:1025400006D13748006800F0007040B90120AEE7BE
:102550003348006800F0020008B90120A7E73048BE
:10256000406820F00300616808432D494860FFF788
:1025700069FD064609E0FFF765FD801B41F28831E1
:10258000884202D9032092E707E02548406800F01E
:102590000C006168B0EB810FEDD12048006800F0BD
:1025A0000700A8420ED91D48006820F00700284304
:1025B0001A4908600846006800F00700A84201D0E8
:1025C000012074E7207800F00400042807D11448A3
:1025D000406820F4E060E1680843114948602078D1
:1025E00000F00800082808D10D48406820F4605029
:1025F000216940EAC1000A49486000F03FF80849F3
:102600004968C1F30311074A515CC8400649086094
:1026100006480068FFF73CFD002048E70020024024
:1026200000100240C2C600083C0000203400002018
:1026300001480068704700003C00002000B5FFF72B
:10264000F7FF04494968C1F30221034A515CC840BD
:1026500000BD000000100240D2C6000800B5FFF720
:10266000E7FF04494968C1F3C221034A515CC840ED
:1026700000BD000000100240D2C60008F0B585B0D1
:102680000FF26C0C9CE8E01001A8A0E8E0101CA57B
:102690002D68009500210022002300240020194D00
:1026A000696801F00C05F5B1042D02D0082D19D18F
:1026B00001E0154819E001ADC1F38346AC5D01F4BA
:1026C000803555B10F4D6D68C5F340451DF80520A7
:1026D0000D4D6543B5FBF2F302E00C4D04FB05F331
:1026E000184602E000BF084800BF00BF05B0F0BDBB
:1026F00002030405060708090A0B0C0D0E0F101043
:10270000010200000010024000127A0000093D00A2
:10271000F8B504460CB90120F8BD207800F001009E
:10272000002878D0F848406800F00C0004280CD04D
:10273000F548406800F00C00082811D1F2484068C4
:1027400000F48030B0F5803F0AD1EF48006800F413
:10275000003000285FD0606800285CD10120DBE7F2
:1027600000BF6068B0F5803F06D1E748006840F4DC
:102770008030E549086028E0606858B9E2480068A0
:1027800020F48030E04908600846006820F480208A
:1027900008601AE06068B0F5A02F0BD1DA48006835
:1027A00040F48020D84908600846006840F4803032
:1027B00008600AE0D448006820F48030D2490860FC
:1027C0000846006820F48020086000BF606888B177
:1027D000FFF738FC054606E0FFF734FC401B642891
:1027E00001D9032098E7C848006800F400300028A9
:1027F000F2D010E0FFF726FC054606E0FFF722FCCA
:10280000401B642801D9032086E7BF48006800F414
:1028100000300028F2D1207800F00200022857D1C1
:10282000B948406800F00C0050B1B748406800F06B
:102830000C00082818D1B448406800F4803098B9DA
:10284000B148006800F0020020B12069012801D0E1
:10285000012061E7AC48006820F0F800616940EAB7
:10286000C100A949086033E02069E8B10120A74907
:102870000860FFF7E7FB054606E0FFF7E3FB401BB8
:10288000022801D9032047E79F48006800F00200B2
:102890000028F2D09C48006820F0F800616940EA06
:1028A000C1009949086013E0002098490860FFF7CB
:1028B000C9FB054606E0FFF7C5FB401B022801D90E
:1028C000032029E79048006800F002000028F2D1B8
:1028D000207800F0080008282DD1A069B8B10120A7
:1028E0008B490860FFF7AEFB054606E0FFF7AAFB41
:1028F000401B022801D903200EE78348406A00F0FC
:1029000002000028F2D0012003F0DAFD13E00020DD
:102910007F490860FFF796FB054606E0FFF792FB4C
:10292000401B022801D90320F6E67748406A00F0F0
:1029300002000028F2D1207800F00400042873D1AE
:1029400000277148C06900F0805070B900BF6E4820
:10295000C06940F080506C49C8610846C06900F009
:102960008050009000BF00BF01276A48006800F453
:102970008070B0B96748006840F4807065490860AD
:10298000FFF760FB054606E0FFF75CFB401B642891
:1029900001D90320C0E65F48006800F48070002879
:1029A000F2D000BFE068012806D15748006A40F025
:1029B00001005549086227E0E06858B95248006AAA
:1029C00020F00100504908620846006A20F0040027
:1029D000086219E0E06805280BD14B48006A40F016
:1029E0000400494908620846006A40F00100086294
:1029F0000AE04548006A20F00100434908620846A1
:102A0000006A20F00400086200BFE068A0B1FFF790
:102A100019FB054609E0FFF715FB401B41F2883121
:102A2000884202D9032077E622E03748006A00F0A6
:102A300002000028EFD012E0FFF704FB054608E093
:102A4000FFF700FB401B41F28831884201D9032087
:102A500062E62D48006A00F002000028F0D1012F44
:102A600005D12948C06920F080502749C86100BFBE
:102A7000E069C8B32448406800F00C00082860D022
:102A8000E069022848D1002020490866FFF7DAFAF9
:102A9000054606E0FFF7D6FA401B022801D90320BD
:102AA0003AE61948006800F000700028F2D1206A68
:102AB000B0F5803F07D11448406820F40030A16889
:102AC000084311494860D4E9080108430E494968A0
:102AD00021F4741108430C49486001200B49086631
:102AE000FFF7B0FA054607E03DE0FFF7ABFA401B01
:102AF000022801D903200FE60348006800F00070A7
:102B00000028F2D02FE000000010024000004242F6
:102B10008004424200700040002014490866FFF71C
:102B200091FA054606E0FFF78DFA401B022801D90D
:102B30000320F1E50E48006800F000700028F2D193
:102B400011E0E069012800D1E6E50948466806F48D
:102B50008031206A814204D106F47011606A81429A
:102B600001D00120D8E50020D6E500000000424257
:102B70000010024070B504462546681EB0F1807F03
:102B800001D301200FE0681E4FF0E02148610F21C2
:102B90004FF0FF3006F00CFA00204FF0E021886182
:102BA00007200861002070BD7047704710B50346CC
:102BB000002200BF93F83C00012801D1022010BD83
:102BC000012083F83C0000BF22F0FF00CC6840EAFF
:102BD000040222F440708C6840EA040222F480600F
:102BE0004C6840EA040222F400600C6840EA0402E7
:102BF00022F480500C6940EA040222F400504C692F
:102C000040EA040222F48040CC6940EA04021868D9
:102C1000426400BF002083F83C0000BF00BFCEE745
:102C200030B502460B4600BF92F83C00012801D1A6
:102C3000022030BD012082F83C0000BF022082F853
:102C40003D00106844681068816824F070041868BA
:102C5000044310684460144D1068A84213D0134D0B
:102C60001068A8420FD01068B0F1804F0BD0104D03
:102C70001068A84207D00F4D1068A84203D00E4D2F
:102C80001068A84205D121F08001586801431068FE
:102C90008160012082F83D0000BF002082F83C00E6
:102CA00000BF00BFC5E70000002C01400034014018
:102CB0000004004000080040000C004010B504462D
:102CC0000CB9012010BD94F83D0028B9002084F80B
:102CD0003C00204600F026F8022084F83D00211D2B
:102CE000206805F0F1FC012084F8460000BF84F85C
:102CF0003E0001213F200155402001554120015552
:102D000000BF00BF012084F8420043200155442049
:102D100001554520015500BF012084F83D000020E9
:102D2000D0E7000010B586B0044600200290039062
:102D30000490059026492068884216D100BF254896
:102D4000C06940F008002349C8610846C06900F026
:102D50000800019000BF00BF012202213220FFF7CE
:102D60001DFA3220FFF70AFA2FE02068B0F1804FF9
:102D70002BD100BF1748C06940F001001549C86158
:102D80000846C06900F00100019000BF00BF00BF0D
:102D90000846806940F0040088610846806900F0B8
:102DA0000400019000BF00BF0C200290002003909F
:102DB000049002A90848FEF795FF022201211C2079
:102DC000FFF7ECF91C20FFF7D9F906B010BD0000A1
:102DD000000C00400010024000080140014691F83C
:102DE0003D00012801D001207047022081F83D00FC
:102DF0000868C06840F001000B68D860164B08688E
:102E0000984213D0154B086898420FD00868B0F16B
:102E1000804F0BD0124B0868984207D0114B0868BE
:102E2000984203D0104B086898420CD1086880681B
:102E300000F00702062A0CD00868006840F0010084
:102E40000B68186005E00868006840F001000B6836
:102E500018600020C8E70000002C01400034014049
:102E60000004004000080040000C00402DE9F04143
:102E700004460D4600BF94F83C00012802D1022010
:102E8000BDE8F081012084F83C0000BF022084F8F6
:102E90003D002068866826F0770626F47F46206885
:102EA00086602868502833D00CDC202850D004DC01
:102EB00000284BD0102851D149E0302849D0402873
:102EC0004CD139E060282DD0702807D0B0F5805F54
:102ED00003D0B0F5005F41D10DE040E0D5E9021329
:102EE0006A68206805F04FFC2068866846F077061F
:102EF0002068866033E0D5E902136A68206805F02F
:102F000042FC2068806840F480402168886026E0A8
:102F1000EA686968206805F027FD5021206805F0FF
:102F20003DFC1CE0EA686968206805F06FFD6021DF
:102F3000206805F033FC12E0EA686968206805F053
:102F400013FD4021206805F029FC08E000BF00BF08
:102F500000BF2968206805F021FC00E000BF00BF29
:102F6000012084F83D0000BF002084F83C0000BF31
:102F700000BF85E72DE9F04104460D4614B9012054
:102F8000BDE8F08194F83D0028B9002084F83C00A9
:102F9000204600F051F8022084F83D002068806847
:102FA00044F20701884321688860211D206805F0EC
:102FB0008BFB2068D0F80880206886692068076A43
:102FC000286840EA080840F203308643A969A868E7
:102FD00040EA0120064340F60C4086434FF2F000E1
:102FE0008643E969E86840EA012006432869000150
:102FF000296A40EA0130064327F0220769696868B8
:1030000040EA011007432068C0F808802068866104
:1030100020680762012084F8460084F83E00012100
:103020003F200155012084F8420043200155012032
:1030300084F83D000020A3E710B586B004460020C8
:1030400002900390049005903149206888422CD169
:1030500000BF3048C06940F004002E49C8610846EE
:10306000C06900F00400019000BF00BF00BF084627
:10307000806940F0080088610846806900F0080017
:10308000019000BF00BFC020029000200390049078
:1030900002A92148FEF726FE032201211E20FFF788
:1030A0007DF81E20FFF76AF82FE01C49206888424F
:1030B0002BD100BF1748806940F400501549886142
:1030C0000846806900F40050019000BF00BF00BFB7
:1030D0000846806940F0100088610846806900F069
:1030E0001000019000BF00BFC0200290002003909C
:1030F000049002A90A48FEF7F5FD032201212C20C5
:10310000FFF74CF82C20FFF739F806B010BD00008F
:103110000008004000100240000C01400034014053
:10312000001001402DE9F04304460D4694F83E603E
:103130003F20075D94F84280432010F804906DB959
:10314000012E02D1B8F1010F02D00120BDE8F083B9
:10315000022084F83E0084F8420025E0042D0CD1C2
:10316000012F02D1B9F1010F01D00120EEE70221B8
:103170003F2001554320015516E0012E07D1012FB4
:1031800005D1B8F1010F02D1B9F1010F01D0012031
:10319000DCE7022084F83E0002213F200155022096
:1031A00084F842004320015515B1042D0CD105E0EF
:1031B00001220021206805F0D5FA10E00122042147
:1031C000206805F0CFFA0AE001220021206805F00E
:1031D000C9FA01220421206805F0C4FA00BF00BF2B
:1031E0002068006840F00100216808600020ADE719
:1031F00010B504466E480068B0F5C86F0CDD6D4828
:10320000007848B901206B49087000206A490870AD
:103210006A4908706A4908706A4884427ED1207FF2
:1032200004285FD168484078D8B90821654800F083
:103230001DFD6549486000BF62480068006A20F4CF
:1032400000706049096808625E480068006A40F4DE
:1032500000705C490968086200BF01205A49487043
:1032600040E00821574800F001FD57494968401ADD
:103270004F4908600968554A1268881A002801DB1E
:10328000014600E04142B1F5FA7F11DD5048007877
:10329000401C4F49087008460078052804DC4B485C
:1032A00000684349086006E000204949087002E0D0
:1032B0000020474908703E4800684449086000BF44
:1032C00040480068006A20F400703E4909680862BE
:1032D0003C480068006A3B490968086200BF00205A
:1032E00039494870207F082861D13A484078E8B9C8
:1032F0000C21344800F0BAFC3649486000BF314820
:103300000068006A20F400502E49096808622D48C0
:103310000068006A40F400502A4900E047E009686C
:10332000086200BF01202B49487040E00C2125486D
:1033300000F09CFC27494968401A27490860096841
:10334000264A1268881A002801DB014600E0414243
:10335000B1F5FA7F11DD22480078401C2049087041
:1033600008460078052804DC1C4800681A490860F3
:1033700006E000201A49087002E000201849087091
:10338000154800681549086000BF0E480068006ACB
:1033900020F400500B49096808620A480068006A76
:1033A00008490968086200BF00200A49487010BD3A
:1033B000EC0000200A000020080000200700002088
:1033C0000900002058040020780C0020F4000020A0
:1033D000020100206C0C0020E8000020F00000201A
:1033E000030100202DE9F04104460D46164600BFBA
:1033F00094F83C00012802D10220BDE8F0810120B0
:1034000084F83C0000BF96B9EB68D5E9001220684B
:1034100005F0BEFA2068806920F00C002168886100
:1034200020688069A9680843216888613DE0042E0E
:1034300013D1EB68D5E90012206805F0FBFA20688B
:10344000806920F440602168886120688069A968EB
:1034500040EA01202168886127E0082E12D1EB683C
:10346000D5E90012206805F002FB2068C06920F051
:103470000C002168C8612068C069A96808432168F8
:10348000C86112E0EB68D5E90012206805F00BFB7B
:103490002068C06920F440602168C8612068C06964
:1034A000A96840EA01202168C86100BF002084F8B3
:1034B0003C0000BF00BFA0E710B504460CB90120D6
:1034C00010BD94F83D0028B9002084F83C00204647
:1034D00000F025F8022084F83D00211D206805F049
:1034E000F3F8012084F8460000BF84F83E00012173
:1034F0003F200155402001554120015500BF00BF2C
:10350000012084F842004320015544200155452004
:10351000015500BF012084F83D000020D0E770472E
:103520002DE9F04104460D4615B994F83E000BE034
:10353000042D02D13F20005D06E0082D02D140207D
:10354000005D01E04120005D074615B994F8420096
:103550000BE0042D02D14320005D06E0082D02D1CE
:103560004420005D01E04520005D8046012F02D12E
:10357000B8F1010F02D00120BDE8F0811DB9022091
:1035800084F83E000EE0042D03D102213F200155B6
:1035900008E0082D03D102214020015502E002215C
:1035A000412001551DB9022084F842000EE0042D8F
:1035B00003D102214320015508E0082D03D1022147
:1035C0004420015502E002214520015535B1042D6A
:1035D0000BD0082D10D00C2D1CD114E02068C06831
:1035E00040F002002168C86015E02068C06840F023
:1035F00004002168C8600EE02068C06840F0080040
:103600002168C86007E02068C06840F010002168A9
:10361000C86000E000BF00BF01222946206805F015
:10362000A1F816492068884213D0154920688842BD
:103630000FD02068B0F1804F0BD01249206888422B
:1036400007D011492068884203D010492068884279
:103650000CD12068806800F00706062E0CD0206888
:10366000006840F001002168086005E020680068FB
:1036700040F001002168086000207DE7002C014037
:10368000003401400004004000080040000C0040ED
:1036900010B5044620680069C0F34000D8B1206826
:1036A000C068C0F34000B0B16FF00200216808614B
:1036B000012020772068806900F0030018B12046BF
:1036C000FFF796FD05E0204600F012F9204600F0D5
:1036D000EDF90020207720680069C0F38000D8B1A0
:1036E0002068C068C0F38000B0B16FF004002168AA
:1036F0000861022020772068806900F4407018B1CA
:103700002046FFF775FD05E0204600F0F1F8204661
:1037100000F0CCF90020207720680069C0F3C000D9
:10372000D8B12068C068C0F3C000B0B16FF0080025
:1037300021680861042020772068C06900F0030038
:1037400018B12046FFF754FD05E0204600F0D0F800
:10375000204600F0ABF90020207720680069C0F314
:103760000010D8B12068C068C0F30010B0B16FF08D
:10377000100021680861082020772068C06900F4E3
:10378000407018B12046FFF733FD05E0204600F0F9
:10379000AFF8204600F08AF9002020772068006901
:1037A00000F0010058B12068C06800F0010030B19D
:1037B0006FF0010021680861204600F0F3F92068ED
:1037C0000069C0F3C01058B12068C068C0F3C010D1
:1037D00030B16FF08000216808612046FFF7E4F9FE
:1037E00020680069C0F3801058B12068C068C0F339
:1037F000801030B16FF0400021680861204600F071
:103800004EFA20680069C0F3401058B12068C068C3
:10381000C0F3401030B16FF02000216808612046ED
:10382000FFF7C3F910BD000010B586B004460020B4
:10383000029003900490059028492068884218D18E
:1038400000BF2748806940F0040025498861084688
:10385000806900F00400019000BF00BF881502904D
:10386000022003900320059002A91E48FEF73AFAB1
:1038700032E01D49206888422ED100BF1848806977
:1038800040F00400164988610846806900F0040091
:10389000019000BF00BF00BF0846806940F00800EB
:1038A00088610846806900F00800019000BF00BFF1
:1038B000C0200290022003900320059002A909482D
:1038C000FEF710FA032002900220039003200590D7
:1038D00002A90648FEF706FA06B010BD002C01400A
:1038E000001002400008014000040040000C0140AC
:1038F000704770B504460D46164600BF94F83C006C
:10390000012801D1022070BD012084F83C0000BFD5
:1039100036B1042E1BD0082E31D00C2E5ED145E0DE
:103920002946206804F044FF2068806940F00800C0
:10393000216888612068806920F00400216888611E
:1039400020688069296908432168886147E0294621
:10395000206804F065FF2068806940F400602168F9
:1039600088612068806920F480602168886120680F
:103970008069296940EA0120216888612FE0294691
:10398000206804F08BFF2068C06940F008002168BF
:10399000C8612068C06920F004002168C8612068FF
:1039A000C069296908432168C86118E02946206870
:1039B00004F0B0FF2068C06940F400602168C8616D
:1039C0002068C06920F480602168C8612068C069EF
:1039D000296940EA01202168C86100E000BF00BFFA
:1039E00000BF002084F83C0000BF00BF8BE710B58B
:1039F00004460CB9012010BD94F83D0028B9002000
:103A000084F83C00204600F025F8022084F83D00B0
:103A1000211D206804F058FE012084F8460000BFF4
:103A200084F83E0001213F200155402001554120EE
:103A3000015500BF00BF012084F84200432001551A
:103A4000442001554520015500BF012084F83D0068
:103A50000020D0E708B5124A016891420DD100BF9D
:103A60001049896941F400610E4A916111468969E2
:103A700001F40061009100BF11E00B4A016891421E
:103A80000DD100BF0749C96941F00201054AD16162
:103A90001146C96901F00201009100BF00BF08BDD5
:103AA000002C01400010024000040040704700005C
:103AB00070B504460D4615B994F83E000BE0042D90
:103AC00002D13F20005D06E0082D02D14020005DBC
:103AD00001E04120005D012801D0012070BD1DB929
:103AE000022084F83E000EE0042D03D102213F2085
:103AF000015508E0082D03D102214020015502E0C4
:103B000002214120015501222946206804F02AFEA5
:103B10001F492068884203D01E492068884201D18D
:103B2000012000E0002028B12068406C40F40040F3
:103B30002168486416492068884213D015492068D6
:103B400088420FD02068B0F1804F0BD01249206816
:103B5000884207D011492068884203D01049206864
:103B600088420CD12068806800F00706062E0CD031
:103B70002068006840F001002168086005E02068C6
:103B8000006840F00100216808600020A6E70000FE
:103B9000002C0140003401400004004000080040B7
:103BA000000C00402DE9F04104462748844248D1EA
:103BB000FDF738FB25480078A8B125480078401C5F
:103BC000C0B2234908700A2804D1002008701F4998
:103BD000087008E01E4800780A2804DD00201C490F
:103BE00008701A4908701B480078092802D104F0AF
:103BF0009FF801E001F046FC17480168174800688B
:103C0000FDF75EF904F06EFF10B9FDF717F908E053
:103C10000020134948601349486040F2DC501249C3
:103C200008601049486808F0BBFA07460C4840682D
:103C300080F00046304608F0B3FA0546394602F0F7
:103C4000B5FDBDE8F0810000300500200100002036
:103C5000000000205C0000204800002044000020FC
:103C6000B80A0020C80A0020600000200246002098
:103C700031B1042907D0082908D00C290CD108E05B
:103C80001368586B09E01368986B06E01368D86BEB
:103C900003E01368186C00E000BF00BF7047704776
:103CA000704770472DE9F84F044620680568206882
:103CB000C668206847694FF00009CA4605F00F0939
:103CC000B9F1000F0AD105F0200038B106F020004C
:103CD00020B1204604F089FFBDE8F88FB9F1000F4C
:103CE00071D007F0010018B906F4907000286AD06E
:103CF00005F0010030B106F4807018B1206C40F07E
:103D00000100206405F0040030B107F0010018B193
:103D1000206C40F00200206405F0020030B107F092
:103D2000010018B1206C40F00400206405F0080088
:103D300048B106F0200010B907F0010018B1206C5E
:103D400040F008002064206C68B305F0200028B122
:103D500006F0200010B1204604F047FF20684069BB
:103D6000C0F3801A206C00F0080010B9BAF1000FFF
:103D700022D0204604F00EFF2068406900F0400089
:103D8000B0B12068406920F0400021684861A06B14
:103D900050B15648A16B4863A06BFDF7BFFE10B150
:103DA000A06B416B88470CE02046FFF77AFF08E0E4
:103DB0002046FFF776FF04E02046FFF772FF002061
:103DC000206489E7FFE7206B012878D105F0100017
:103DD000002874D006F01000002870D000BF00202A
:103DE000009020680068009020684068009000BF44
:103DF00000BF2068406900F04000C0B3A06B0068BD
:103E000040681FFA80F8B8F1000F2FD0A08D404510
:103E10002CDDA4F82E80A06B806920281FD020689C
:103E2000C06820F480702168C8602068406920F074
:103E30000100216848612068406920F04000216845
:103E40004861202084F83E00002020632068C0687C
:103E500020F010002168C860A06BFDF733FEA08D34
:103E6000E28D801A81B22046FFF71AFF34E7FFE7A0
:103E7000A08DE18D401A1FFA80F8E08DE8B1B8F10D
:103E8000000F1AD02068C06820F490702168C860C4
:103E90002068406920F0010021684861202084F8F2
:103EA0003E00002020632068C06820F010002168D8
:103EB000C86041462046FFF7F3FE0DE7FFE705F037
:103EC000800030B106F0800018B1204604F0A1FF58
:103ED00002E705F0400030B106F0400018B120467E
:103EE00004F073FEF8E600BFF6E60000818B0008E0
:103EF00010B504460CB9012010BDA06900B100E066
:103F000000BF94F83D0028B9002084F83C0020460A
:103F100000F028F8242084F83D002068C06820F4D0
:103F200000502168C860204604F0D2FE2068006975
:103F300020F49040216808612068406920F02A0040
:103F4000216848612068C06840F400502168C8605A
:103F500000202064202084F83D0084F83E000020EA
:103F6000CAE7000010B586B0044600200290039016
:103F70000490059060492068884243D100BF5F48A3
:103F8000C06940F480105D49C8610846C06900F40A
:103F90008010019000BF00BF00BF0846806940F05C
:103FA000100088610846806900F01000019000BF91
:103FB00000BF00BF0846806940F0200088610846C5
:103FC000806900F02000019000BF00BF88140290BB
:103FD000022003900320059002A94948FDF782FEC4
:103FE0000420029000200390049002A94548FDF7A8
:103FF00079FE012211463520FEF7D0F83520FEF774
:10400000BDF876E040492068884237D100BF3B4880
:10401000806940F48040394988610846806900F42D
:104020008040019000BF00BF00BF0846806940F09B
:10403000040088610846806900F00400019000BF18
:1040400000BF48150290022003900320059002A9AA
:104050002E48FDF747FE4FF4806002900020039049
:10406000049002A92948FDF73DFE012211462520B2
:10407000FEF794F82520FEF781F83AE024492068FD
:10408000884236D100BF1D48C06940F480201B49DA
:10409000C8610846C06900F48020019000BF00BFDD
:1040A00000BF0846806940F00800886108468069C2
:1040B00000F00800019000BF00BF08150290022028
:1040C00003900320059002A91248FDF70BFE4FF460
:1040D0000060029000200390049002A90D48FDF7B3
:1040E00001FE012211462720FEF758F82720FEF78F
:1040F00045F806B010BD000000500040001002401E
:104100000010014000140140003801400008014047
:1041100000480040000C014070B504460D461646AC
:1041200094F83E00202816D105B10EB9012070BDCB
:1041300000BF94F83C00012801D10220F7E70120DC
:1041400084F83C0000BF0020206332462946204608
:1041500004F03CFEEBE70220E9E700002DE9F04720
:1041600086B08246FE48824558D1FE480478012038
:10417000FD4908700020FD490870FD490870FD499F
:104180000870FD48FD49097844547B2C03D0FB4856
:104190000078002805DDF9480078401CF7490870D0
:1041A00002E00020F5490870F44800780B282FD170
:1041B0000020F2490870F048807A7D2828D100213B
:1041C0000920FCF78DFBEC49497A884220D1EA4A64
:1041D0001179D07804F0B8FEE9490860E64A117A0E
:1041E000D07904F0B1FE0546E6480078012807D1F1
:1041F0002946E348006804F04FFEE349086006E002
:10420000DD4A117AD07904F09FFEDF49086000BFD3
:104210000122D449D248FFF77FFF00BFDB48824527
:104220007DD1DB480078DB490860D048007848BB86
:1042300008460068412821D1D7480068401CD6496B
:104240000860052815D1002008600120C7490870C2
:104250000020C7490870C7490870C3490870CF4893
:10426000CF490860C7480078012803D1CD48CE491E
:10427000086021E1CD48CC4908601DE10020C64915
:10428000086019E1C3480068412809DBC14800689B
:10429000482805DCBF4800784038C54908707EE0F2
:1042A000BC4800685A2803D10020C149087076E054
:1042B000B84800680A2804DCB6480078BC49087091
:1042C0006DE0B448006859282AD1BA49B44800685A
:1042D00008F00AF9B24904460860B74907F0C8FF78
:1042E00002D2B548AE490860A6480078012856D0E9
:1042F000AD48006807F0C4FD0646B04AB04B07F071
:10430000D5FC044606F094FFA74980460860AD49F5
:1043100007F0AEFF43D2AB48A34908603FE0D1E0CD
:104320009C48006858282BD1A2499D48006807F096
:10433000D3FD9B4904460860A34908F099F802D2CE
:10434000A148974908608F480078012827D09648EF
:10435000006807F095FD0646984A994B06F09AFFCB
:10436000044606F065FF9049804608604FF07E5194
:1043700008F07EF813D24FF07E508B4908600EE0B3
:10438000844800687B2803D101209049087006E02A
:10439000804800687D2802D102208C4908708B4833
:1043A000007801280AD17B4800788949894A127827
:1043B000885488480078401C8649087083480078F3
:1043C000022879D18248C078502803D1012082493F
:1043D000087064E07E484078232860D07D480078EB
:1043E0007E49087035E07B4909787C4A1278881A42
:1043F00007F0CFF9804642460B460020784906F088
:10440000B3F906460F4675490978491E704A515C52
:10441000A1F1300007F0BDF932463B46CDE900017D
:1044200007F01EFA04460D466E48006807F028FDA6
:1044300022462B46CDE9020106F02CFFCDE904010E
:1044400006F0F6FE6749086064480078401E63493C
:104450000870624800780428C5DA5D484078303832
:1044600009281AD2DFE800F0050A121314151617EE
:1044700018005C4800684A4908600FE05A495948EA
:10448000006807F097FD5949086007E006E005E07D
:1044900004E003E002E001E000E000BF00BF002014
:1044A0004A4908704B4908704C4908704D490860EA
:1044B00032214748FBF76EFF012235493348FFF7A9
:1044C0002BFED9E14A488245FBD14A4804784A4844
:1044D0000078052842DD484800782A283FDA464817
:1044E0000078032190FBF1F201FB1200A0B94348D0
:1044F0000078C0EBC0014248084404803E48007880
:10450000401C3D4908703F4800786040C0B23E49B9
:10451000085C3C490870A9E137480078032190FB0A
:10452000F1F201FB1200012878D134480078C0EB89
:10453000C00133480844008800EB042081B22F48B2
:104540000078C0EBC0022E48104401802A48007851
:10455000401C294908702B48007858E0FAE077E0C1
:1045600004060020CC0000200900002008000020E4
:10457000070000200A000020E80B0020D1000020E6
:10458000440000200B0000204800002048060020C6
:10459000CD000020D8000020D40000200000AF4350
:1045A000540000207CD9203F58000020DB0F493FF9
:1045B000D00000200000C841000052439A99999908
:1045C0009999B93F7CD9203E00004844DC00002086
:1045D000080C0020DD000020CF000020DE000020BD
:1045E00000002440E000002000007A446800002021
:1045F000C0050020CE000020E4000020E6000020DE
:10460000A20D0020E5000020A2DB000806E06040CB
:10461000C0B29B49085C9B49087027E19A48007822
:10462000C0EBC00199480844847097480078401C4A
:104630009549087096480078401C95490870914843
:1046400000786040C0B28E49085C8E4908700DE168
:104650008F4800782A3805287AD2DFE800F0031561
:104660002D3F57008948801FA0F85A40884800789D
:10467000401C87490870834800786040C0B2804978
:10468000085C8049087064E08048801FB0F85A00D8
:1046900000EB04207D49891FA1F85A007C4800786E
:1046A000401C7B490870774800786040C0B274496C
:1046B000085C744908704CE07448801FA0F85C40A6
:1046C00073480078401C724908706E48007860405A
:1046D000C0B26B49085C6B4908703AE06B48801FB8
:1046E000B0F85C0000EB04206849891FA1F85C0069
:1046F00067480078401C664908706248007860404E
:10470000C0B25F49085C5F49087022E05F48801FC3
:1047100080F85E4090F85E005A49097888420AD1D4
:1047200005F0ECFA5B480088401C5A4908800120DB
:104730005949087004E05F215448801FFBF708FEC8
:10474000002050490870524908704F49087000BF56
:1047500000BF8BE04E48007806286ED2DFE800F0FC
:10476000031C35465C6E542C10D14848801F0470E1
:1047700047480078401C464908704248007860402D
:10478000C0B23F49085C3F49087004E0002040493E
:1047900008703C49087068E02C2C10D13B48801F01
:1047A00044703B480078401C39490870354800780F
:1047B0006040C0B23249085C3249087004E0002011
:1047C000334908702F4908704FE03048801F4480FB
:1047D0002F480078401C2E4908702A480078604015
:1047E000C0B22749085C274908703EE02748801F6F
:1047F000408800EB04202549891F48802448007820
:10480000401C234908701F4800786040C0B21C4912
:10481000085C1C49087028E01C48801F84801C48E4
:104820000078401C1A490870164800786040C0B2F1
:104830001349085C1349087017E015E01348801FFE
:10484000808800EB04201149891F88801048007877
:10485000401C0F4908700B4800786040C0B20849FE
:10486000085C0849087000E000BF00BF01220B4946
:104870000B48FFF751FC00BF06B0BDE8F087000011
:10488000A2DB0008E5000020E6000020A20D0020C9
:10489000E4000020C8000020CA000020CE00002054
:1048A000C0050020704700BFFEE770B505460E4604
:1048B000002400F0F9F8284600F0C4F8641C00F069
:1048C0004BF9304600F0BEF8641C00F045F900F0EA
:1048D000EBF8691CC8B200F0B5F8641C00F03CF9B4
:1048E000002000F077F8044600F012F9204670BD71
:1048F00010B500200E4908600E48006820F0704096
:104900000C4908600846006840F0405008600020EC
:104910000949C1F8BC01012003F04AFE0120044905
:10492000086003F045FE00200349C1F8B80110BD3E
:10493000B8812142040C01400080214200B585B0BD
:104940000020019002900390049000BF0C48806901
:1049500040F008000A4988610846806900F00800B4
:10496000009000BF00BF4FF4404001900120029032
:104970000320049001A90348FDF7B4F905B000BD78
:1049800000100240000C014010B500200E490860E4
:104990000E48006820F070400C4908600846006826
:1049A00040F04050086001200949C1F8BC0103F003
:1049B000FFFD01200449086003F0FAFD00200449CE
:1049C000C1F8B80110BD0000B8812142040C0140BB
:1049D0000080214270B5054600241748006820F089
:1049E0007040154908600846006840F000400860C3
:1049F000002616E0002011490860022003F0D8FDCF
:104A000001200F49C1F8B8016006040E0B487C383C
:104A1000006808B1601CC4B2022003F0C9FD701C1C
:104A2000C6B2082EE6DB15B1FFF762FF01E0FFF723
:104A3000ABFF204670BD0000040C0140B88121424C
:104A40000080214270B504461448006820F0704090
:104A5000124908600846006840F040500860002095
:104A60000F490860002516E0E0090D49091D08609E
:104A70006006040E012003F09BFD01200949C1F8E6
:104A8000B80103F095FD002005490860012003F0FE
:104A90008FFD681CC5B2082DE6DB70BD040C01401B
:104AA000B88121420080214210B51648006820F0EC
:104AB0007040144908600846006840F040500860A3
:104AC0000120114908601148D0F83C0108B90020C4
:104AD00010BD01200C49091F086003F069FD00208A
:104AE0000A49C1F8BC0108488038006808B10020B4
:104AF000EEE7012003F05CFD00200349091F086078
:104B00000120E5E7040C0140BC81214200802142E4
:104B100010B50E48006820F070400C490860084647
:104B2000006840F0405008600020094908600949C9
:104B3000C1F8BC01012003F03BFD012004490860DD
:104B40000449C1F8BC0103F033FD10BD040C014061
:104B5000B88121420080214210B500241548006828
:104B600020F07040134908600846006840F000409B
:104B7000086001201049086003F01AFD01200F4968
:104B8000C1F8B80103F014FD0AE0601CC4B2322C75
:104B900003DDFFF7BDFF002010BD012003F008FD7D
:104BA0000548803800680028EFD10349091F0860D4
:104BB0000120F1E7040C0140BC8121420080214228
:104BC00070B505460E46144631462846FFF76DFE81
:104BD0002070012070BDF8B506460F4614461D46EC
:104BE0006A4639463046FFF7EBFF2DB10120A04061
:104BF0009DF80010084305E00120A0409DF800103A
:104C000021EA0000C0B200909DF8002039463046ED
:104C100000F036F8F8BD2DE9F843074688461446FB
:104C20001D46089E6A4641463846FFF7C9FF28B32D
:104C3000601CFF2101FA00F0C4F108012944491E5B
:104C4000FF220A41104300F0FF09C5F1080006FAEF
:104C500000F0C6B2C4F1070006419DF8000000EA6A
:104C6000090000909DF80000304300909DF800205E
:104C70004146384600F004F8BDE8F8830020FBE721
:104C800037B504460D4602AB01222946204600F006
:104C900001F83EBD2DE9F04180460D4616461F46FF
:104CA0000024FFF701FF4046FFF7CCFEFFF754FF5B
:104CB0002846FFF7C7FEFFF74FFF00BF06E0385D4D
:104CC000FFF7C0FEFFF748FF601CC4B2B442F6DB3A
:104CD000FFF71EFF0120BDE8F08100002DE9F0473D
:104CE00004460D462946204607F0F3FB15490860A7
:104CF000084601681448006807F0EEFA8046134839
:104D000001681048006807F0EFFB81461048016811
:104D1000484607F0E1FA0746414607F0DDF8064647
:104D20000C480168304607F0D7F80A490860054882
:104D30000068064908600748006807F031FABDE8D6
:104D4000F087000004020020240100200C02002053
:104D500020010020080200202DE9F04704460D46FE
:104D60002946204607F0B5FB15490860084601684A
:104D70001448006807F0B0FA8046134801681048EC
:104D8000006807F0B1FB814610480168484607F00B
:104D9000A3FA0746414607F09FF806460C4801680B
:104DA000304607F099F80A49086005480068064946
:104DB00008600748006807F0F3F9BDE8F0870000D5
:104DC00010020020240100201802002020010020F1
:104DD000140200202DE9F05F05460C46894E8A4FEB
:104DE0004FF07C584FF0010988480168204607F0D1
:104DF0007BFB834686480168584607F06DFA824679
:104E000084480168504607F067F882490860824884
:104E10004168304607F068FB82467F48816850460B
:104E200007F062FB7D4908607B48C06880F0004065
:104E300048607948C06880F0004088600846C760D4
:104E400008687349096807F047FA824672480168A2
:104E5000504607F041F870490860704948686C494D
:104E6000096807F039FA82466B484168504607F0F6
:104E700033F869494860694988686549096807F0F5
:104E80002BFA824664488168504607F025F862494B
:104E900088606249C8685E49096807F01DFA824661
:104EA0005D48C168504607F017F85B49C86059482B
:104EB0000168284607F018FB59490860484607F082
:104EC000C3F9824654480168504607F005FA55492F
:104ED0000860484607F0B8F982464F488168504656
:104EE00007F0FAF950490860484607F0ADF98346E3
:104EF0004C480168584607F0EFF98246414606F0F3
:104F0000EBFF4A490860084601684648006807F018
:104F100051F847490860454801684348006807F070
:104F200049F8444908603F480068434908604846DA
:104F300007F08AF9824638484168504607F0CCF9B4
:104F40003E4908603C4801683948006807F0C4F9E8
:104F5000824631480168504607F0BBFA2E49086086
:104F6000364801683248006807F0B6F982462A4898
:104F70004168504607F0ADFA274948602E4801685D
:104F80002C48006807F0A8F98246234881685046FB
:104F900007F09FFA20498860284801682548006882
:104FA00007F09AF982461C48C168504607F091FA0A
:104FB0001949C8601A4801681D48006807F08CF953
:104FC000824614480168504606F086FF1149086081
:104FD000134801681748006807F07EF982460B48BD
:104FE0000168504606F078FF0849086008460168E5
:104FF000204607F079FA1249086006480068BDE8C3
:10500000F09F00006F12833AA69B443B38030020B8
:105010002C030020340300205C030020603A0020B1
:105020003C030020400300204403002048030020EC
:105030004C0300205003002054030020580300209C
:10504000300300202DE9F05F05460C46894E8A4F5B
:105050004FF07C584FF0010988480168204607F05E
:1050600043FA834686480168584607F035F9824678
:1050700084480168504606F02FFF82490860824844
:105080004168304607F030FA82467F4881685046D2
:1050900007F02AFA7D4908607B48C06880F000402C
:1050A00048607948C06880F0004088600846C76062
:1050B00008687349096807F00FF982467248016869
:1050C000504606F009FF70490860704948686C490D
:1050D000096807F001F982466B484168504606F0BE
:1050E000FBFE69494860694988686549096807F0B5
:1050F000F3F8824664488168504606F0EDFE624946
:1051000088606249C8685E49096807F0E5F8824628
:105110005D48C168504606F0DFFE5B49C8605948EB
:105120000168284607F0E0F959490860484607F049
:105130008BF8824654480168504607F0CDF855492F
:105140000860484607F080F882464F48816850461C
:1051500007F0C2F850490860484607F075F88346E2
:105160004C480168584607F0B7F88246414606F0B9
:10517000B3FE4A490860084601684648006806F0E0
:1051800019FF47490860454801684348006806F030
:1051900011FF444908603F48006843490860484699
:1051A00007F052F8824638484168504607F094F8B4
:1051B0003E4908603C4801683948006807F08CF8AF
:1051C000824631480168504607F083F92E4908604D
:1051D000364801683248006807F07EF882462A485F
:1051E0004168504607F075F9274948602E48016824
:1051F0002C48006807F070F88246234881685046C2
:1052000007F067F920498860284801682548006848
:1052100007F062F882461C48C168504607F059F909
:105220001949C8601A4801681D48006807F054F819
:10523000824614480168504606F04EFE1149086047
:10524000134801681748006807F046F882460B4883
:105250000168504606F040FE0849086008460168AB
:10526000204607F041F91249086006480068BDE889
:10527000F09F00006F12833AA69B443B7803002006
:105280002C030020740300209C030020703A0020AF
:105290007C0300208003002084030020880300207A
:1052A0008C0300209003002094030020980300202A
:1052B0007003002010B504462CB9012204210948CE
:1052C000FCF7BAFE0DE008480068401C064908607B
:1052D000A04206DB04210348FCF7A4FE002002499B
:1052E000086010BD00100140400000202DE9F04F83
:1052F00087B081468A46002006904FF6FF760590DB
:1053000043480768B7F5487F01DD4FF4487700242C
:105310001AE0C4EBC4003F4908440588C4EBC4014B
:105320003C4A1144D1F8030000F07AF8804629463F
:10533000404600F095F830B1B54204DA2E46CDF87B
:10534000148001200690641CBC42E2DB0698002811
:1053500059D00020049003900025002435E0C4EBD0
:10536000C4002C490844B0F80080C4EBC401294AA9
:105370001144D1F8030000F053F802900599029807
:1053800007F0B2F8019000F04BF8834641460298CE
:1053900000F066F8C0B106F1640080B2404513DB4E
:1053A0001D49584607F064F80ED21C49584606F0CD
:1053B0005FFF09D25946049806F08EFD04900398C9
:1053C00040440390681C85B2641CBC42C7DB002DBE
:1053D00013DD284606F038FF01460290049806F0D7
:1053E000E9FD8346059906F077FD804600F018F840
:1053F00005900398B0FBF5F086B20598C9F8000057
:10540000AAF8006000BF069807B0BDE8F08F000062
:105410001C000020FB0D0020000070C10000704146
:1054200010B5044604E00B49204607F05DF8044639
:105430000949204607F01CF8F5D304E00549204649
:1054400006F04AFD04460549204606F011FFF5D353
:10545000204610BD0000B44300003443000034C3B4
:1054600070B505460C462846FFF7DAFF0546B4F549
:10547000827F02DBB4F57A6F01DD002070BD012070
:10548000FCE700002DE9F0410220FBF7A5FB724884
:10549000B0F9000006F0C0FE8046704906F08AFDB3
:1054A00007466F4906F018FF06466E480168304609
:1054B00006F012FD6B49086008460068FFF7B0FF70
:1054C0006849086000F0F6F86748007805287DD242
:1054D000DFE800F0032880A6B900002063490860D7
:1054E000634908605F490860624908806248008833
:1054F000401C80B260490880142800DAA9E000202E
:105500005D4908805D495E48FFF7F0FE48B15C48A0
:1055100000685C4908600020524908600120524937
:10552000087096E04F4801685648006806F0DCFFB6
:105530000646FFF775FF04462146534806F0CCFEA9
:105540000546524A5249284605F052FE0546514842
:10555000007801280AD15048444908604F4A504910
:10556000284605F045FE4249086004E000203F4916
:1055700008603F4805604B49204606F079FF0AD293
:105580004949204606F074FE05D23A480088401C7E
:105590003849088002E000203649088035480088F4
:1055A000142808DA34480088401C80B23249088048
:1055B000B0F5167F0DDB00202C4908602C490860EF
:1055C0002D4908802B490880022000E03AE0264956
:1055D00008703EE0354825490860002024490860ED
:1055E00025480088401C80B223490880C82816DB63
:1055F00000201E4908601E4908601F4908802C4889
:105600000078401C2A49087008460078022803DB0D
:1056100004201549087002E003201349087018E0BF
:105620000020124908601249086013480088401C95
:1056300080B211490880282803DB002008800A492D
:10564000087006E000BF00200849086008490860AB
:1056500000BF00BFBDE8F08194000020000083423D
:105660000AD7A33BBC0000207100002044000020AA
:1056700048000020BA000020B8000020740000207C
:1056800078000020C00000206F1283BC7CD9203F2E
:105690007CD920BF0B000020CDCCCC3D0AD7A33E47
:1056A00048E1FABE0000A0C00000A0409A9919BECF
:1056B000720000202DE9F047002408E00020314965
:1056C00021F81400304921F81400601CC4B2242CC5
:1056D000F4DB2E480668B6F5487F01DD4FF44876C6
:1056E000002E00DA0026002543E0C5EBC50028495E
:1056F00008440788C5EBC5000844D0F8038004E0DF
:105700002449404606F0E8FB80460021404606F06A
:10571000AFFDF5D304E01F49404606F0E5FE8046A4
:105720001C49404606F0A4FEF5D939464046FFF72D
:1057300097FEE8B11849404606F03CFC814606F069
:105740004BFDC4B2242C00DB23240F4830F8140096
:10575000401C0D4921F814000A4830F8140020B10B
:10576000084830F81400B84202DD064820F81470EA
:105770006D1CB542B9DB09480088401C0749088008
:10578000BDE8F087D80A0020200B00201C00002074
:10579000FB0D00200000B443000020417C000020ED
:1057A00010B5FFF7CBF800F001F810BD10B50220DE
:1057B00000F010F8012000F021F8002000F014F8AB
:1057C000002000F037F8002000F02BF8002000F057
:1057D0001FF810BD38B50446032302226B21D020E8
:1057E0000094FFF718FA38BD38B5044602230422A6
:1057F0001C21D0200094FFF70EFA38BD38B50446BE
:10580000022304221B21D0200094FFF704FA38BDA4
:1058100010B50446234601223721D020FFF7DBF9DB
:1058200010BD10B50446234605226A21D020FFF79B
:10583000D2F910BD10B50446234606226B21D020B4
:10584000FFF7C9F910BD00000EB5002000900190CF
:1058500002901348134908600021124881600173C7
:1058600001754FF46021C16100200E49486001219B
:105870000C480161FBF74EFF08B1FBF79CF90A20C9
:105880000090012001900720029069460548FBF72F
:10589000CFFD08B1FBF78FF90248FBF73BFD0EBDCA
:1058A00000240140B00300200EB5002000900190BC
:1058B0000290154815490860002114488160017361
:1058C00001754FF46021C161002010494860012139
:1058D0000E480161FBF71EFF08B1FBF76CF90B20C6
:1058E0000090012001900720029069460748FBF7CD
:1058F0009FFD08B1FBF75FF90448FBF70BFD034878
:10590000FCF742F80EBD000000280140E003002033
:1059100000B585B00020019002900390049000BF74
:105920006848806940F010006649886108468069CF
:1059300000F01000009000BF00BF00BF0846806963
:1059400040F0200088610846806900F02000009047
:1059500000BF00BF00BF0846806940F004008861B6
:105960000846806900F00400009000BF00BF00BF3F
:105970000846806940F0080088610846806900F0A8
:105980000800009000BF00BF012291034E48FCF7C1
:1059900053FB01220C214C48FCF74EFB00224FF434
:1059A00040414A48FCF748FB00224FF40041484878
:1059B000FCF742FB012238214448FCF73DFB4FF441
:1059C0000050019000200290039001A93E48FCF78E
:1059D00089F948F21C3001900120029000200390C8
:1059E0000320049001A93848FCF77CF94FF480406B
:1059F000019001200290002003900320049001A94F
:105A00003148FCF76FF940F60F000190002002903A
:105A1000039001A92E48FCF765F94CF2380001907B
:105A200001200290002003900320049001A9274840
:105A3000FCF758F94FF4004001900120029000203B
:105A400003900320049001A92148FCF74BF94FF47F
:105A500080500190012002900020039002200490C9
:105A600001A91B48FCF73EF94FF48070019000201B
:105A700002900120039001A91448FCF733F94FF478
:105A800000700190134802900120039001A90F4873
:105A9000FCF728F94FF440500190012002900020BB
:105AA00003900220049001A90848FCF71BF9012289
:105AB00002211720FCF772FB1720FCF73DFB05B015
:105AC00000BD00000010024000100140000C014029
:105AD000000801400000211000B591B000200F9097
:105AE00010901C2108A8FAF755FC20216846FAF707
:105AF00051FC25482549086047204860002123487B
:105B0000816042F20F71C160002101614161802119
:105B10008161FDF76CFF08B1FBF74DF800200F9095
:105B200010900FA91948FDF77BF808B1FBF743F86F
:105B300060200890002009900A900B900C900D9026
:105B40000E90002208A91148FDF7D3FE08B1FBF71B
:105B500032F80020009001900290039004904FF4DE
:105B6000005005900020079069460848FDF71EF890
:105B700008B1FBF720F800210448FDF799FF03481E
:105B8000FDF752FE11B000BD002C014010040020B2
:105B900030B58BB005460C46002007900890099060
:105BA0000A900590069001900290039004904FF0A7
:105BB0008040254908600846446000218160C56036
:105BC000016180218161FDF779F808B1FAF7F3FFEF
:105BD0004FF48050079007A91B48FDF747F908B11B
:105BE000FAF7E9FF1848FDF767FC08B1FAF7E3FF99
:105BF00000200590069005A91348FDF711F808B19B
:105C0000FAF7D9FF002001900120029000200390B4
:105C10000490082201A90C48FDF7E4FB08B1FAF74B
:105C2000CAFF0C2201A90848FDF7DCFB08B1FAF70E
:105C3000C2FF08210448FDF773FC0C210248FDF760
:105C40006FFC0BB030BD00005804002000B589B0D7
:105C50000020079008901C216846FAF79BFB2C480F
:105C60002C4908600020486000212A48816041F6E4
:105C70001F41C1600021016180218161FDF7B7FEF4
:105C800008B1FAF798FF00200790089007A921486B
:105C9000FCF7C6FF08B1FAF78EFF602000900020E5
:105CA000019002900490002269461A48FDF721FEF7
:105CB00008B1FAF780FF042269461648FDF719FE7D
:105CC00008B1FAF778FF082269461248FDF711FE7D
:105CD00008B1FAF770FF0C2269460E48FDF709FE7D
:105CE00008B1FAF768FF00210A48FDF7E1FE042138
:105CF0000848FDF7DDFE08210648FDF7D9FE0C2116
:105D00000448FDF7D5FE0348FDF78EFD09B000BD40
:105D100000040040A004002000B58BB0242102A89C
:105D2000FAF738FB0020009001901E481E490860D9
:105D30000020486000211C4881604FF6FF71C1605F
:105D400000210161802181610320029000200390E5
:105D500001200490002005900A2006900020079062
:105D600001200890002009900A200A9002A90E48FC
:105D7000FDF700F908B1FAF71EFF0020009001902E
:105D800069460948FCF74CFF08B1FAF714FF0021F7
:105D90000548FDF7C7F904210348FDF7C3F90BB027
:105DA00000BD000000080040E804002000B587B0F6
:105DB00000200390049005900690019002901648F0
:105DC000164908603120486000211448816041F67E
:105DD0001F41C1600021016180218161FCF76EFFDC
:105DE00008B1FAF7E8FE4FF48050039003A90B487E
:105DF000FDF73CF808B1FAF7DEFE002001900290B2
:105E000001A90648FCF70CFF08B1FAF7D4FE0348D5
:105E1000FCF7E4FF07B000BD000C00403005002097
:105E200000B58BB0242102A8FAF7B4FA0020009044
:105E300001901E481E4908600020486000211C484F
:105E400081604FF6FF71C1600021016141618021D5
:105E50008161032002900020039001200490002023
:105E600005900A200690002007900120089000204D
:105E700009900A200A9002A90D48FDF77BF808B1A5
:105E8000FAF799FE00200090019069460848FCF757
:105E9000C7FE08B1FAF78FFE00210548FDF742F969
:105EA00004210348FDF73EF90BB000BD003401406A
:105EB0007805002010B50D480D4908604FF4613099
:105EC000486000210A488160C16001610C21416184
:105ED00000218161C161FEF70BF808B1FAF76BFE92
:105EE000012204490248FEF717F910BD0050004096
:105EF000C0050020CE00002010B50D480D490860F7
:105F00004FF4E130486000210A488160C1600161BE
:105F10000C21416100218161C161FDF7E9FF08B1F8
:105F2000FAF749FE012204490248FEF7F5F810BDD0
:105F30000038014004060020CC00002010B50D48B8
:105F40000D4908604FF41650486000210A488160EE
:105F5000C16001610C21416100218161C161FDF7D6
:105F6000C7FF08B1FAF727FE012204490248FEF7ED
:105F7000D3F810BD0048004048060020CD000020A6
:105F80002DE9F04705460027012408E0134850F8A2
:105F90002410601E114A42F82010601CC4B20A2C62
:105FA000F4DB0E484562002408E00C4850F8241049
:105FB000384605F091FF0746601CC4B20A2CF4DB9A
:105FC0000749384605F0F6FF814606F0E9F88046B5
:105FD00006F022F906463046BDE8F087680B00203F
:105FE000000020412DE9F04705460027012408E084
:105FF000134850F82410601E114A42F82010601C0B
:10600000C4B20A2CF4DB0E484562002408E00C48B8
:1060100050F82410384605F05FFF0746601CC4B2F4
:106020000A2CF4DB0749384605F0C4FF814606F028
:10603000B7F8804606F0F0F806463046BDE8F0872F
:10604000900B00200000204100BFFEE700BFFEE7EC
:1060500030B500240CE0002506E00020074901EBE4
:10606000C5010855681CC5B2802DF6DB601CC4B2A2
:10607000082CF0DB00F0CCF830BD00008C060020CE
:10608000F0B5144600267F2801DC3F2900DDF0BD75
:106090000B46CF1701EB5777FF10C7F10707FAB28E
:1060A000CF1701EB5777FF10A1EBC707FDB2C5F182
:1060B00007070123BB40DEB24CB10A4B03EBC00320
:1060C0009B5C3343074F07EBC007BB5408E0054B0D
:1060D00003EBC0039B5CB343024F07EBC007BB5409
:1060E00000BFD4E78C0600202DE9F04106460D469E
:1060F000174600243A4629463046FFF7C1FF3A4684
:1061000029463046FFF7BCFF00BF07E02819C1B29F
:106110003A463046FFF7B4FF601CC4B2082CF5DBEA
:10612000BDE8F08110B5002037490860642002F016
:106130001BFA01203549C1F890010021AE2000F082
:1061400069F90021D52000F065F90021502000F008
:1061500061F90021A82000F05DF900213F2000F046
:1061600059F90021D32000F055F90021084600F02C
:1061700051F90021402000F04DF900218D2000F060
:1061800049F90021142000F045F90021202000F0F9
:1061900041F90021022000F03DF90021A12000F08A
:1061A00039F90021C02000F035F90021DA2000F093
:1061B00031F90021122000F02DF90021812000F09A
:1061C00029F90021EF2000F025F90021D92000F065
:1061D00021F90021F12000F01DF90021DB2000F061
:1061E00019F90021302000F015F90021A42000F059
:1061F00011F90021A62000F00DF90021AF2000F0D8
:1062000009F9FFF725FF10BD90812142008021424E
:1062100030B500241CE004F1B001C8B2002100F048
:10622000F9F80021084600F0F5F80021102000F0F0
:10623000F1F8002508E0084901EBC501085D0121DE
:1062400000F0E8F8681CC5B2802DF4DB601CC4B215
:10625000082CE0DB30BD00008C0600202DE9F04F5B
:1062600080460C4615461E46A346A5F12000C5B241
:1062700000273EE00C2E07D105EB45001F4901EB3E
:10628000800010F8079004E01D4800EB051010F89E
:1062900007904FF0000A26E009F0800028B121465F
:1062A0004046099AFFF7ECFE09E0099808B9012079
:1062B00000E00020024621464046FFF7E1FE4FEA9B
:1062C00049604FEA1069601CC4B2A4EB0B00B042F5
:1062D00005D15C4608F1010000F0FF0806E00AF174
:1062E000010000F0FF0ABAF1080FD5DB00BF781CEF
:1062F000C7B2B742BEDBBDE8F08F0000DAC60008C7
:106300004ECB00082DE9FF4F81B0074691461E464F
:106310000E9D4FF0000A002439E0301B401EC1B230
:106320000A2004F016FAB9FBF0F00A21B0FBF1F2F2
:1063300001FB1208BAF1000F16D1701EA04213DD46
:10634000B8F1000F0ED10120AB4605EBDB7149100F
:1063500001FB04710090C8B22B4620220299FFF77E
:106360007DFF12E04FF0010A0120AB4605EBDB7127
:10637000491001FB04710090C8B208F13001CAB2A3
:106380002B460299FFF76AFF00BF601CC4B2B442FB
:10639000C3DB05B0BDE8F08F78B505460E46144660
:1063A00018E07A2D03DD002506F11000C6B23A2E62
:1063B00004DD002005460646FFF74AFE0120009056
:1063C00022780C2331462846FFF748FF05F10800E4
:1063D000C5B2641C20780028E3D178BD70B50024D4
:1063E00010E00A4830F8140009490978884201DAB7
:1063F000012500E000252A4600212046FFF774FE13
:10640000601CC4B2802CECDB70BD00009C0C002032
:106410001501002010B50A461AB10123114C236062
:1064200002E000230F4C2360002115E000230E4CF6
:10643000236000F0800323B101230A4C0834236059
:1064400003E00023074C083423600123064C23603B
:106450004306180E4B1CD9B20829E7DB0123014C77
:10646000236010BD8C812142B801224270B50446E0
:106470000D4629462046FFF78BFB70BD2DE9F04104
:1064800004460D4616462746284605F0C5FE8046BA
:10649000394605F0EDFE03D2284605F0BDFE07465D
:1064A000304605F0B9FE8046394605F0E1FF03D2DB
:1064B000304605F0B1FE07463846BDE8F08170472A
:1064C00008B508490968C9084FF47A72B1FBF2F1BE
:1064D0004143009100BF00BF00994A1E009200296D
:1064E000F9D108BD3C0000202DE9F04F8FB00CA879
:1064F00089490DAB08AACDE900108849884803F006
:10650000DDFD8548008800F4807000287ED0089862
:1065100005F082FE04464FF09D4105F04BFD814998
:106520000860099805F078FE04464FF09D4105F09B
:1065300041FD7D4908600A9805F06EFE04464FF063
:106540009D4105F037FD794908600B9805F064FE20
:1065500004464FF09D4105F02DFD754908607148D6
:1065600001684FF0804005F0B7FE06906F48016863
:10657000069805F0B1FE82466B4801684FF0404036
:1065800005F0AAFE06906A480168069805F0A4FE88
:106590008346514605F0A0FC079005F071FC80464B
:1065A00003F096F806464FF06632624B05F058F954
:1065B000044604F03DFE604908605C4801684FF005
:1065C000804005F089FE039058480168039805F063
:1065D00083FE8246544801684FF0404005F07CFE3F
:1065E000039051480168039805F076FE83465146B2
:1065F00005F07AFF81464FF07E5105F06DFC0446B0
:1066000005F03EFCCDE90401464800E081E0016868
:106610004FF0804005F060FE8346434801685846CD
:1066200005F05AFE8146414801684FF0804005F070
:1066300053FE83463E480168584605F04DFE8246AB
:10664000494605F049FC044605F01AFC0746DDE919
:10665000042303F085FA4FF06632364BCDE906018C
:1066600005F0FEF8054604F0E3FD344908603048C3
:106670000168006805F030FE03902C48016800684E
:1066800005F02AFE029028480168006805F024FE03
:10669000834624480168006805F01EFE59460190B3
:1066A00005F01AFC8246029905F01EFF8146039907
:1066B00005F01AFF044605F0E3FBCDE904011C4890
:1066C00001681848006805F007FE8246174801680F
:1066D0001548006805F000FE8346514605F0FCFBB6
:1066E00081464FF0804105F0F7FD044605F0C8FBF8
:1066F0000746DDE9042303F033FA4FF066320D4B11
:10670000CDE9060105F0ACF8054604F091FD0C4911
:1067100008600FB0BDE8F08FD0020020CA02002050
:10672000C4020020E0020020E4020020E802002071
:10673000EC02002066A64C40D8020020D4020020C3
:10674000DC0200200146022906D003290DD00429CD
:1067500012D008291ED116E04FF08042526A10B2C2
:1067600000224FF080435A6216E00C4A126810B2C1
:1067700000220A4B1A600FE0094A126810B2002288
:10678000074B1A6008E0074A126810B20022054B56
:106790001A6001E0002000BF00BF704724040040E1
:1067A000240800402434014070470000194A127840
:1067B000012A04D1184A1268184B1B685A63002832
:1067C00008DA4FF4E152164B1A6000F5E1521B1D36
:1067D0001A6008E04FF4E152114B1B1D1A60C0F51E
:1067E000E1521B1F1A60002909DA4FF4E1520C4BE9
:1067F00008331A6001F5E1521B1D1A6008E04FF4DE
:10680000E152074B0C331A60C1F5E1521B1F1A60AD
:10681000704700000B0000206000002010040020E2
:10682000340400400EB54FF48061F948F9F790FD4B
:10683000F848007804287DD10C2004230090F64805
:10684000002102680846FFF75DFD0C20042300903C
:10685000F248002102681E20FFF754FD0C2004239B
:106860000090EF48002102683C20FFF74BFD0C2010
:1068700004230090EB48002102685A20FFF742FDF4
:10688000E9A20A210020FFF787FD0021E8480068FF
:1068900005F0EEFC05D2E7A20A213220FFF77CFDCD
:1068A00004E0E5A20A213220FFF776FDE048006807
:1068B00005F076FC019003F043FF02900C200323C7
:1068C00000900A213C20029AFFF71CFD0021DB48C2
:1068D000006805F0CDFC05D2D6A20A215E20FFF7A4
:1068E0005BFD04E0D4A20A215E20FFF755FDD348EA
:1068F000006805F055FC019003F022FF02900C2087
:10690000032300900A216A20029AFFF7FBFCCCA225
:1069100014210020FFF740FDCB4840680021029081
:1069200005F0A6FC14D2C3A214211E20FFF734FDEB
:10693000C54800E024E14068019005F04DFC02905C
:106940000C200423009014212420029AFFF7DAFC83
:10695000BD4840680021029005F08AFD12D8B6A219
:1069600014211E20FFF718FDB7484068019005F07C
:1069700033FC02900C200423009014212420029A5E
:10698000FFF7C0FCB1A214214220FFF705FDAE487D
:1069900080680021029005F06BFC04D2A5A21421AE
:1069A0006220FFF7F9FCA84880680021029005F0FA
:1069B0005FFD04D8A0A214216220FFF7EDFCA248DD
:1069C0008068A449009005F087FC019005F004FC64
:1069D00002900C200423009014216820029AFFF7F3
:1069E00091FC9DA21E210020FFF7D6FC9C48406828
:1069F0000021029005F03CFC12D28EA21E21084616
:106A0000FFF7CAFC96484068019005F0E5FB02904C
:106A10000C20042300901E212420029AFFF772FC10
:106A20008F4840680021029005F022FD12D882A212
:106A30001E210846FFF7B0FC89484068019005F028
:106A4000CBFB02900C20042300901E212420029AEC
:106A5000FFF758FC83A21E214220FFF79DFC8048CF
:106A600080680021029005F003FC04D271A21E216F
:106A70006220FFF791FC7A4880680021029005F0BF
:106A8000F7FC04D86CA21E216220FFF785FC744835
:106A900080687049009005F01FFC019005F09CFB98
:106AA00002900C20042300901E216820029AFFF718
:106AB00029FC6EA228210020FFF76EFC6D480078AB
:106AC000012805D16CA228214120FFF765FC04E0D4
:106AD0006AA228214120FFF75FFC69A23221002031
:106AE000FFF75AFC68A232213620FFF755FC67A257
:106AF00032214E20FFF750FC65480088642190FB4E
:106B0000F1F002900C200223009032212820029AFA
:106B1000FFF7F8FB5E4800880A2190FBF1F090FB3C
:106B2000F1F201FB120002900C20012300903221AF
:106B30003E20029AFFF7E6FB554800880A2190FBA9
:106B4000F1F201FB120002900C200123009032218F
:106B50004620029AFFF7D6FB4E48007820B147A2A4
:106B600032216920FFF718FC4A480078002841F0DC
:106B7000768041A232216920FFF70EFC01F06FB848
:106B800024480078052841D1FFF728FC42A20A21B9
:106B90000020FFF701FC4248007800280FDA25A208
:106BA0000A215A20FFF7F8FB0C20032300903C48F1
:106BB000007842420A216420FFF7A4FB0DE01EA2E8
:106BC0000A215A20FFF7E8FB0C20032300903448E9
:106BD00002780A216420FFF795FB32A214210020DD
:106BE000FFF7DAFB32480078002863DA11A214219B
:106BF0005A20FFF7D1FB0C20032300902C4800788B
:106C0000424214216420FFF77DFB62E092E151E0F3
:106C10008C0600205C0000200401002008010020F8
:106C20000C010020100100204D6F7665583A0000DD
:106C3000440000202D0000002B0000004800002030
:106C40004C2D503A00000000B80A00204C2D453A67
:106C50000000000000007A44522D503A000000006D
:106C6000C80A0020522D453A0000000044657465B2
:106C700063743A00640000204F4E20004F464600E7
:106C8000454C4520000000002E000000560000008A
:106C900002000020060000204D656469616E3A0024
:106CA000140100205468726573686F6C643A0000C8
:106CB00015010020AFF2800214215A20FFF76CFB6F
:106CC0000C2003230090FE48027814216420FFF773
:106CD00019FBAFF294021E210020FFF75DFBF9487B
:106CE00040680021029005F0C3FA13D2AFF2BC0253
:106CF0001E210846FFF750FBF2484068019005F05E
:106D00006BFA02900C20042300901E212420029A8A
:106D1000FFF7F8FAEB4840680021029005F0A8FB65
:106D200013D8AFF2EC021E210846FFF735FBE54809
:106D30004068019005F050FA02900C200423009066
:106D40001E212420029AFFF7DDFAAFF200121E2165
:106D50004220FFF721FBDB4880680021029005F00C
:106D600087FA05D2AFF234121E216220FFF714FB1E
:106D7000D44880680021029005F07AFB05D8AFF274
:106D800048121E216220FFF707FBCE488068CE49DB
:106D9000009005F0A1FA019005F01EFA02900C2077
:106DA000042300901E216820029AFFF7ABFAAFF28D
:106DB000581228210020FFF7EFFAC448406800214C
:106DC000029005F055FA13D2AFF2981228211E2036
:106DD000FFF7E2FABD484068019005F0FDF9029026
:106DE0000C200423009028212420029AFFF78AFA1D
:106DF000B64840680021029005F03AFB13D8AFF284
:106E0000C81228211E20FFF7C7FAB0484068019039
:106E100005F0E2F902900C200423009028212420A0
:106E2000029AFFF76FFAAFF2C41228214220FFF74F
:106E3000B3FAA64880680021029005F019FA05D23D
:106E4000AFF2102228216220FFF7A6FA9F4880683F
:106E50000021029005F00CFB05D8AFF22422282176
:106E60006220FFF799FA994880689749009005F0E9
:106E700033FA019005F0B0F902900C200423009041
:106E800028216820029AFFF73DFA91A232210020C2
:106E9000FFF782FAAFF2102232213620FFF77CFA98
:106EA000AFF2182232214E20FFF776FA8A48008886
:106EB000642190FBF1F002900C200223009032211B
:106EC0002820029AFFF71EFA834800880A2190FBC7
:106ED000F1F090FBF1F201FB120002900C20012373
:106EE000009032213E20029AFFF70CFA7A4800887F
:106EF0000A2190FBF1F201FB120002900C20012309
:106F0000009032214620029AFFF7FCF9734800787E
:106F100028B1AFF2982232216920FFF73DFA6F487D
:106F2000007800287ED1AFF2B02232216920FFF72D
:106F300033FA23E66A480078092874D169A200214F
:106F40000846FFF729FA6AA20A210020FFF724FA6F
:106F50000C20009067480078012302460A21029025
:106F60000C20FFF7CFF964A20A211E20FFF714FAC4
:106F70000C20009061480088042302460A210290F8
:106F80002A20FFF7BFF95EA20A214E20FFF704FA7C
:106F90000C20009057484088042302460A210290A2
:106FA0005A20FFF7AFF957A214210020FFF7F4F998
:106FB0000C2000905148408804230246142102907E
:106FC0000C20FFF79FF950A214213220FFF7E4F9BB
:106FD0000C20009049488088042302461421029026
:106FE0003E20FFF78FF949A214216220FFF7D4F960
:106FF0000C2000903F480089032302461421029090
:107000006E20FFF77FF942A21E210020FFF7C4F98E
:1070100000214048006805F02BF909D2AFF2EC32AC
:107020001E2101E02FE33EE11820FFF7B5F905E04E
:10703000AFF2FC321E211820FFF7AEF92249354885
:10704000006805F049F9009005F0AAF8019003F0F6
:1070500077FB02900C20032300901E212020029A2F
:10706000FFF750F92CA21E214220FFF795F90021CD
:107070002A48006805F0FCF806D2AFF248421E210B
:107080005A20FFF789F905E0AFF254421E215A2039
:10709000FFF782F922492148006805F01DF90090A8
:1070A00005F07EF8019003F04BFB02900C200323C7
:1070B00000901E216220029AFFF724F919A233E002
:1070C00015010020B80A002000007A44C80A0020F8
:1070D000434344200000000002000020060000207E
:1070E0005C0000204D6F64653A536D61727400005E
:1070F000533A0000243A0020463A0000103A00209B
:107100004E3A00004C3A0000523A0000433A000068
:1071100056583A0044000020565A3A0048000020D1
:107120000000C842503A000028210020FFF734F93F
:10713000FE4840680021029005F09AF816D2AFF29E
:107140000C5228210E20FFF727F9F848406880F0FC
:107150000040019005F040F802900C2004230090BC
:1071600028211620029AFFF7CDF813E0AFF238522B
:1071700028210E20FFF710F9EC484068019005F037
:107180002BF802900C200423009028211620029A4C
:10719000FFF7B8F8E6A228214220FFF7FDF8E548FE
:1071A00040680021029005F063F816D2AFF27C52DD
:1071B00028215020FFF7F0F8DE48406880F00040BA
:1071C000019005F009F802900C200423009028217A
:1071D0005820029AFFF796F813E0AFF2A452282144
:1071E0005020FFF7D9F8D3484068019004F0F4FF2D
:1071F00002900C200423009028215820029AFFF7C7
:1072000081F8CDA232210020FFF7C6F8AFF28852F4
:1072100032213E20FFF7C0F8AFF2905232215620C3
:10722000FFF7BAF8C5480088642190FBF1F002909E
:107230000C200223009032213020029AFFF762F8DE
:10724000BE4800880A2190FBF1F090FBF1F201FBAF
:10725000120002900C200123009032214620029A55
:10726000FFF750F8B54800880A2190FBF1F201FBC6
:10727000120002900C200123009032214E20029A2D
:10728000FFF740F8AE48007830B1AFF2106232211B
:107290006920FFF781F871E4AFF22462322169209E
:1072A000FFF77AF86AE4A7480078062870D1A6A20A
:1072B00000210846FFF770F8AFF2CC120A21002037
:1072C000FFF76AF80C2001230090A24802780A21F7
:1072D0000C20FFF717F8AFF2D0120A211E20FFF79B
:1072E0005BF80C20012300909B4802780A212A2099
:1072F000FFF708F899A20A213A20FFF74DF80C2071
:1073000004230090964802880A214620FEF7FAFFDF
:10731000AFF2042214210020FFF73EF8002191482B
:10732000006804F0A5FF06D2AFF2F862142118201D
:10733000FFF732F805E0AFF2007214211820FFF7D2
:107340002BF889498748006804F0C6FF009004F0D4
:1073500027FF019003F0F4F902900C200323009022
:1073600014212020029AFEF7CDFFAFF254221421FF
:107370004220FFF711F800217C48006804F078FFF4
:1073800007D2AFF2507214215A20FFF705F806E039
:1073900081E1AFF25C7214215A20FEF7FDFF7449BF
:1073A0007248006804F098FF009004F0F9FE019024
:1073B00003F0C6F902900C200323009014216220F0
:1073C000029AFEF79FFFAFF288721E210020FEF79F
:1073D000E3FF564840680021029004F049FF16D2AE
:1073E000AFF2B0721E210846FEF7D6FF4F48406844
:1073F00080F00040019004F0EFFE02900C20042386
:1074000000901E212420029AFEF77CFF13E0AFF2C9
:10741000D8721E210846FEF7BFFF4448406801901D
:1074200004F0DAFE02900C20042300901E21242098
:10743000029AFEF767FFAFF2EC721E214220FEF7C0
:10744000ABFF3A4880680021029004F011FF1AD285
:10745000AFF620021E215E20FEF79EFF33488068B3
:1074600080F000404049009004F036FF019004F0A5
:10747000B3FE02900C20042300901E216820029A83
:10748000FEF740FF17E0AFF650021E215E20FEF728
:1074900083FF264880683449009004F01DFF019066
:1074A00004F09AFE02900C20042300901E21682014
:1074B000029AFEF727FFAFF6600228210020FEF7B0
:1074C0006BFF1C4840680021029004F0D1FE16D2E8
:1074D000AFF6A00228211E20FEF75EFF1548406887
:1074E00080F00040019004F077FE02900C2004230D
:1074F000009028212420029AFEF704FF13E0AFF643
:10750000C80228211E20FEF747FF0A484068019064
:1075100004F062FE02900C20042300902821242015
:10752000029AFEF7EFFEAFF6C40223E0B80A00208D
:10753000453A0000C80A0020414B4D0002000020DF
:10754000060000205C0000204D6F64653A4C6162CB
:10755000526164007100002072000020443A000073
:10756000740000204400002000007A4448000020FD
:107570000000C84228214220FEF70EFFFE48806826
:107580000021029004F074FE1AD2AFF6581228219E
:107590005E20FEF701FFF848806880F00040F74960
:1075A000009004F099FE019004F016FE02900C2069
:1075B0000423009028216820029AFEF7A3FE17E01A
:1075C000AFF68C1228215E20FEF7E6FEEA488068BE
:1075D000EA49009004F080FE019004F0FDFD029065
:1075E0000C200423009028216820029AFEF78AFECE
:1075F000AFF2BC0232210020FEF7CEFEAFF67812C9
:1076000032213E20FEF7C8FEAFF68012322156200E
:10761000FEF7C2FEDA480088642190FBF1F0029088
:107620000C200223009032213020029AFEF76AFEDD
:10763000D34800880A2190FBF1F090FBF1F201FBA6
:10764000120002900C200123009032214620029A61
:10765000FEF758FECA4800880A2190FBF1F201FBB0
:10766000120002900C200123009032214E20029A39
:10767000FEF748FEC348007830B1AFF60022322151
:107680006920FEF789FEEAE2AFF614223221692072
:10769000FEF782FEE3E2BCA200210846FEF77CFE74
:1076A000BB48007828B9BBA200213220FEF774FE47
:1076B00030E0B7480078012805D1B8A20021322077
:1076C000FEF76AFE26E0B2480078022805D1B5A28E
:1076D00000213220FEF760FE1CE0AD480078032850
:1076E00005D1B2A200213220FEF756FE12E0A848D2
:1076F0000078062805D1AFA200213220FEF74CFE0B
:1077000008E0A3480078092804D1ACA20021322067
:10771000FEF742FEAB480078012805D1AAA20A2153
:107720000020FEF739FE22E0AA480078012805D1A2
:10773000A9A20A210020FEF72FFE18E0A948007830
:10774000012805D1A8A20A210020FEF725FE0EE09F
:10775000A8480078012805D1A7A20A210020FEF739
:107760001BFE04E0A7A20A210020FEF715FEA84890
:107770000078012845D1A7A214210020FEF70CFEB5
:107780000021A648006804F073FD06D2AFF65C3213
:1077900014213220FEF700FE05E0AFF6643214211A
:1077A0003220FEF7F9FD9E48006804F0F9FC0190D4
:1077B00002F0C6FF02900C200423009014213C200C
:1077C000029AFEF79FFD7F480078012805D195A217
:1077D00014216220FEF7E0FD66E07E480078012873
:1077E00005D192A214216220FEF7D6FD5CE07D480F
:1077F0000078012858D18DA214216220FEF7CCFD1B
:1078000052E084A214210020FEF7C6FD0021834827
:10781000006804F02DFD06D2AFF6E83214213220C4
:10782000FEF7BAFD05E0AFF6F03214213220FEF784
:10783000B3FD52497948006804F04EFD009004F011
:10784000AFFC019002F07CFF02900C20042300901A
:1078500014213C20029AFEF755FD0021754800686E
:1078600004F006FD06D2AFF6344214215E20FEF786
:1078700093FD05E0AFF6404214215E20FEF78CFD3B
:107880006D496C48006804F027FD009004F088FC06
:10789000019002F055FF02900C2003230090142168
:1078A0006A20029AFEF72EFDAFF66C421E210020E0
:1078B000FEF772FD614840680021029004F0D8FC98
:1078C00015D2AFF690421E210846FEF765FD5B48D3
:1078D000406880F00040019004F07EFC02900C2093
:1078E000042300901E212420029AFEF70BFD53482A
:1078F00040680021029004F0BBFD13D8AFF6C842E7
:107900001E210846FEF748FD4C484068019004F0EF
:1079100063FC02900C20042300901E212420029A74
:10792000FEF7F0FCAFF6DC421E214220FEF734FDEC
:10793000424880680021029004F09AFC19D2AFF608
:107940000C521E215E20FEF727FD3C48806880F027
:1079500000400A49009004F0BFFC019004F03CFC98
:1079600002900C20042300901E216820029AFEF74A
:10797000C9FC3248806863E0C80A002000007A44ED
:1079800002000020060000204D6F64653A000000F0
:107990005C0000204E6F726D616C200041766F6953
:1079A00064202000466F6C6C6F772000416C6F6E16
:1079B000672020004C61625261642000536D617247
:1079C0007420200008000020426C7565746F6F748D
:1079D0006820000007000020505332202020202083
:1079E000202000000A00002052656D6F7465202081
:1079F0002020000009000020524F5320202020208A
:107A0000202000004C494E4B494E472E2E2E0000A0
:107A10000B00002053504545443A0000440000202C
:107A20005400002050692F350000000050692F34A9
:107A300000000000480000200000C842B80A0020F2
:107A40000021029004F014FD17D8AFF614621E2135
:107A50005E20FEF7A1FC834880688349009004F013
:107A60003BFC019004F0B8FB02900C200423009032
:107A70001E216820029AFEF745FCAFF624622821F9
:107A80000020FEF789FC794840680021029004F04C
:107A9000EFFB15D2AFF6646228211E20FEF77CFCB6
:107AA0007248406880F00040019004F095FB02901D
:107AB0000C200423009028212420029AFEF722FCA7
:107AC0006A4840680021029004F0D2FC13D8AFF657
:107AD000986228211E20FEF75FFC644840680190F0
:107AE00004F07AFB02900C2004230090282124202B
:107AF000029AFEF707FCAFF6946228214220FEF7B7
:107B00004BFC5A4880680021029004F0B1FB19D266
:107B1000AFF6E06228215E20FEF73EFC5348806805
:107B200080F000405049009004F0D6FB019004F032
:107B300053FB02900C200423009028216820029A15
:107B4000FEF7E0FB494880680021029004F090FCB9
:107B500017D8AFF61C7228215E20FEF71DFC4348A3
:107B600080684149009004F0B7FB019004F034FBB9
:107B700002900C200423009028216820029AFEF72E
:107B8000C1FB3B480078012805D13AA232210020F0
:107B9000FEF702FC17E03648007828B937A23221F8
:107BA0000020FEF7F9FB0EE031480078022805D1ED
:107BB00034A232210020FEF7EFFB04E033A2322191
:107BC0000020FEF7E9FBAFF6407232213E20FEF7BF
:107BD000E3FBAFF6487232215620FEF7DDFB2D485D
:107BE0000088642190FBF1F002900C2002230090A9
:107BF00032213020029AFEF785FB264800880A21B0
:107C000090FBF1F090FBF1F201FB120002900C20CE
:107C10000123009032214620029AFEF773FB1D4893
:107C200000880A2190FBF1F201FB120002900C2067
:107C30000123009032214E20029AFEF763FB164882
:107C4000007830B1AFF6CC7232216920FEF7A4FB88
:107C500005E0AFF6DC7232216920FEF79DFBFEF7EE
:107C6000D7FA0EBDB80A002000007A44C80A0020E6
:107C70000B000020414B4D202000000044494646A7
:107C8000200000005354414E4B0000004254414E2E
:107C90004B000000020000200600002070B50546E1
:107CA0000E461446284600F07DFB05463146284620
:107CB00004F0DEFB06D82146284604F0D9FA01D8A4
:107CC000012070BD0020FCE770B504460349204642
:107CD00004F002FB054604F063FA70BD0000204189
:107CE00000200B490870488048600881488108736B
:107CF000084908740849088008490880084908802C
:107D00000849086008490860084908607047000091
:107D1000243A0020103A0020B8020020BA020020C5
:107D2000BC020020C00200204400002048000020C7
:107D30002DE9F04100F04EF99B48007C18B100207D
:107D40009A4948810AE0994840894EF66021884264
:107D500004DA96484089401C9449488193484089F8
:107D60009349C98A884209DD04209049087000209F
:107D70009049086090490860BDE8F0818A48008811
:107D8000002807DD884800888949498A884201DA45
:107D9000012000E00020054683480088002805DD1A
:107DA000814800888249098A884213DB7E484088DE
:107DB000002805DD7C4840887D49498A884209DBE6
:107DC00079488088002807DD774880887849498A83
:107DD000884201DA012000E000200646724800884F
:107DE000002807DD704800887149898A884201DAD5
:107DF000012000E0002007466C48007806287DD26C
:107E0000DFE800F003207FA2C05969480068694993
:107E1000086000206849086068490880684908804F
:107E20006849086068490880604908734EB108468F
:107E30000089401C08810DB1022000E001205B494F
:107E40000870ADE05A4840685A490860002000F0C8
:107E500007FB04465848046035B1002057490880A4
:107E600002205249087025E000F062FA78B15448C7
:107E70000088401C80B25249088012281ADD002078
:107E800008804E49088005204849087012E000F03B
:107E9000B1FA60B14A480088401C80B24849088065
:107EA000242807DD002008804049087002E00020F7
:107EB0004349088074E03E4840683E49086000201D
:107EC0003D4908603DB13D4908803D490880022098
:107ED0003649087014E039480088401C80B23749A0
:107EE00008805A280CDD0020088035490880354973
:107EF0000860354908802D49087300E041E00870AA
:107F00004EE032482B490860002000F0A9FA0446F0
:107F1000294804603FB929480088401C80B227499D
:107F20000880B42806DD00202449088003201F496A
:107F3000087008E03DB900202049088020490880E9
:107F400001201A4908702BE0194880681949086017
:107F5000002000F085FA80F000481D49404604F0FA
:107F6000BBF91549086015480088401C80B21349C8
:107F700008805A2804DD0020088002200B49087080
:107F80000EE000BF00200B4908600B49086006485E
:107F9000007C20B10020094908800449087000BF16
:107FA00000BF00BFE8E60000103A0020243A00209D
:107FB000740200204400002048000020B802002085
:107FC000BC020020C0020020BA0200208FC2753D12
:107FD000CDCC4C3F2DE9F04F8DB04FF6FF700C909B
:107FE0000B900A90099008900790069005900490D5
:107FF00000274FF0000903904FF0000A0020029084
:108000008B48D0F800B0BBF5487F01DD4FF4487BCA
:10801000002589E0C5EBC5008649084404881E2C6C
:1080200003DB41F28830844200DD7CE0502C00DA32
:10803000502401200290C5EBC5017E4A1144D1F8BD
:10804000030000F0AFF980467B480168404604F029
:108050004BFA019000F0A6F906460498844204DA2F
:10806000049437467548C0F81080754A7549304603
:10807000FFF714FE60B121460CA800F043FA09F1A5
:1080800001001FFA80F90398844201DA0394B24692
:108090006D4A6E493046FFF701FE18B121460BA824
:1080A00000F030FA6A4A6B493046FFF7F7FD18B125
:1080B00021460AA800F026FA674A63493046FFF7CE
:1080C000EDFD18B1214609A800F01CFA614A634988
:1080D0003046FFF7E3FD18B1214608A800F012FA78
:1080E0005F4A5D493046FFF7D9FD18B1214607A820
:1080F00000F008FA594A5B493046FFF7CFFD18B146
:10810000214606A800F0FEF95549304604F0B0F9C2
:1081100004D95449304604F0ABF803D8214605A8E9
:1081200000F0F0F900BF6D1C5D45FFF673AFBDF8C0
:10813000300000F0F3F84C490880BDF82C0000F046
:10814000EDF849494880BDF8280000F0E7F84649B5
:108150008880BDF8240000F0E1F84349C880BDF8EC
:10816000200000F0DBF840490881BDF81C0000F059
:10817000D5F83D494881BDF8180000F0CFF83A49DC
:108180008881BDF8140000F0C9F83749C881029809
:108190000874049800F0C2F83449488008464760E3
:1081A00025480068254908602648486024488860BA
:1081B000039800F0B3F8214908830846C0F80CA0E2
:1081C000A0F81A9047611C480068294908602948AE
:1081D000C0F800A0194800692749086027480760CF
:1081E00015480068FFF770FD254908605046FFF705
:1081F0006BFD2449086011490869FFF765FD2249B4
:1082000008603846FFF760FD20490860039800F0D9
:1082100085F81F4908801F48A0F800901E481F4994
:10822000086040421E4908600DB0BDE8F08F0000B4
:108230001C000020FB0D002070020020343A0020BA
:108240000000E0410000E0C100008C4200007041ED
:10825000000070C100008CC20000FA420000FAC2A7
:1082600000001643000016C3103A0020243A0020F4
:108270008C0200209002002094020020980200202E
:108280009C020020A0020020A4020020A8020020DE
:10829000AC020020AE020020E8FEFFFFB00200208A
:1082A000B40200202DE9F0410746012F0FD11649F5
:1082B000488800F097F806461349C88800F092F8FD
:1082C00005461149488900F08DF804460EE00E4934
:1082D000888800F087F806460B49088900F082F884
:1082E00005460949888900F07DF804462A4605EBD1
:1082F000D27006EB60002146E31704EB937300EBAA
:10830000A30080B2BDE8F081103A002002460AB115
:108310008A4201DD012070470020FCE701464FF64C
:10832000FF70814201D1002070470846FCE7000041
:1083300010B519480068012813D1184A528A96329C
:1083400091B2174A1088FFF7E1FF40B1134A118A32
:10835000134A5088FFF7DAFF08B1012010BD002052
:10836000FCE70D480068401C98B90C4A528A9632C6
:1083700091B20B4A1088FFF7C9FF40B1074A118A32
:10838000074A9088FFF7C2FF08B10120E6E7002006
:10839000E4E70020E2E70000C002002074020020B1
:1083A000103A002010B5044604E00B49204604F0C2
:1083B0009BF804460949204604F05AF8F5D304E036
:1083C0000549204603F088FD04460549204603F090
:1083D0004FFFF5D3204610BD0000B44300003443E6
:1083E000000034C3014611B941F288307047084695
:1083F000FCE7000010B50F4A128A963291B20E4A7D
:108400001088FFF783FF98B10A4A528AB43291B2BA
:10841000094A5088FFF77AFF50B1064A528AB432AF
:1084200091B2054A9088FFF771FF08B1012010BD95
:108430000020FCE774020020103A002070B50120F3
:10844000FFF730FF04464FF0FF30FFF72BFF0546E4
:10845000AC4201DB012070BD4FF0FF30FBE70000B4
:1084600070B50546FFF7EAFF04462248006828B9C0
:10847000204804600020204908801BE0D5B11E4838
:108480000088B0F5827F15DB1A480068844211D05D
:108490002046FFF707FF064616480068FFF702FF71
:1084A00000F5966080B2864204DD12480460002028
:1084B00011490880104800884EF66021884204DA8D
:1084C0000D480088401C0C4908800A4800680128B3
:1084D00000D100E00220094908730648006801281D
:1084E00002D10748C06870BD0548C06880F00040F0
:1084F000F9E70000C0020020BA020020243A002060
:1085000074020020002903DD02888A4200DD018018
:108510007047000030B50146481EB0F1807F01D39E
:10852000012030BD481E4FF0E022506150170F224D
:10853000002804DB13071C0E094B1C5406E013072C
:108540001D0E084B00F00F04241F1D5500BF002016
:108550004FF0E0229061072010610020E1E7000069
:1085600000E400E018ED00E031B5104800684FF479
:108570007A71B0FBF1F52846FFF7CCFF002408E044
:1085800000BF4FF0E020006900F480300028F8D0F0
:10859000641C00988442F3D34FF0E020006920F07F
:1085A00001004FF0E021086138BD00003C000020D0
:1085B00031B50F4800680F49B0FBF1F52846FFF7C9
:1085C000A9FF002408E000BF4FF0E020006900F49C
:1085D00080300028F8D0641C00988442F3D34FF018
:1085E000E020006920F001004FF0E021086138BD73
:1085F0003C00002040420F0010B5F9F729FD10BDE6
:1086000000B595B028210BA8F7F7C4FE142106A8E1
:10861000F7F7C0FE18216846F7F7BCFE01200B9063
:1086200000040C9000200D9001200F900220129069
:10863000C10313914FF4E01114910BA8FAF768F8F5
:1086400008B1F8F7B8FA0F20069002200790002032
:1086500008904FF48060099000200A90022106A83B
:10866000F9F720FF08B1F8F7A6FA022000904FF4BE
:10867000404002906846F9F77DFE08B1F8F79BFA92
:1086800015B000BD7047000010B50248FBF700F8B8
:1086900010BD00005804002010B50248FAF7F8FF9A
:1086A00010BD0000E804002010B50248FAF7F0FF02
:1086B00010BD00003005002010B50248FAF7E8FFB1
:1086C00010BD00007805002010B50268204B9842CC
:1086D0000ED0204B98420BD0B0F1804F08D01E4BEB
:1086E000984205D01D4B984202D01D4B984203D1B1
:1086F00022F070024B681A43154B98420ED0154B6E
:1087000098420BD0B0F1804F08D0134B984205D05F
:10871000124B984202D0124B984203D122F440727D
:10872000CB681A4322F080034C6943EA04020260DA
:108730008B68C3620B688362054B984202D0054B7D
:10874000984201D10B6903630123436110BD00000E
:10875000002C0140003401400004004000080040AB
:10876000000C004030B501F01F05012404FA05F3A8
:10877000046A9C430462046A01F01F0502FA05F5CD
:108780002C43046230BD30B50C46816821F47F4132
:1087900042EA032525432943816030BD0A468168AA
:1087A00021F0700142F00703194381607047000017
:1087B00030B5056A25F001050562026A43688469DF
:1087C00024F0700424F003040D682C4322F002020C
:1087D0008D682A43104DA84200D103E00F4DA842F6
:1087E00006D100BF22F00802CD682A4322F004021D
:1087F000094DA84202D0094DA84207D123F4807345
:1088000023F400734D692B438D692B4343608461CE
:108810004D684563026230BD002C014000340140C8
:1088200030B5056A25F010050562026A436884695F
:1088300024F4E04424F440740D6844EA052422F052
:1088400020028D6842EA0512124DA84200D103E0D1
:10885000114DA84207D100BF22F08002CD6842EA44
:10886000051222F040020B4DA84202D00A4DA84248
:1088700009D123F4806323F400634D6943EA85033F
:108880008D6943EA8503436084614D6885630262B4
:1088900030BD0000002C01400034014030B5056AB5
:1088A00025F480750562026A4368C46924F0700487
:1088B00024F003040D682C4322F400728D6842EA10
:1088C0000522124DA84200D103E0114DA84207D164
:1088D00000BF22F40062CD6842EA052222F48062E1
:1088E0000A4DA84202D00A4DA84209D123F4805370
:1088F00023F400534D6943EA05138D6943EA0513D8
:108900004360C4614D68C563026230BD002C014004
:108910000034014030B5056A25F480550562036ACC
:108920004468C26922F4E04222F440720D6842EACF
:10893000052223F400538D6843EA0533084DA8420D
:1089400002D0084DA84204D124F480444D6944EA81
:1089500085144460C2614D680564036230BD000047
:10896000002C01400034014030B50B461446026A29
:10897000056A25F001050562816921F0F00141EAEF
:10898000041122F00A021A438161026230BD000024
:1089900070B50C461546066A26F001060662816926
:1089A000026A154EB0420ED0144EB0420BD0B0F158
:1089B000804F08D0124EB04205D0124EB04202D0C5
:1089C000114EB04201D1012600E000261EB121F077
:1089D0000301294301E041F0010121F0F001F026FB
:1089E00006EA0316314322F00A0204F00A06324373
:1089F0008161026270BD0000002C01400034014022
:108A00000004004000080040000C004030B50B4658
:108A10001446056A25F0100505628169026A21F491
:108A2000704141EA043122F0A00242EA031281615E
:108A3000026230BD70B50C461546066A26F0100677
:108A400006628169026A21F4407141EA052121F43C
:108A500070414FF4704606EA0336314322F0A0021B
:108A6000A02606EA041632438161026270BD70B529
:108A70000C461546066A26F480760662C169026ACB
:108A800021F00301294321F0F001F02606EA031644
:108A9000314322F400724FF4007606EA0426324392
:108AA000C161026270BD70B50C461546066A26F4B7
:108AB00080560662C169026A21F4407141EA0521CB
:108AC00021F470414FF4704606EA0336314322F434
:108AD00000524FF4005606EA04363243C161026286
:108AE00070BD000010B500241C48007806281ED177
:108AF00000201B4908701B48008820B119480088D5
:108B0000B0F57A7F0ADB1748008858B91648008804
:108B100040B115480088B0F57A7F03DA3220FCF7BF
:108B2000C9FB02E0C820FCF7C5FB002010BD0F48C0
:108B300000680B4908700B480088B0F57A7F04DAAA
:108B40003220FCF7B7FB012402E0C820FCF7B2FB9F
:108B50000348007800B101242046E7E75C000020CC
:108B60000600002002000020040000203401224200
:108B700010B50248FBF796F810BD0000C0050020B4
:108B800070B505466C6A0020E085E0842046FBF75E
:108B900088F870BD0168C96821F490710268D160DD
:108BA0000168496921F0010102685161016B0129E5
:108BB00005D10168C96821F010010268D160202147
:108BC00080F83E1000210163704710B5044620680C
:108BD000C06820F040002168C860202084F83D0073
:108BE0002046FBF75FFE002010BDF8B5044694F860
:108BF0003E00222869D1A068B0F5805F0CD12069C1
:108C000050B90025A66A20684068C0F3080030808B
:108C1000A06A801CA06215E0A56A0026A068B0F5D5
:108C2000805F03D0A06828B9206918B9206840681F
:108C3000287004E02068406800F07F002870A06A77
:108C4000401CA062E08D401E80B2E085A8BB206879
:108C5000C06820F020002168C8602068C06820F447
:108C600080702168C8602068406920F00100216898
:108C70004861202084F83E00206B01281ED100208E
:108C800020632068C06820F010002168C860206858
:108C9000006800F0100010280AD100BF00200090EA
:108CA00020680068009020684068009000BF00BF06
:108CB000A18D2046FAF7F4FF03E004E02046FBF71D
:108CC0004DFA0020F8BD0020FCE70220FAE7000082
:108CD00070B504462168096921F44051E2681143E6
:108CE000226811612269A1681143626941EA0205A3
:108CF0002168C96841F20C62914329432268D1601E
:108D00002168496921F44071A269114322685161C7
:108D10002D4A2168914202D1F9F7A0FC01E0F9F750
:108D20008DFC00EBC00101EB001162689200B1FB09
:108D3000F2F100EBC00202EB001263689B00B2FB91
:108D4000F3F26423B2FBF3F202EBC20303EB021271
:108D5000A1EB8201322202EB01116422B1FBF2F19C
:108D600001F0F00100EBC00202EB001263689B000F
:108D7000B2FBF3F26423B2FBF3F201EB021200EB5D
:108D8000C00101EB001163689B00B1FBF3F100EB44
:108D9000C00303EB00136668B600B3FBF6F364266A
:108DA000B3FBF6F303EBC30606EB0313A1EB83015E
:108DB000322303EB01116423B1FBF3F101F00F0146
:108DC00011442268916070BD0038014010B503461F
:108DD00099629A85DA8500201864222083F83E0083
:108DE00000BF002083F83C0000BF1868C06840F452
:108DF00080701C68E0601868406940F001001C68E1
:108E000060611868C06840F020001C68E0600020C5
:108E100010BD014691F83D00212828D18868B0F5A1
:108E2000805F0BD1086948B90A6A1088C0F308004E
:108E30000B685860086A801C086205E00B6A581CC1
:108E4000086218780B685860C88C401E80B2C884CD
:108E500058B90868C06820F080000B68D8600868BE
:108E6000C06840F040000B68D860002070470220C6
:108E7000FCE7000010B50248FAF714FF10BD00002F
:108E80000406002010B50248FAF70CFF10BD0000E0
:108E90004806002000BFFEE72DE9FE4F82468946C6
:108EA000DFF898B00021484603F046F941D0002190
:108EB000504603F041F93CD04946504603F07AF859
:108EC000064601F0E1F90546594603F0D1F917D8F5
:108ED0000021484603F0CCFA08D2504601F0D4F9FC
:108EE0000546594603F066F8814609E0504601F010
:108EF000CBF980F000455946284603F05BF88146DF
:108F00004946504603F056F802900D49029802F087
:108F1000E3FF014600900B4803F04CF8019002F08B
:108F2000AFFF074600F00CFD054602F081F904464C
:108F300000E000242046BDE8FE8F00003333B33E3E
:108F40009EEFA73DBC74133E2DE9F04704468946C9
:108F500009EB042108B202F01CFC07460022054B75
:108F600002F054FA054602F063F982465046BDE825
:108F7000F087000000408F40490050EAC12018BF30
:108F800004204A0D18BF40F0010040F2FF72B2EB1E
:108F9000515F08BF40F00200012808BF052070475C
:108FA00002480068C0F30220704700000CED00E0AA
:108FB00010B5002804DB0A07130E054A135406E017
:108FC0000A07140E034A00F00F031B1FD45410BDF0
:108FD00000E400E018ED00E02DE9F74F144694B0EE
:108FE0000021C4E902111599079121F00045C949F2
:108FF0008D4206DC1599C4E9000117B00020BDE8D8
:10900000F08FC549DFF814A3A9423CDD0799C44E8F
:109010000029C44FC44A1599534619DD02F046FE93
:10902000554506D0C14AC24B02F040FEC4E90001DA
:109030000AE04FF0D352BE4B02F038FE32463B46B8
:1090400002F034FEC4E9000117B00120BDE8F08F42
:1090500002F020F9554506D0B44AB54B02F01AF992
:10906000C4E900010AE04FF0D352B14B02F012F90B
:1090700032463B4602F00EF9C4E9000117B04FF04A
:10908000FF30BDE8F08FAB49A942159978DB21F09C
:10909000004183468846A84AA84B02F0E1FB002223
:1090A000A74B02F0F7F802F045FB099002F071FBC4
:1090B00006460F469C4A534602F0D2FB43465A46A8
:1090C00002F002FD80468A46984A994B304639465E
:1090D00002F0C6FB2A0D01250B924246534602F0D0
:1090E000F3FC032DC4E9000139D00B98C1F30A51F8
:1090F000401A05EB45111139814230DA9148C346D7
:10910000784400EB0510CDF80CA00C90D0E90023BA
:109110003046394602F0A4FB02460B460491069005
:109120005846039902F0C2FD80468A4602460B4625
:109130005846039902F0BAFD049B069A02F0B6FD68
:1091400083460C9803913946D0E90223304602F059
:1091500087FB5A46039B02F0A9FD6D1CBDE70798EB
:109160000028A2BF099817B0BDE8F08F616881F0B0
:1091700000416160099817B04042BDE8F08FFFE7F9
:1091800084461598C1F31301C0F30A50A0F2F530DC
:109190004FEA601800F01F06C6F12000139000206F
:1091A0000690079041F4801E05206D4676B1664A10
:1091B00008EB00017A4452F8213002EB8101B34000
:1091C0004A68139922FA01F1194305E05F4908EB57
:1091D0000002794451F82210A1FB0E27A1FB0C13C9
:1091E0001A449A4234BF0123002303EB070A05EB1C
:1091F0008003D3E901B70F448F4234BF012100211E
:1092000093448B4411B1934502D903E0934501D2B5
:10921000012100E00021C3E901B7514445F82010C5
:10922000011EA0F10100C1DC0298059F00F1005071
:10923000800F12900298DDE90356800002F0A9FA2F
:10924000834628460D9102F0BBFA6FF01D0203F031
:10925000F2F9CDE90E01304602F0B2FA6FF03D02AC
:1092600003F0E9F980468A46384602F0A9FA6FF021
:109270005D0203F0E0F9074642465346119102F0C1
:1092800009F8DDE90E2302F005F85A460D9B02F0BD
:1092900001F800250E465A4628460D9B02F006FDB1
:1092A000DDE90E2302F002FD4246534602F0FEFCC9
:1092B0003A46119B02F008FCDFF898A0244A534676
:1092C00002F0CEFA07468846234A244B3146284608
:1092D00002F0C6FA3A46434601F0DCFF07468846EC
:1092E0004FF0A84253463146284602F0B9FA3A46B2
:1092F000434601F0CFFF159A12F0004F04D0129AA6
:1093000081F0004152421292C4E90001129817B054
:10931000BDE8F08FFB21E93F7CD90240FB21F93FFA
:109320007370032E8A19A33B000040543163621A04
:1093300061B4D03DFB21394183C8C96D305FE43F42
:109340000000E03FCC570000485700002A570000BB
:10935000182D4454FB21F93D3326A611460B113C30
:109360002DE9F0414F1E00EBC7010446D1E9000191
:1093700015461E4637F006020DD02A46334602F047
:109380006FFA7F1E04EBC703D3E9002301F082FFCD
:1093900037F00602F1D1022F25D0042F13D0062F6B
:1093A00018BFBDE8F0812A46334602F059FAD4E9E5
:1093B0000A2301F06FFF2A46334602F051FAD4E93E
:1093C000082301F067FF2A46334602F049FAD4E940
:1093D000062301F05FFF2A46334602F041FAD4E942
:1093E000042301F057FF2A46334602F039FAD4E944
:1093F000022301F04FFF2A46334602F031FAD4E946
:109400000023BDE8F04101F045BF00002DE9F04D1B
:1094100004468CB0904821F00047164698460D4609
:109420000991874206DA2046294602F083F900288E
:1094300000F0AE808948B8421CDC09980028BCBF07
:1094400085F0004588F00048854A864B204629462D
:1094500002F03AFB04460D463246434682488349B1
:1094600002F024FC22462B4601F014FF002604469D
:109470000D46B04622462B461046194602F0F0F93A
:109480008B46824602460B4602F0EAF902460890F5
:1094900077480B46009106217844FFF761FFCDE93C
:1094A0000310744806217844009B089AFFF758FF80
:1094B00052465B4602F0D4F9CDE9051052465B46B0
:1094C0002046294602F0CCF907910090DDE903100F
:1094D000DDE9053201F0DEFE079B009A02F0C0F9DB
:1094E0003246434601F0D6FE52465B4602F0B8F9DA
:1094F0003246434601F0CEFE80460E465E4A5F4B42
:109500000799009802F0ACF94246334601F0C2FEDA
:1095100082468B4622462B4601F0BCFE80464F48D1
:109520000E46B84214985BDC02F033F90746424617
:109530003346059101F0AEFECDE9011042463346B7
:109540001046194602F08CF9DDE9013201F05EFFA8
:1095500052465B4602F0AAFB22462B4602F0B4FAC2
:10956000012203F068F83A46059B02F0ADFA044682
:109570000D460998022101EAA070C0F1010002F035
:1095800008F90CB022462B46BDE8F04D02F068B950
:109590001498401C384320430BD01498012812D053
:1095A0000CB022462B46BDE8F04D0020344901F0B6
:1095B0002DBF0CB025F000432246BDE8F04D002041
:1095C000304901F023BF20462946FFF7D5FC042887
:1095D00008BF00F073F820460CB02946BDE8F08DB6
:1095E000012802BF40460CB0BDE8F08D00270B46B5
:1095F0003A462046294602F067FA52465B4602F098
:1096000063FA04460D464246334600201C4901F0E9
:10961000FDFE83463A4688463346104602F020F95E
:109620000022184B01F036FE06468A4622462B469B
:109630003846414602F014F93246534601F02AFEFC
:109640005A46434602F00CF90CB03A464346BDE890
:10965000F04D01F01FBE00000000303E2894E53FB1
:10966000182D4454FB21E93F075C143326A6813CA6
:10967000FC5400001E550000635555555555D53F07
:109680000000F0BF0000F03F0022134610460149E1
:1096900001F0BCBE0000F03F012202F0CCBF01F09F
:1096A000F9BD002213461046114601F0AFBE40F24C
:1096B000013200204FF0E04102F0BDBF024A00201D
:1096C000110702F0B8BF000001FDFFFF00BF7047A7
:1096D0002DE9F04D8D4F21F0004A86B005460C462D
:1096E000BA452ADBAAEB070028430AD088488245FE
:1096F00001DC1AD1CDB106B02846BDE8F04DFFF728
:10970000CBBF844A844B284602F0AAF807460E468F
:10971000824A834B2846214602F0A2F806B03A4618
:109720003346BDE8F04D01F0B5BD0120F6F762FE0D
:1097300006B0BDE8F04DFFF7B4BF7A48824542DA83
:10974000BAF1795F0BDA2846FFF716FC042808BF48
:10975000FFF7B4FF284606B02146BDE8F08D2A4643
:109760000B46104602F07CF8834602466E480E46D1
:109770000B4606217844FFF7F3FD5A46334602F0C4
:109780006FF8804669488A465A4633460421784431
:10979000FFF7E6FD5A46334602F062F800223B46E8
:1097A00001F078FD02460B464046514601F02EFE80
:1097B0002A46234602F054F806B02A462346BDE85E
:1097C000F04D01F067BD284624F0004100223D46DF
:1097D0003B4602F079F94FF0FF3202F02CFF0646CB
:1097E000024653480F460B4606217844FFF7B8FD62
:1097F00032463B4602F034F8CDE900014D4832468E
:109800003B4604217844FFF7ABFD32463B4602F06D
:1098100027F800222B4601F03DFD83460291304699
:10982000394601F08DFC804643480D46504517DC13
:10983000DDE900015A46029B01F0E8FD42462B4655
:1098400002F00EF842462B4601F024FD012202F000
:10985000F2FE304A304B02F029FA304A304B4CE0ED
:109860004FF0000A52460B46404601F013FDCDE989
:10987000031052462B461046194601F0F1FF3246BE
:109880003B4602F021F9DDE9033201F0BFFD064657
:109890000F46DDE900015A46029B01F0B7FD834601
:1098A000009101223046394602F0C5FE194A1A4B92
:1098B00002F00AF906460F4601224046294602F008
:1098C000BAFE5A46009B01F0CBFF32463B4602F0FF
:1098D000EDF906460F4601225046294602F0ABFE3E
:1098E0000E4DDFF858802A46434602F0EDF8324626
:1098F0003B4602F0E9F82A46434602F0E5F8002C20
:10990000D8BF81F0004106B0BDE8F08D0000F03F07
:109910000000F07F075C143326A6913C182D4454B8
:10992000FB21F93F0000E03FE04F0000F64F000050
:109930006A4F0000804F00003333EF3FFB21E93FC7
:109940002DE9F84F04460D4621F00040009173497F
:10995000814211DC7249884201DC06D12CB12046DB
:109960002946BDE8F84FFFF797BE6E48002DCCBFE3
:109970006D496E49BDE8F88F6D49814211DD6D4931
:109980008142D8BF4FF0FF366DDD20462946FFF7F4
:10999000F3FA042808BFFFF791FE20462946BDE8E8
:1099A000F88F6549654F25F00045814233DD6449F4
:1099B000814219DD002632464FF080432046294679
:1099C00001F068FC80468A4601222046294602F0C2
:1099D00032FE00223B4602F069F94246534601F04E
:1099E00015FD04460D463EE001260022BA463B46E0
:1099F0002046294601F04EFC80460F460022534681
:109A00002046294602F052F942463B4601F0FEFC50
:109A100004460D4627E04B4981421BDDDFF828A1B3
:109A20000226002253462046294601F019FF002253
:109A30003B4601F02FFC80460F460022534620464D
:109A4000294602F033F942463B4601F0DFFC04466A
:109A50000D4608E0032622462B4600203B4901F034
:109A6000D5FC04460D4622462B461046194601F009
:109A7000F7FE8B46824602460B4601F0F1FE074692
:109A80000246334888460B4606217844FFF768FCB7
:109A900052465B4601F0E4FE82462E488B463A462B
:109AA000434605217844FFF75BFC3A46434601F004
:109AB000D7FE02460B46002E504659460CDA01F0FE
:109AC000E9FB22462B4601F0CBFE01B022462B4695
:109AD000BDE8F04F01F0F8BF01F0DCFB22462B4659
:109AE00001F0BEFE1C4A7A4402EBC603D3E9002310
:109AF00002F0DCF822462B4602F0D8F8174A7A44E6
:109B000002EBC603D3E9002301F0DEFF009A002A2E
:109B1000B8BF81F00041BDE8F88F0000000010449C
:109B20000000F07F182D4454FB21F93FFB21F9BFC1
:109B30000000DC3F0000203E0000F33F0000F03F4B
:109B40000000E63F008003400000F83F0000F0BF47
:109B5000824D0000404D0000DE4C0000A64C00008D
:109B60002DE9F04D9446CCF1000423F000464CEA78
:109B70000404594F46EAD4749A46884621F00042BC
:109B8000BC4206D8454240EA050442EAD474BC42CD
:109B900004D9BDE8F04D6246FFF781BDAAF14055FA
:109BA000A5F17F6555EA0C040BD0022404EAAA74DF
:109BB0004A4DDFF82CE144EAD87452EA000B04D095
:109BC0000CE0BDE8F04DFFF7BBBE002C14BF012C2C
:109BD000BDE8F08D022C30D0032C32D056EA0C0BAD
:109BE0000AD0BE4220D1BA4209D126F0804622F0E6
:109BF00080423346114617E000291ADB25E0DFF8E2
:109C0000E4B0FB44002C04BFDBE90001BDE8F08DAB
:109C1000012C02BFDBE9000181F00041BDE8F08DBD
:109C2000022C0AD0032C0CD0BA4212D1B8F1000F8A
:109C30000BDA2A482C49BDE8F08D28462B49BDE8AF
:109C4000F08D28467146BDE8F08D24482849BDE8CE
:109C5000F08D921B12153C2AC4BF204F244E10DCFD
:109C6000BAF1000FBEBF12F13C0F00273E4608DBE1
:109C7000624601F0CBFB21F00041FFF761FE074691
:109C80000E4694B1012C08BF86F000460DD0194A4B
:109C9000194B022C3846314615D002F007F82A46F7
:109CA000BDE8F04D114B02F001B8002213463846D2
:109CB000314601F003FD04BF0220F6F79BFB384656
:109CC0003146BDE8F08D01F0F1FF2A46BDE8F04DC8
:109CD000064B01F0F9BE00000000F07F182D44543F
:109CE000FB2109C0C24C0000FB21F9BFFB21094048
:109CF000FB21F93F075C143326A6A13C2DE9F04F68
:109D000097B0C649888801F05BFD0022C44BCDE9BD
:109D1000080101F07BFB074601F08AFA8146BF4942
:109D2000B1F85A0001F04CFD0022BD4BCDE908010D
:109D300001F06CFB074601F07BFA824630210AA84D
:109D4000F6F728FBB749484602F0CEFB81460746A6
:109D5000002102F08DFA04D2B349484602F0BCF863
:109D60008146B049504602F0BFFB824607460021BB
:109D700002F07EFA04D2AC49504602F0ADF88246B9
:109D80005146484602F074FB04D2A749504602F0FF
:109D9000A3F8824600244FE0204601F011FDCDE9F2
:109DA00002014946504602F09FFB834602F068F8E4
:109DB000074600229D4B01F029FBCDE90001DDE9BA
:109DC000022301F04DFDCDE90601484602F058F8A6
:109DD000CDE90401DDE9062301F05CFACDE90801D3
:109DE00001F026FA0AA941F8240051F8240002F0F3
:109DF00047F8074600228E4B01F030FE1AD28D48FC
:109E0000006870B901208B4908608B4804600AA97A
:109E100051F82400844902F067FB0AA941F82400A4
:109E200008E00AA951F824007F4902F05DFB0AA965
:109E300041F82400601C84B20C2CADDB7A495046FA
:109E400002F016FA0AD87D49504602F011FB05D8F7
:109E50000120784908600C2077490860754800683F
:109E600000287CD000251AE00AA850F82500744983
:109E700009682944C1EBC101724A1144C1F80300C9
:109E8000C5EBC5016548801D084400886C49096818
:109E90002944C1EBC10111440880681C85B26648A1
:109EA00000688542E0DB6648006863490968084449
:109EB0006349086008460068B0F5347F01DD002082
:109EC000086000261AE05C48006830440AA951F88E
:109ED0002000C6EBC6015C4A1144C1F80300564895
:109EE00000683044C0EBC0014C48801D0844008825
:109EF000C6EBC60111440880701C86B24E4800684B
:109F0000C0F10C00B042DEDC002416E0C4EBC4005B
:109F10004C490844D0F80300C4EBC4014B4A114437
:109F2000C1F80300C4EBC400464908440088C4EBF0
:109F3000C40111440880601C84B241480068844216
:109F4000E4DB3F480068424908600120414908704D
:109F50000020384908603A4908605CE0FFE70025C6
:109F60004BE03C48007868B3002616E0C6EBC6001C
:109F700035490844D0F80300C6EBC601314A114404
:109F8000C1F80300C6EBC6002F4908440088C6EBA1
:109F9000C60111440880701C86B227480068C0F1D1
:109FA0000C00B042E2DC00202A4908702248006818
:109FB000C0F10C00224909680844214908600020CA
:109FC0001D4908600AA850F825001D490968294460
:109FD000C1EBC1011B4A1144C1F80300C5EBC50127
:109FE0000E48801D08440088154909682944C1EBC2
:109FF000C10111440880681C85B20C2DB1DB1048EA
:10A0000000680C300E49086008460068B0F5347FDF
:10A0100001DD0020086017B0BDE8F08F9C0D002026
:10A0200000005940000034430000B44300002540C4
:10A030000080764024000020280000200080B343E8
:10A0400020000020DB230020BB390020FB0D002076
:10A050001C000020180000202DE9F0410446E078A3
:10A0600000F0C006E07800F03F05607800F00100E5
:10A0700098B1EF102846E91705EB5171C910A5EB0F
:10A08000C101491C01F0FF080B48006820B10A48D3
:10A09000414602683846904700BF607800F00800EB
:10A0A00030B10548406818B1B011034A516888477B
:10A0B0000020BDE8F0810000503A00202DE9F04F6B
:10A0C0008DB00746884615469946DDE9166B002493
:10A0D000002030806B49887B5A4605A900F0F2F9D0
:10A0E00018B1601E0DB0BDE8F08F6648807A00F0B0
:10A0F0001400002867D09DF8140000069DF8151084
:10A1000040EA01409DF8161040EA01209DF8171022
:10A11000084328609DF8180000069DF8191040EAD1
:10A1200001409DF81A1040EA01209DF81B100843D9
:10A1300068609DF81C0000069DF81D1040EA014073
:10A140009DF81E1040EA01209DF81F100843A860EA
:10A150009DF8200000069DF8211040EA01409DF87E
:10A16000221040EA01209DF823100843E86004F122
:10A170001000C4B2286800140190686800140290AE
:10A18000A86800140390E868001404900198404304
:10A19000029901FB0100039901FB0100049901FBF5
:10A1A000010ABAF1706F02DBBAF1885F05DD00F0D9
:10A1B000E9F900203080401E94E7B6F9000040F431
:10A1C0008070308000BF2F48807A00F0400020B3BC
:10A1D00005A9601C085C095D40EA012000B2A8F8EE
:10A1E000000005A9E01C095C05AAA01C105C41EA5E
:10A1F000002000B2A8F8020005A9601D095C201D1E
:10A20000105C41EA002000B2A8F80400A01DC4B20E
:10A21000B6F9000040F0080030801A48408900F488
:10A22000C07008B305A9601C085C095D40EA012004
:10A2300000B2388005A9E01C095C05AAA01C105CCE
:10A2400041EA002000B2788005A9601D095C201D4C
:10A25000105C41EA002000B2B880A01DC4B2B6F97B
:10A26000000040F0700030800648807A00F0030063
:10A2700018B105A90819FFF7EFFE484600F068FA83
:10A2800000202FE7503A002010B504460021204658
:10A2900002F0EEF801D8204610BD84F00040FBE744
:10A2A0000D4A12785AB100BF0C4A126802F04002FF
:10A2B000002AF9D0C2B2094B1B1D1A600AE000BF88
:10A2C000074A126802F04002002AF9D0C2B2044BD9
:10A2D0001B1D1A60704700000C0000200048004061
:10A2E000003801402DE9F04106460F4614461D4650
:10A2F000FAF7DAFB10B90120BDE8F0817106080E0B
:10A30000FAF7A0FBFAF728FC18B9FAF701FC0120CC
:10A31000F2E73846FAF796FBFAF71EFCFAF7C4FBA9
:10A32000012101EB4601C8B2FAF78CFBFAF714FCE5
:10A330000DE0012C04D10020FAF74CFB287003E05B
:10A340000120FAF747FB28706D1C601EC4B2002C78
:10A35000EFD1FAF7DDFB0020CEE72DE9F04105460D
:10A360000E4617469846FAF79FFB10B90120BDE844
:10A37000F0816906080EFAF765FBFAF7EDFB18B9EC
:10A38000FAF7C6FB0120F2E73046FAF75BFBFAF773
:10A39000E3FB00240BE018F80400FAF753FBFAF78C
:10A3A000DBFB18B9FAF7B4FB0020E0E7641CBC4201
:10A3B000F1DBFAF7ADFB0020D9E70000002400250F
:10A3C000F7F752FEFEF71CF9FBF7A2FAFBF73CFA8F
:10A3D000FBF76AFAFBF73AFCFBF79EFCFBF720FD64
:10A3E000FBF768FDFBF788FDFBF7A8FDFBF79AFE7E
:10A3F00047214FF6FF70FCF739F8FBF7D1F9012040
:10A40000274908700122C1032648F7F715FE4FF4CB
:10A410009670FEF7A9F800224FF400412148F7F7A3
:10A420000BFE1F480078012801D1FBF755FBF6F71A
:10A4300025FA09201C490870FDF752FCFBF7B6FC11
:10A440002CE01A480078B8B1012208211848F7F723
:10A45000F3FDFCF7E7F9F6F713F916480088044412
:10A46000681CC0B2054632280DD1B4FBF0F0124989
:10A4700008800025002406E0002208210C48F7F798
:10A48000DBFDF6F7ABFA01200C49087000200C49FF
:10A49000087000BF094800780028FBD1D1E7000010
:10A4A0000B000020000801405C0000200C00002090
:10A4B00000100140040000200200002001000020E4
:10A4C00000000020F8B504460F4616462C4890F8C8
:10A4D000240010B94FF0FF30F8BD2948807A10B938
:10A4E0004FF0FF30F8E7264A1268917A244A526802
:10A4F00010786B460222FFF7F5FE10B14FF0FF30E7
:10A50000EAE79DF801009DF8001040EA0125A54208
:10A5100003DA00203070401EDEE7194840684088AA
:10A52000B5EB600F17DD164A1268517C144A526869
:10A5300010786B460122FFF7D5FE10B14FF0FF30C7
:10A54000CAE79DF8000000F0100020B100F01AF8F2
:10A550006FF00100C0E7E2B2094B1B68D97A084BE3
:10A560005B6818783B46FFF7BDFE10B14FF0FF3037
:10A57000B2E795FBF4F0401E30700020ACE700001D
:10A580000003002008B56D48807A10B94FF0FF3005
:10A5900008BD00200090694A1268D17B674A526862
:10A5A00010786B460122FFF7D8FE10B14FF0FF3054
:10A5B000EEE7624A12685179604A526810786B4639
:10A5C0000122FFF7CAFE10B14FF0FF30E0E75B4A0F
:10A5D00012681179594A526810786B460122FFF7C8
:10A5E000BCFE10B14FF0FF30D2E7544890F8240081
:10A5F000002850D00C200090504A126811794F4A20
:10A60000526810786B460122FFF7A7FE10B14FF099
:10A61000FF30BDE7C02000904848807A00F001007C
:10A6200020B19DF8000040F020000090434A1268DD
:10A630001179424A526810786B460122FFF78DFE6D
:10A6400010B14FF0FF30A3E73C48407C10B102202E
:10A65000009001E000200090384A1268D17B374A10
:10A66000526810786B460122FFF777FE10B14FF069
:10A67000FF308DE700200090304A126851792F4A50
:10A68000526810786B460122FFF767FE002852D00F
:10A690004FF0FF307CE704200090284A12681179BF
:10A6A000264A526810786B460122FFF756FE10B119
:10A6B0004FF0FF306CE72148807C20B91F48807A3A
:10A6C00000F0010010B94020009001E060200090EF
:10A6D0001A4A12681179194A526810786B46012299
:10A6E000FFF73BFE10B14FF0FF3051E71348407CBD
:10A6F00010B10120009001E0002000900F4A126884
:10A70000D17B0E4A526810786B460122FFF725FE76
:10A7100010B14FF0FF303BE7084A12685179074A01
:10A7200052681078054B10330122FFF716FE10B166
:10A730004FF0FF302CE700202AE700000003002044
:10A740000146002901DD0A4600E04A4290B2704706
:10A75000704710B50246012000E050430B1EA1F1E6
:10A760000104E1B2F9D110BD2DE9F04D1D460C46B2
:10A7700098B0174621F0004123F00043002814BF91
:10A780004FF0010C4FF0000C0CEB440CFE4A0CEBAC
:10A7900002064FEA620C66452BD33E0018BF012625
:10A7A00006EB45061644F94A964222D3F84A53EA84
:10A7B000070C02D0944205D148B918B000201146C8
:10A7C000BDE8F08D002808BF4FF0000C01D04FF01D
:10A7D000010C0CEB440212F5001F0AD8002F14BF25
:10A7E0004FF0010C4FF0000C0CEB450212F5001F6E
:10A7F00007D918B03A462B462146BDE8F04DFEF782
:10A800004EBF0022DFF88CA3002CB8BF534526DAD8
:10A81000DFF884C36345A8BF022220DADFF870C3E3
:10A820009C451CDCDFF874C30CEB235CBCF1140FFB
:10A8300008DDCCF1340627FA06FC0CFA06F6BE4217
:10A840000DD108E05FB9CCF1140623FA06FC0CFA2E
:10A8500006F69E4203D10CF00102C2F1020251EA57
:10A86000000C19D1002D17DA002C18BF022A01D0D4
:10A87000012A07D00220F5F7BDFD18B0BDE8F04D64
:10A88000FEF702BF0220F5F7B5FDFEF7FDFE18B09A
:10A8900081F00041BDE8F08DB7F1000C6CD153455B
:10A8A00025D104F1804212F5801201BF002800205A
:10A8B000B74918B008BFBDE8F08DB548884207DC3D
:10A8C000002DA1BF6046294618B0BDE8F08D07E015
:10A8D000281E05DA80F0004118B06046BDE8F08D12
:10A8E000AF497944D1E9000118B0BDE8F08DDFF837
:10A8F000A0C2634525D1002D1FDA19B1514512D1EF
:10A90000D8B909E0002840F0EC82A24A214618B0EC
:10A9100062F31E01BDE8F08D0020214618B060F3FF
:10A920001E01BDE8F08D08DA18B02346BDE8F04DF1
:10A9300002460020614600F069BD18B02146BDE81E
:10A94000F08D514518DAB5F1804F0DD0A5F1005CBE
:10A95000BCF1FF5C10D1B4F1000C0DDB18B0614606
:10A96000BDE8F04D00F0ECBB234618B00246BDE850
:10A97000F04D194600F074BF060024F0004C3BD1A6
:10A98000D9B1514533D1002C06DD002DA1BF0020E7
:10A99000514618B0BDE8F08D002C01DD002D1BDB09
:10A9A000002C13DA002D11DB012A4FF0000014BF38
:10A9B00078497C4918B0BDE8F08D022A18BF002CF8
:10A9C0000AD0012A08D1002C06DA0AE0002CB8BF10
:10A9D000002D11DA012A04D0002018B00146BDE88C
:10A9E000F08D18B000204FF00041BDE8F08DA1F1CE
:10A9F0004050B0F17F601AD0012000EBE47050EAC3
:10AA0000020421D0624C521E4FF0000B104304BFD1
:10AA10004FF0000B644C654883427CDD644A654816
:10AA200093421FDD884217DB002D25DB37E0002C29
:10AA300000DA4AB1022A0CBF01204FF0FF3018B0F3
:10AA4000BDE8F04D00F0A5BE0120F5F7D3FC18B02D
:10AA5000BDE8F04DFEF725BE4D4A8A4202DC002DCE
:10AA60000ADC1CE0814202DA002D18DA04E0484BCF
:10AA7000994220DD002D12DD0220F5F7BBFCFEF728
:10AA800016FE05460E46002253465846214600F063
:10AA9000E7FE18B066F31E012846BDE8F08D0220DF
:10AAA000F5F7A8FCFEF70AFE0A46214618B062F345
:10AAB0001E01BDE8F08D00223046614601F0F6F837
:10AAC00080460E466FF0010201F0B5FD4FF05532A1
:10AAD000394B00F0F9FF4246334600F0C1FE002238
:10AAE000364B00F0F1FF8246424633460491104651
:10AAF000194600F0B5FE5246049B00F0B1FE8A46AE
:10AB000000904FF0C0422E4B4046314600F0A8FE68
:10AB10002C4A2B4B00E027E0CDE906015146009876
:10AB200000F09EFE82460191274A284B404631465E
:10AB300000F096FE5246019B01F0B8F882460B46A3
:10AB400002460591DDE9060100F0A4FBDDE90623DC
:10AB500000268846304601F0A9F85246059B00F0D1
:10AB6000B3FF024600F07EB90020B1F5801F07DA7E
:10AB700035223046614601F05EFD06466FF0340036
:10AB800000EB215024E00000FFFF1F00FFFF0F003B
:10AB90000000F03F0000F07F0000404301FCFFFF99
:10ABA000E23F00000000F0FF0000F0BF0000E041C5
:10ABB0000000F043FFFFEF3F5555D53F0000E03F59
:10ABC0004715F73FFE822B6544DF5DF80BAE543E20
:10ABD000A0F2FF300190C1F3130040F07F6141F01B
:10ABE00040510291FE498842D8BF002004DDFD4952
:10ABF0008142C8BF012001DD0D9008E000200D90CA
:10AC00000198401C01900298A0F5801002900299D2
:10AC1000F54878440B910D9900EBC100D0E9002371
:10AC20000F9330460A920B9901F040F8CDE90601E6
:10AC3000DDE90A2130460F9B00F02CFB02460B4653
:10AC40000020EA4900F0E2FB059102460B46009025
:10AC5000DDE9060100F004FE1490E5488A464FF055
:10AC6000000878440299006812904FF0005040EAC2
:10AC700061010D980F9B01EB804000F500210991C7
:10AC80000A9A129801F012F832460B9B00F01CFF52
:10AC90004246534600F0E4FD0646029140465146C6
:10ACA000099B129A00F0DCFDDDE9062300F00CFFA1
:10ACB0003246029B00F0FAFF059B009A00F0D0FD9F
:10ACC0000091149A049053461046194600F0C8FDAE
:10ACD00006460246C7480B46029106217844FEF715
:10ACE0003FFBCDE90510029B32461046194600F0A5
:10ACF000B7FDDDE9053200F0B3FD05910646534688
:10AD000040461946149A00F0C5FA009B049A00F0D8
:10AD1000A7FD3246059B00F0BDFACDE9051042467D
:10AD200053461046194600F09BFD0022B24B02919B
:10AD30000A9000F0AFFADDE9053200F0ABFA0E46FA
:10AD40004246AD4B404600F0B1FF029B0A9A00F02C
:10AD5000ADFFDDE9053200F0B7FE424602910A90F0
:10AD600033461046514600F07BFDCDE906015346BF
:10AD7000149A02990A9800F073FD8A4602903346AD
:10AD800042460099049800F06BFD5346029A00F089
:10AD900081FA82460B4602460591DDE9060100F084
:10ADA00079FADDE9062300208846064600F07EFF9A
:10ADB0005246059B00F088FE824609914FF06042A2
:10ADC0008E4B3046414600F04BFD049006918C4A74
:10ADD0008A4B5046099900F043FD82460291894A08
:10ADE000894B3046414600F03BFD5246029B00F045
:10ADF00051FA864B7B440D9A03EBC203D3E900233F
:10AE000000F048FA0E900791019800F0C2FC0591FD
:10AE1000DDE9061382460E9A049800F03BFA7C4A5C
:10AE20007A440D9B02EBC303D3E900230093029203
:10AE300000F030FA5246059B00F02CFA00268846B6
:10AE400052463046059B00F031FF009B029A00F00D
:10AE50002DFF069B049A00F029FF079B0E9A00F035
:10AE600033FE024600200B4602903846294600F089
:10AE7000F7FC824601912B4638461946029A00F0AB
:10AE800015FF3246434600F0EBFC5246019B00F0B2
:10AE900001FA07468A46324643462946029800F0A0
:10AEA000DFFC05460E463A46534600F0F3F9594A90
:10AEB0008846914221DBA8EB020353EA000210D13D
:10AEC0002A46334600F0F2FECDE90401524A534BC4
:10AED0003846514600F0DEF9DDE9042300F0BEFDFE
:10AEE00021D20220F5F786FAFEF7E1FB0A46214659
:10AEF00018B062F31E01BDE8F08D494B28F0004206
:10AF00009A4210D3474A08EB020353EA00027FF447
:10AF1000C6AD2A46334600F0C9FE3A46534600F015
:10AF20009DFD7FF6BCAD0022019228F000403E4915
:10AF30003E4A01EB2051824223DA481C4FF4801133
:10AF400021FA00F040443A4AC0F30A517A44394B9E
:10AF5000A1F2FF31CB4020EA0303C0F3130040F419
:10AF60008010C1F11401C84012680190B8F1000FBF
:10AF7000BCBF404201902846314600F097FE05468E
:10AF80000E462A4633463846514600F083F94FF0C4
:10AF900000084246284B4046059100F061FCCDE98F
:10AFA0000601264A264B4046059900F059FC0091BF
:10AFB00002902A4633464046059900F077FE3A460D
:10AFC000534600F081FD1F4A1F4B00F049FC009BD7
:10AFD000029A00F05FF90746884602460B4635E0C4
:10AFE0008E9803007AB60B002A3C00000000F03F68
:10AFF000623C0000903B00000000084009C7EE3FA3
:10B00000FD033ADCF5015B14E02F3EBE683A000018
:10B010002C3A000000009040FE822B654715973CBB
:10B0200000CC904000346F3F01FCFFFF0000E03F88
:10B0300078390000FFFF0F00432EE63F396CA80C63
:10B04000615C20BEEF39FAFE422EE63FDDE90601E3
:10B0500000F020F9DDE9062305460E4600F026FE45
:10B060003A46434600F030FD0F462A4633460090EC
:10B070001046194600F0F4FB824602462E488846E8
:10B080000B4605217844FEF76BF95246434600F023
:10B09000E7FB2A46334600F017FD80468A463B46CA
:10B0A00028463146009A00F0DBFB3B46009A00F050
:10B0B000F1F80691009000224FF08043404651463F
:10B0C00000F0F4FD0F460C904246534628463146A8
:10B0D00000F0C6FB3B460C9A00F098F9069B009ADC
:10B0E00000F0E4FD2A46334600F0E0FD0022134B59
:10B0F00000F0EAFC054601980E4601EB00510815E8
:10B10000002810DC28463146019A01F094FAFDF738
:10B1100033FF042808BFFEF7D1FA28463146019ACA
:10B1200001F089FA05460B4618B02A4658462146D2
:10B13000BDE8F04D00F094BB183800000000F03F6F
:10B140002DE9F04106460F4600F0CAFC041E0D46EC
:10B1500018BF0120284320F00040C0F17F6000F1BB
:10B16000E040C00F0ED0301C18BF0120384320F043
:10B170000040C0F17F6000F1E040C00F04BF01203B
:10B18000F5F738F920462946BDE8F08110B5164B91
:10B1900021F00042012486B09A4203DC00221346CB
:10B1A00000941CE0114B9A4208D140B94FF00100C5
:10B1B000F5F720F9FEF775FA06B010BD03DBFEF7D0
:10B1C0006BFA06B010BD02AAFDF706FF00F0010001
:10B1D000A4EB40000DF1080C00909CE80F00FEF776
:10B1E00015F906B010BD0000FB21E93F0000F07F1B
:10B1F00070B506460D4614462946304601F038F82B
:10B2000001D2284670BD2146304601F031F901D205
:10B210002046F7E73046F5E703468B4201DA084659
:10B220007047934201DD1046FAE71846F8E7000040
:10B2300021F00042A2F16052B2F5801F01F00043FC
:10B2400028BFD2F17F6C0BD95FEA001C43EAC2022F
:10B2500042EB507018BF704728BF20F001007047C4
:10B26000B2F5801FBCBF184670474FEA410C1CF571
:10B27000001F02D2084601F0F6B870B500F09AFB44
:10B2800000000089FFF7F6BF4FF00040A0F58000F6
:10B290007047000010B591EA030F48BF83F00043E8
:10B2A00000F10C85841A71EB030C05D2121943EBE3
:10B2B0000C03001B61EB0C01DFF824E14FEA115491
:10B2C000A4EB135C1EEA430F18BF9EEA445F73D0E1
:10B2D00023EA0E03DCF1200E21EA045143F480132B
:10B2E00032D322FA0CFE10EB0E0023FA0CFE41EBD7
:10B2F0000E01CCF1200E03FA0EFE10EB0E0051F100
:10B300000001B1F5801FCCF1200E32D201EB0451C7
:10B3100012FA0EF2BDE8104058BF7047401C38BF0B
:10B320005FEA420218BF7047002814BF20F00100F6
:10B3300041F100014FEA410313F5001F38BF704788
:10B34000A1F1C04100F084BB012A43EB0302ACF140
:10B35000200CDCF11F0E32BF4FF0000E23FA0CF36D
:10B3600010EB030041EB0451B4EB115FD0D0A1EB23
:10B37000045101F5801149085FEA300001EB0451E6
:10B380000ED350F1000038BF12FA0EFE08D1BDE80E
:10B390001040C9E7401C38BF5FEA4202CAD1C3E788
:10B3A000BDE810404FEA410313F5001F38BF704756
:10B3B000A1F1C04100F04CBB9EEA445F08D011EA05
:10B3C0005E0FBDE8104004BF01F00041002070474F
:10B3D000BDE8104070B500F0EDFA00BF64FBBE3E62
:10B3E0000000E0FF02494FF0000001F0F2B800BF9A
:10B3F0000000F87F491058BFC1F140415B1058BFB1
:10B40000C3F140438B42EFF3008070472DE9C04108
:10B4100030B4DFF8A0C23CEA111418BF3CEA1314A0
:10B4200000F0EC8081EA03051CEA111444EAD574AB
:10B4300018BF1CEA131500F0C780A4EB05044FF0F9
:10B44000004545EAC12145EAC32341EA505143EA98
:10B45000525304F17F74994204F500344FEAC0203E
:10B460004FEAC22208BF904200F09C804FEA136569
:10B470000FF24016765D4FEA134506FB05F7C7F15C
:10B48000807706FB07F74FEAD737A7FB03687642BA
:10B49000C8F58038A7FB06CE38BFA8F1010807FB26
:10B4A00008E64FF0000EA6FB028CE6FB03CEDCF1B3
:10B4B000000CCEF1004E38BFAEF1010EA6FB0C58C9
:10B4C0004FF000074FF00005E6FB0E87A1FB08C612
:10B4D000A0FB07CE16EB0E0645F10005E1FB076564
:10B4E00015F1E04E7EBFA4F580345FEA46066D415B
:10B4F00016F1800745F100054FEA17274FEA066667
:10B5000047EA0567A6F1DE46B6F1805F4FEA1525EA
:10B510001FD9384624F0010C05EBC471BCF1FE6F55
:10B5200001EB0C1102D8F0BCBDE8008124425CBFE5
:10B5300001F5801E9EEAC47F02D4F0BCBDE8008104
:10B54000244238D4F0BCA1F1C041BDE8004100F074
:10B550007FBA4FEAD22242EA43524FEAD323A7FBF3
:10B5600002864FEAD02040EA415007FB03661EEAFC
:10B570000E0F4FEAD12105FB026658BFA6EB00561D
:10B58000B6EB00564FEA520E4EEAC37E18EB0E0E93
:10B5900056EB530EBDD518EB02085E417F1C55F1EA
:10B5A0000005B6E74FF480154FF000074FF0000696
:10B5B0004FF00008ADE7F0BC4FF0000001F1C041D2
:10B5C00001F00041BDE8008111EA0C1F0CEA1315DF
:10B5D00000D00CE013EA0C1F00F025804FF00000B3
:10B5E000F0BC81EA030101F00041BDE80081F0BC3C
:10B5F000BDE8004181EA030100F02ABAF0BCBDE8D1
:10B60000004170B500F0D6F9097EFC3E00F007B8A5
:10B6100081EA03014FF0000001F00041704781EA28
:10B62000030100F015BAF0BCBDE800414FF0000086
:10B6300021497047FFFDFBF9F7F5F4F2F0EEEDEB71
:10B64000E9E8E6E4E3E1E0DEDDDBDAD8D7D5D4D320
:10B65000D1D0CFCDCCCBCAC8C7C6C5C4C2C1C0BF6C
:10B66000BEBDBCBBBAB9B8B7B6B5B4B3B2B1B0AF72
:10B67000AEADACABAAA9A8A8A7A6A5A4A3A3A2A156
:10B68000A09F9F9E9D9C9C9B9A9999989797969511
:10B6900095949393929191908F8F8E8E8D8C8C8BAD
:10B6A0008B8A898988888787868585848483838235
:10B6B000828181800000FF070000F87F51EA030CBF
:10B6C00017D41CF5801F58BFBCF5801F00F1068001
:10B6D000994218BF704708BF9042704707D711F5CD
:10B6E000801F58BF13F5801F19D4994270478942B3
:10B6F00070471CF5801F08D5BCF5801FF7D58B421D
:10B7000018BF704708BF824270474FF4001C1CEB03
:10B71000410F38BF1CEB430F01D28B42704770B50D
:10B7200000F048F9922449004FF000514FF0805347
:10B73000FFF760BE4FEA41034FEA5353A3F580631E
:10B74000D3F11E03C8BFD3F1210C0CDD4FF0004232
:10B7500042EAC12242EA505232FA03FC8CEAE17C0E
:10B76000ACEBE1707047102BC4BF0020704703F5AD
:10B77000787CBCF1FF3F04D06FF0004282EA2100E8
:10B78000704770B500F016F9499224800020704788
:10B79000F2E710F0004248BF4042B0FA80F310FADE
:10B7A00003F10AD0C3F11D0303F580634FEA415052
:10B7B00002EB035202EBD12170474FF000007047BB
:10B7C000B0FA80F310FA03F10AD0C3F11D0303F5B8
:10B7D00080634FEA41504FEA035202EBD121704798
:10B7E0004FF000007047000051EA030C17D41CF51D
:10B7F000801F58BFBCF5801F00F10680994218BF1A
:10B80000704708BF9042704707D711F5801F58BF97
:10B8100013F5801F19D499427047894270471CF56F
:10B82000801F08D5BCF5801FF7D58B4218BF704725
:10B8300008BF824270474FF4001C1CEB410F38BF19
:10B840001CEB430F01D28B42704770B500F0B2F889
:10B85000922449004FF000514FF08053FFF7CABDCA
:10B86000DFF848C170B51CEA111E1EBF1CEA131593
:10B870009EEA0C0F95EA0C0F00F06F8081EA03043A
:10B8800023EA4C134EEAD47E21EA4C1141F4801194
:10B8900043F48013AE44A1FB024CA0FB0365AEF160
:10B8A0007F7E361955EB0C05A1FB034C4CF10003D0
:10B8B000A0FB021C16EB0C06654153F10003094284
:10B8C00018BF46F0010613F4007F0BD14FEA033195
:10B8D0004FEA0530340341EA155140EA16506FF043
:10B8E00003020AE04FEAC3214FEAC520F40241EA0D
:10B8F000555140EA56506FF0020202EB2E4201EB26
:10B90000025585EACE710AD05FEA440C18BF24F0D4
:10B91000004450F1000041F1000120EAD47040F2EF
:10B92000FE7C624500D270BDA84214BF4FF0804437
:10B930004FF04044002E08BF0024BEF1806FA8BF26
:10B94000A1F1C041BDE8704080F282804FF000005C
:10B9500001F1C04101F0004170479EEA0C0F0CEA72
:10B96000131518BF95EA0C0F06D04FF0000081EABE
:10B97000030E0EF0004170BD00F01CF88900013E7E
:10B9800000F007B800F009B84FEA430C5FEA5C5CCE
:10B9900008D081EA030100F05BB84FEA410C5FEA8E
:10B9A0005C5CF6D14FF00000014970470000FF07D2
:10B9B0000000F87F0EF1020E2EF0030E5EF8046B0D
:10B9C000364205D4012A43EB030515F5001F12D8B2
:10B9D000012841EB010C1CF5001F0CD80ED14FEAD9
:10B9E000D17C15F5001F0CEB4C0C0CF1020C08BFC0
:10B9F0004CEBD37C04E04FF0080C01E04FEAD37C21
:10BA00000CEB4C0526FA05F606F00706B6F1040C19
:10BA100006D20EEB860CBDE870404CF0010C60477E
:10BA2000DFE80CF0090B02024FF000414FF000007C
:10BA3000A1F5002170BD19461046012851EB010403
:10BA400018BFD4F5001484BF002001F0004170BD80
:10BA50000808A0F500114FEA3101704753EA010CC4
:10BA600017D41CF5801F58BFBCF5801F00F106805D
:10BA70008B4218BF704708BF8242704707D713F543
:10BA8000801F58BF11F5801F19D48B4270479B420D
:10BA900070471CF5801F08D5BCF5801FF7D599426B
:10BAA00018BF704708BF904270474FF4001C1CEB52
:10BAB000430F38BF1CEB410F01D2994270470FB4BE
:10BAC0000CBC03BCFFF7C1BE91EA030F10B581F0B7
:10BAD00000413FF5E7AB83F0004300F0EFB8000012
:10BAE0002DE9F04101F5801CBCF5001FC0F2C380B8
:10BAF0004FEA115C21EA0C510CF1FD0C41F480116C
:10BB00005FEA5C0C0CF5C07C01D3400049413DA4C8
:10BB1000890241EA905187028E0E0A0CA45D04FB53
:10BB200004F602FB06F6C6F14046A4FB0662F60DDB
:10BB300046EA422606FB06F4A4FB01235242C3F167
:10BB4000404338BF5B1EA6FB02420024E6FB0324F1
:10BB5000D20B42EA4446A6FB0623A1FB02E2A3FB6A
:10BB600007E4A4184FF0000252F10002E3FB014287
:10BB70006442C2F1404E38BFAEF1010EA6FB042371
:10BB80004FF00002E6FB0E32A2FB03464FF000042A
:10BB9000B61954F10004E2FB0264A1FB06E6A4FB23
:10BBA00007E816EB08064FF0000858F10008E4FB20
:10BBB00001687642C8F1405838BFA8F10108A2FBDD
:10BBC00006E4A3FB08E52D194FF0000454F100042E
:10BBD000E2FB0854A1FB05E6A7FB04E818EB060806
:10BBE0004FF0000656F10006E1FB048618F120052F
:10BBF00056F10006A809A8F11B08B10908F03F0892
:10BC0000B8F10A0F40EA86601CD901EB0C51BDE87F
:10BC1000F08100BFFCF5EEE8E2DDD8D3CFCBC7C39F
:10BC2000C0BDB9B6B4B1AEACA9A7A5A3A19F9D9B59
:10BC30009A9896959392908F8D8C8B89888786851C
:10BC400084838281A0FB006800FB01F208EB4208BC
:10BC5000B8EB872807D5341858EB0104D5D5401C1C
:10BC600051F10001D1E7341A78EB0104CDD4401E24
:10BC700071F10001C9E75FEA4C0C5FEA9C5C0DD1F1
:10BC800005D34FF0000001F00041BDE8F081BDE8B0
:10BC9000F04170B5FFF78EFE6DDBFFBEBDE8F041F1
:10BCA0004FF00000004970470000F87F10B591EA9E
:10BCB000030F48BF83F000433FF5F4AA841A71EBE9
:10BCC000030C07D212198CF0004C43EB0C03001B41
:10BCD00061EB0C01DFF8A4E14FEA1154A4EB135C13
:10BCE0001EEA430F18BF9EEA445F00F0B08023EACB
:10BCF0006E03524221EA0451C3EB6E0338BF5B1E50
:10BD0000DCF1200E25D322FA0CFE10EB0E0043FAD4
:10BD10000CFE41EB0E01CCF1200E03FA0EFE10EBEF
:10BD20000E0051F10001CCF1200E29D412FA0EF2CE
:10BD300001EB0451BDE8104058BF7047401C1CBFC8
:10BD4000B2F1004F704700280CBF491C20F00100E1
:10BD5000704712EB020E43EB030218BF4FF0010EC7
:10BD60004EEA4202ACF1200CDCF11E0E54D943FA2B
:10BD70000CFE10EB0E0051F1FF31CCF11E0ED5D5AB
:10BD80000EF1010E12FA0EFE404141EB010101EBF2
:10BD9000445C5FEA5C5C10D910EBDE7001EB04518F
:10BDA00038BFBEF1004FBDE8104018BF70470028F3
:10BDB0000CBF491C20F00100704730D24FEAD42C50
:10BDC00011F5001124F400641BD0B1FA81F20B3A92
:10BDD000A41AA41ED2F12003914030FA03F31943B0
:10BDE000904001EBCC71002C01EB0451BDE81040F8
:10BDF000A8BF704701F1C0414FF0000001F00041C1
:10BE00007047B0FA80F310FA03F100D110BDE41AC4
:10BE1000173C4805C90AE4E701EB045110BD49107D
:10BE200001EB0451BDE810404FEA300002E04FF052
:10BE3000000170474A0008BF0042F8D0B2F5001F69
:10BE400028BF704701F000414FF0000070479EEAA4
:10BE5000445F07D011EA5E0FBDE8104004BF002127
:10BE600000207047BDE8104070B5FFF7A3FD00BF8C
:10BE700040DFF63E83F00041104670470000E0FFCF
:10BE800043004FEAD30C4FEA3C0C43401FBF40072E
:10BE90000CF1605113F0FE4F70471CF0006F03D19E
:10BEA00000200CF0004170470CF0004343EA507052
:10BEB00010B540EACC0000F090FA00BF00000092FC
:10BEC0004FEA0001FFF7C4BD4FF000414FF0000002
:10BED000A1F500217047000090EA010F48BF81F0F2
:10BEE000004100F10883421A3CBF801A89184FEACA
:10BEF000D0524FF07F4C1CEA410FA2EBD15318BF38
:10BF00009CEA026F00F03B804FF0004C4CEA0020AE
:10BF10004CEA012121FA03FC10EB0C0C1ED202F1B9
:10BF2000FF325FEA1C2040EBC25038BF70471CF064
:10BF30007F0F4FEA400C18BFBCF17F4F38BF7047EE
:10BF4000C3F12003994008BF20F00100BCF17F4FEE
:10BF500038BF7047A0F1C04000F085BA4FEA3C00FE
:10BF6000000A40EBC25028BF1CF0FF0F4FEA400C04
:10BF7000E6D018BFBCF17F4F38BF7047EAE79CEAB4
:10BF8000026F05D010EA5C0F08BF00F00040704758
:10BF900010B500F022FA00BF64FBBE3E401058BF4F
:10BFA000C0F14040491058BFC1F140418142EFF318
:10BFB000008070474FF47F0C1CEAD0121EBF1CEAB1
:10BFC000D11392EA0C0F93EA0C0F00F0858090EAEF
:10BFD000010F48BF42F4807240F4000C41F40000AD
:10BFE0002CF07F4120F07F4000B58142A2EB03029C
:10BFF0000FF2081CACEB504EC0F100009EF800E0C0
:10C000004FEA4E0E00FB0EFC38BF49004FEA2C1CD5
:10C0100002F5FA020CFB0EF34FEACE1E4FEA112C8A
:10C020004FEAC1210EEB635E42EB22420EFB0CFC99
:10C030004FEA1C5300FB03114FEA112C4FEA013168
:10C040000EFB0CFC4FEADC4C00FB0C11C14228BF7C
:10C0500009184CEB03335DF804EB10EB410143EBA3
:10C06000C250B2F57C0F38BF704729D512F0F00FDF
:10C070001CBF00F1C04000F0004070470081828387
:10C080008485868788898B8C8D8E8F9192939596E7
:10C0900097999A9C9D9FA0A2A3A5A7A8AAACAEB071
:10C0A000B2B3B5B7B9BCBEC0C2C5C7C9CCCED1D476
:10C0B000D7D9DCDFE2E6E9ECF0F3F7FAFE000000A6
:10C0C0004FEA400C0CF1807CBCF17E4F28BF7047DA
:10C0D000B0F1C04000F0C7B990EA010F0CEAD113EB
:10C0E00048BF42F48072624538BF634507D213F4FB
:10C0F0007F0F16D080EA010000F00040704710B5B5
:10C1000000F06BF9097EFC3E00F005B880EA010002
:10C1100000F00040704780EA010000F0004000F0AD
:10C12000A2B912F47F0F04BF0248704780EA0100F1
:10C1300000F099B90000C07F50EA010C00F11380B3
:10C140001CF5000F58BFBCF5000F01D488427047A2
:10C1500007D710F5000F58BF11F5000F15D488420E
:10C160007047894270471CF5000F04D5BCF5000FDD
:10C17000F7D5814270474FF0807C1CEB400F38BFF1
:10C180001CEB410F01D28142704710B500F025F938
:10C19000922449004FF000504FF08051FFF7FEBE4F
:10C1A00041000B0ED3F19E0208D950F400034FEA70
:10C1B000032323FA02F048BF4042704710B500F055
:10C1C0000CF900BF49922480002070476FF00042B4
:10C1D00082EA200070470000C10DD1F19E0206DB0B
:10C1E0004FEA002343F0004323FA02F07047004275
:10C1F00007D54FEA4001B1F1FE4F02D24FF00000E7
:10C20000704710B500F0E9F849922480002070478B
:10C210006FEA20007047000010F0004148BF404224
:10C22000B0FA80F310FA03F2C3F19D030BD051EA88
:10C23000C35101EB1220530638BF704700F10100D3
:10C2400008BF20F001007047B0FA80F310FA03F243
:10C25000C3F19D030AD0D90501EB1220530638BF64
:10C26000704700F1010008BF20F001007047000096
:10C2700050EA010C00F113801CF5000F58BFBCF50B
:10C28000000F01D48842704707D710F5000F58BF40
:10C2900011F5000F15D488427047894270471CF58C
:10C2A000000F04D5BCF5000FF7D5814270474FF061
:10C2B000807C1CEB400F38BF1CEB410F01D2814248
:10C2C000704710B500F089F8922449004FF00050F3
:10C2D0004FF08051FFF762BE4FF47F0C1CEAD01282
:10C2E0001EBF1CEAD11392EA0C0F93EA0C0F00F068
:10C2F000478090EA010F48BF42F480724FF0004C33
:10C300004CEA00204CEA012102EB0302A0FB0113DE
:10C31000A2F50002002918BF43F001035B0028BF0B
:10C320004FEA330342EB22425FEA132C4CEBC2503C
:10C330002EBFBCEB436FB2F57C0F70474FEA036C26
:10C34000BCF1004F08BF20F00100B2F57C0F38BFF0
:10C3500070470BD582F0FF0212F5803FC8BF7047CF
:10C3600000F1C040D8BF00F00040704700F5000C5D
:10C370005FEA4C0C48BF7047B0F1C04000F073B8A2
:10C3800090EA010F0CEAD11348BF42F48072624573
:10C3900038BF634504D280EA010000F000407047D6
:10C3A00010B500F01AF800BF8900013E00F007B890
:10C3B00000F009B85FEA410C5FEA1C6C08D080EA23
:10C3C000010000F050B85FEA400C5FEA1C6CF6D147
:10C3D0004FF00040A0F5800070470EF1020E2EF0E5
:10C3E000030E5EF8044B244204D44FEA4102B2F13A
:10C3F0007F4F11D84FEA4003B3F17F4F0CD80ED1D5
:10C400004FEAD07CB2F17F4F0CEB4C0C0CF1020CDC
:10C4100008BF4CEBD17C04E04FF0080C01E04FEA80
:10C42000D17C0CEB4C0324FA03F404F00704B4F1C0
:10C43000040C06D20EEB840CBDE810404CF0010C4D
:10C440006047DFE80CF0070802024FF00040A0F55B
:10C45000800010BD0846420018BFD2F1807288BF2C
:10C4600000F0004010BDFF2141EAD050C0057047E8
:10C4700051EA000C00F113801CF5000F58BFBCF509
:10C48000000F01D48142704707D711F5000F58BF44
:10C4900010F5000F15D481427047894270471CF592
:10C4A000000F04D5BCF5000FF7D5884270474FF058
:10C4B000807C1CEB410F38BF1CEB400F01D288423F
:10C4C000704780EA010081EA000180EA0100FFF77D
:10C4D000F8BE80F0004090EA010F7FF504AD81F0D6
:10C4E000004100F008B8000090EA010F48BF81F059
:10C4F00000413FF5F8AC421A04D882F00042A0EBAC
:10C50000020011444FEAD0524FF07F4C1CEA410F19
:10C51000A2EBD15318BF9CEA026F4AD04FF0004CF7
:10C520004CEA00204CEA012121FA03FCB0EB0C0C90
:10C530000FD412F0FE0F36D05FEA4C001DD500126A
:10C5400040EBC25038BF70471CF03F0F18BF704718
:10C550000BE0A2F101025FEA1C2040EBC25038BFA1
:10C5600070471CF07F0F18BF7047C3F1200399403C
:10C5700014BF401E20F00100704780084FEA1223CC
:10C5800008BF7047B0FA80FCA2EB0C02CCF1280C7B
:10C5900060FA0CF093EA122F04BF00EBC250704710
:10C5A0004FEAC3707047130A5FEADC1008BF704798
:10C5B000F6E79CEA026F04D010EA5C0F08BF002087
:10C5C000704710B5FFF709FF40DFF63E81F00040ED
:10C5D00070470CF00F03092B08BF082000F05980AA
:10C5E0000A2B0BD0082B18BF704708BF1CF0400F58
:10C5F0000AD04FF000004FF0000170471CF0400FD0
:10C6000018BF4FF0004070471CF0100F08D020F00A
:10C61000704300F07F4242EAD3014FEA4370704713
:10C6200000F0604021F07F4242EA000201F07F40CA
:10C6300040EA727070474FF0FF0C4CF4E06C1CEA5B
:10C6400011531CBF9CEA030C9445C2BFDA4201EBB4
:10C6500002517047002B0DD0BCF1000F0FD0002A03
:10C6600001F00041A4BF41F0E04141F07F614FF093
:10C670000000704701F000414FF00000704750EAA1
:10C6800001334FF09B0C18BF4CF0806C7EF4AAAEC7
:10C6900070471CF4801F11D01CF4E02F03D06FEA08
:10C6A000CC31490070474FF04050EFF3008222F048
:10C6B000704242EA000282F3008870474FF00000A7
:10C6C000704700000000000000000102030406079C
:10C6D000080900000000010203040000000000003F
:10C6E000000000000000000000003F4000000000CB
:10C6F0000000000030004000300040000000090051
:10C700000BC03D000BC03D00090018C024407FE075
:10C71000224031800000180024C01B000D803240F0
:10C72000018003801C4027401C800740004010000F
:10C730006000000000000000000000000000000099
:10C740001F80204040200000402020401F8000002B
:10C750000000090006001F80060009000000040018
:10C7600004003F800400040000000010006000008E
:10C7700000000000000004000400040004000400A5
:10C780000000000000400000000000000000002049
:10C7900001C006003800400000001F8020402040FB
:10C7A00020401F800000000010403FC000400000FB
:10C7B000000018C021402240244018400000108092
:10C7C0002040244024401B80000002000D00110086
:10C7D0003FC0014000003C8024402440244023808E
:10C7E00000001F80244024403440038000003000BB
:10C7F000200027C03800200000001B802440244077
:10C8000024401B8000001C0022C0224022401F80C8
:10C8100000000000000008400000000000000000D0
:10C8200000000460000000000000000004000A0096
:10C83000110020804040090009000900090009009A
:10C84000000000004040208011000A000400180091
:10C85000200023402400180000001F8020402740B3
:10C8600029401F400000004007C039000F0001C0F0
:10C87000004020403FC0244024401B8000001F8017
:10C880002040204020403080000020403FC0204019
:10C8900020401F80000020403FC024402E4030C078
:10C8A000000020403FC024402E00300000000F0058
:10C8B0001080204022403380020020403FC004000E
:10C8C00004003FC02040204020403FC02040204086
:10C8D00000000060202020203FC0200020002040D9
:10C8E0003FC024400B0030C0204020403FC02040CB
:10C8F0000040004000C03FC03C0003C03C003FC0BF
:10C90000000020403FC00C4023003FC020001F809B
:10C910002040204020401F80000020403FC0244095
:10C920002400180000001F802140214020E01FA0AB
:10C93000000020403FC02440260019C0004018C01D
:10C9400024402440224031800000300020403FC07D
:10C9500020403000000020003F80004000403F8029
:10C96000200020003E0001C00700380020003800F1
:10C9700007C03C0007C038000000204039C0060056
:10C9800039C0204000002000384007C03840200057
:10C990000000304021C02640384020C00000000088
:10C9A00000007FE0402040200000000070000C00EC
:10C9B0000380004000000000402040207FE0000095
:10C9C00000000000200040002000000000000010D7
:10C9D00000100010001000100010000000004000C7
:10C9E000000000000000000002800540054003C078
:10C9F000004020003FC004400440038000000000CD
:10CA0000038004400440064000000000038004400E
:10CA100024403FC000400000038005400540034023
:10CA20000000000004401FC02440244020000000FB
:10CA300002E0055005500650042020403FC004404D
:10CA4000040003C000400000044027C00040000074
:10CA5000000000100010041027E00000000020403B
:10CA60003FC00140070004C00440204020403FC0B8
:10CA700000400040000007C0040007C0040003C0DD
:10CA80000000044007C00440040003C00040000050
:10CA900003800440044003800000041007F00450A9
:10CAA000044003800000000003800440045007F0AD
:10CAB0000010044007C00240040004000000000011
:10CAC00006400540054004C00000000004001F802F
:10CAD000044000400000040007800040044007C0FC
:10CAE00000400400070004C00180060004000600A6
:10CAF00001C0070001C006000000044006C001009C
:10CB000006C0044000000410071004E00180060085
:10CB100004000000044005C006400440000000007E
:10CB2000000004007BE04020000000000000000046
:10CB3000FFF000000000000040207BE00400000047
:10CB40000000400080004000200020004000000065
:10CB500000000000000000000000000000000000D5
:10CB6000000000001FCC000C0000000000000000CE
:10CB70000800300060000800300060000000022063
:10CB800003FC1E20022003FC1E20022000000000E7
:10CB90000E1811043FFF10840C78000000000F00F5
:10CBA00010840F3800C007781884007800000078DF
:10CBB0000F8410C411240E9800E4008400080800BB
:10CBC000680070000000000000000000000000008D
:10CBD0000000000007E018182004400200000000D8
:10CBE00040022004181807E0000000000000024086
:10CBF000024001800FF001800240024000000080EE
:10CC0000008000800FF8008000800080000000019C
:10CC1000000D000E000000000000000000000000F9
:10CC20000080008000800080008000800080000084
:10CC3000000C000C000000000000000000000000DC
:10CC400000060018006001800600180020000000A7
:10CC500007F0080810041004080807F0000000009E
:10CC6000080408041FFC0004000400000000000089
:10CC70000E0C10141024104411840E0C000000003F
:10CC80000C1810041104110412880C70000000002C
:10CC900000E00320042408241FFC002400000000FE
:10CCA0001F981084110411041088107000000000F7
:10CCB00007F00888110411041888007000000000B3
:10CCC0001C00100010FC13001C00100000000000ED
:10CCD0000E3811441084108411440E3800000000F6
:10CCE0000700088C10441044088807F0000000007A
:10CCF00000000000030C030C000000000000000016
:10CD0000000000010106000000000000000000001B
:10CD100000800140022004100808100400000220D6
:10CD20000220022002200220022002200000000037
:10CD300010040808041002200140008000000000D8
:10CD40000E001200100C106C10800F00000003E0A9
:10CD50000C1813E4142417C4082807D0000000049A
:10CD6000003C03C41C40074000E4001C0004100405
:10CD70001FFC1104110411040E880070000003E070
:10CD80000C1810041004100410081C1000001004EB
:10CD90001FFC100410041004080807F00000100421
:10CDA0001FFC1104110417C410040818000010041B
:10CDB0001FFC1104110017C010000800000003E060
:10CDC0000C181004100410441C78004000001004DB
:10CDD0001FFC10840080008010841FFC10040000E1
:10CDE000100410041FFC10041004000000000003D5
:10CDF0000001100110011FFE1000100000001004BF
:10CE00001FFC110403801464181C1004000010049B
:10CE10001FFC1004000400040004000C00001004B7
:10CE20001FFC1F0000FC1F001FFC1004000010046A
:10CE30001FFC0C04030000E010181FFC100007F09A
:10CE40000808100410041004080807F0000010047B
:10CE50001FFC10841080108010800F00000007F06D
:10CE6000081810241024101C080A07F200001004EF
:10CE70001FFC1104110011C011300E0C0004000041
:10CE80000E1C11041084108410441C38000018007B
:10CE9000100010041FFC1004100018000000100007
:10CEA0001FF810040004000410041FF81000100004
:10CEB0001E0011E0001C007013801C0010001FC039
:10CEC000103C00E01F0000E0103C1FC000001004F8
:10CED000180C163401C001C01634180C10041000D0
:10CEE0001C00130400FC13041C00100000000804C4
:10CEF000101C1064108413041C041018000000009F
:10CF0000000000007FFE40024002400200000000DE
:10CF100030000C0003800060001C000300000000D3
:10CF20004002400240027FFE0000000000000000BE
:10CF300000002000400040004000200000000001F0
:10CF400000010001000100010001000100010000DA
:10CF50004000400020000000000000000000000031
:10CF60000098012401440144014400FC0004100025
:10CF70001FFC00880104010400880070000000000C
:10CF80000070008801040104010400880000000012
:10CF9000007000880104010411081FFC0004000057
:10CFA00000F8014401440144014400C800000000AD
:10CFB000010401040FFC1104110411001800000009
:10CFC00000D601290129012901C901060000100428
:10CFD0001FFC008401000100010400FC00040000AB
:10CFE0000104190419FC0004000400000000000002
:10CFF000000300010101190119FE000000001004E6
:10D000001FFC0024004001B4010C010400000000DA
:10D01000100410041FFC00040004000000000104C0
:10D0200001FC0104010001FC0104010000FC0104F9
:10D0300001FC008401000100010400FC0004000068
:10D0400000F8010401040104010400F800000101DA
:10D0500001FF008501040104008800700000000049
:10D060000070008801040104010501FF00010104B2
:10D07000010401FC008401040100018000000000A3
:10D0800000CC0124012401240124019800000000A7
:10D090000100010007F80104010400000000010084
:10D0A00001F8000400040004010801FC0004010070
:10D0B00001800170000C001001600180010001F08E
:10D0C000010C003001C00030010C01F00100000033
:10D0D0000104018C00740170018C01040000010145
:10D0E00001810171000E0018016001800100000043
:10D0F0000184010C013401440184010C0000000092
:10D1000000000000000001003EFC40024002000060
:10D11000000000000000FFFF000000000000000011
:10D12000400240023EFC0100000000000000000040
:10D1300060008000800040004000200020000000CF
:10D1400000000000000000000000000000003F4060
:10D1500000000000000000003000400030004000EF
:10D16000000009000BC03D000BC03D00090018C0C5
:10D1700024407FE0224031800000180024C01B00C2
:10D180000D803240018003801C4027401C800740F6
:10D1900000401000600000000000000000000000DF
:10D1A000000000001F802040402000004020204060
:10D1B0001F8000000000090006001F800600090013
:10D1C0000000040004003F80040004000000001080
:10D1D00000600000000000000000040004000400E3
:10D1E00004000400000000000040000000000000F7
:10D1F0000000002001C006003800400000001F8031
:10D200002040204020401F800000000010403FC010
:10D2100000400000000018C0214022402440184077
:10D22000000010802040244024401B8000000200A9
:10D230000D0011003FC0014000003C80244024400C
:10D240002440238000001F80244024403440038079
:10D2500000003000200027C03800200000001B80A4
:10D260002440244024401B8000001C0022C0224097
:10D2700022401F8000000000000008400000000065
:10D28000000000000000046000000000000000003A
:10D2900004000A0011002080404009000900090034
:10D2A00009000900000000004040208011000A0031
:10D2B00004001800200023402400180000001F80F4
:10D2C0002040274029401F400000004007C039008F
:10D2D0000F0001C0004020403FC0244024401B807C
:10D2E00000001F802040204020403080000020406F
:10D2F0003FC0204020401F80000020403FC024400D
:10D300002E4030C0000020403FC024402E0030009E
:10D3100000000F0010802040224033800200204097
:10D320003FC0040004003FC02040204020403FC0D8
:10D330002040204000000060202020203FC020002E
:10D34000200020403FC024400B0030C0204020403F
:10D350003FC020400040004000C03FC03C0003C030
:10D360003C003FC0000020403FC00C4023003FC0B5
:10D3700020001F802040204020401F8000002040CF
:10D380003FC024402400180000001F80214021409D
:10D3900020E01FA0000020403FC02440260019C00C
:10D3A000004018C02440244022403180000030005A
:10D3B00020403FC020403000000020003F8000405F
:10D3C00000403F80200020003E0001C007003800E0
:10D3D0002000380007C03C0007C038000000204093
:10D3E00039C0060039C0204000002000384007C086
:10D3F000384020000000304021C02640384020C086
:10D400000000000000007FE04020402000000000FD
:10D4100070000C000380004000000000402040200D
:10D420007FE000000000000020004000200000001D
:10D43000000000100010001000100010001000008C
:10D4400000004000000000000000000002800540D5
:10D45000054003C0004020003FC00440044003805A
:10D46000000000000380044004400640000000006B
:10D470000380044024403FC000400000038005407A
:10D48000054003400000000004401FC02440244029
:10D490002000000002E00550055006500420204006
:10D4A0003FC00440040003C000400000044027C007
:10D4B00000400000000000100010041027E00000F1
:10D4C000000020403FC00140070004C0044020404D
:10D4D00020403FC000400040000007C0040007C0DB
:10D4E000040003C00000044007C00440040003C05F
:10D4F000004000000380044004400380000004104A
:10D5000007F0045004400380000000000380044042
:10D51000045007F00010044007C00240040004005B
:10D520000000000006400540054004C00000000067
:10D5300004001F80044000400000040007800040F9
:10D54000044007C000400400070004C0018006003A
:10D550000400060001C0070001C0060000000440EE
:10D5600006C0010006C0044000000410071004E0DB
:10D570000180060004000000044005C0064004408D
:10D5800000000000000004007BE0402000000000DC
:10D5900000000000FFF000000000000040207BE0E1
:10D5A0000400000000004000800040002000200037
:10D5B000400000000000000000000000000000002B
:10D5C00000000000000000001FCC000C0000000064
:10D5D000000000000800300060000800300060001B
:10D5E0000000022003FC1E20022003FC1E2002205B
:10D5F000000000000E1811043FFF10840C7800009A
:10D6000000000F0010840F3800C0077818840078DD
:10D61000000000780F8410C411240E9800E40084E8
:10D620000008080068007000000000000000000012
:10D63000000000000000000007E01818200440026D
:10D640000000000040022004181807E0000000005D
:10D6500000000240024001800FF0018002400240C1
:10D6600000000080008000800FF8008000800080B3
:10D6700000000001000D000E00000000000000008E
:10D68000000000000080008000800080008000809A
:10D6900000800000000C000C0000000000000000F2
:10D6A000000000000006001800600180060018005D
:10D6B0002000000007F0080810041004080807F014
:10D6C00000000000080408041FFC0004000400001F
:10D6D000000000000E0C10141024104411840E0CD5
:10D6E000000000000C1810041104110412880C70C2
:10D6F0000000000000E00320042408241FFC002494
:10D70000000000001F98108411041104108810708C
:10D710000000000007F00888110411041888007048
:10D72000000000001C00100010FC13001C00100082
:10D73000000000000E3811441084108411440E388B
:10D74000000000000700088C10441044088807F00F
:10D750000000000000000000030C030C00000000AB
:10D7600000000000000000010106000000000000B1
:10D77000000000000080014002200410080810048E
:10D7800000000220022002200220022002200220AB
:10D79000000000001004080804100220014000806E
:10D7A000000000000E001200100C106C10800F0022
:10D7B000000003E00C1813E4142417C4082807D051
:10D7C00000000004003C03C41C40074000E4001CAF
:10D7D000000410041FFC1104110411040E880070D1
:10D7E000000003E00C1810041004100410081C10B2
:10D7F000000010041FFC100410041004080807F0B7
:10D80000000010041FFC1104110417C410040818B0
:10D81000000010041FFC1104110017C010000800C4
:10D82000000003E00C181004100410441C780040A1
:10D83000000010041FFC10840080008010841FFC76
:10D8400010040000100410041FFC10041004000059
:10D85000000000030001100110011FFE1000100065
:10D86000000010041FFC110403801464181C100431
:10D87000000010041FFC1004000400040004000C4D
:10D88000000010041FFC1F0000FC1F001FFC100400
:10D89000000010041FFC0C04030000E010181FFC23
:10D8A000100007F00808100410041004080807F01E
:10D8B000000010041FFC10841080108010800F00E6
:10D8C000000007F0081810241024101C080A07F2A2
:10D8D000000010041FFC1104110011C011300E0CC7
:10D8E000000400000E1C11041084108410441C3825
:10D8F00000001800100010041FFC10041000180095
:10D90000000010001FF810040004000410041FF8A9
:10D91000100010001E0011E0001C007013801C009D
:10D9200010001FC0103C00E01F0000E0103C1FC0B2
:10D9300000001004180C163401C001C01634180C75
:10D94000100410001C00130400FC13041C00100041
:10D9500000000804101C1064108413041C04101828
:10D9600000000000000000007FFE40024002400274
:10D970000000000030000C0003800060001C000369
:10D98000000000004002400240027FFE0000000054
:10D990000000000000002000400040004000200087
:10D9A0000000000100010001000100010001000170
:10D9B00000010000400040002000000000000000C6
:10D9C000000000000098012401440144014400FCCF
:10D9D000000410001FFC008801040104008800708E
:10D9E00000000000007000880104010401040088A8
:10D9F00000000000007000880104010411081FFCF1
:10DA00000004000000F8014401440144014400C83E
:10DA100000000000010401040FFC110411041100B6
:10DA20001800000000D601290129012901C90106B9
:10DA3000000010041FFC008401000100010400FC30
:10DA4000000400000104190419FC00040004000093
:10DA500000000000000300010101190119FE00008F
:10DA6000000010041FFC0024004001B4010C01045C
:10DA700000000000100410041FFC0004000400005B
:10DA80000000010401FC0104010001FC010401008B
:10DA900000FC010401FC008401000100010400FC01
:10DAA0000004000000F8010401040104010400F86E
:10DAB0000000010101FF00850104010400880070DD
:10DAC000000000000070008801040104010501FF4E
:10DAD00000010104010401FC008401040100018033
:10DAE0000000000000CC012401240124012401983D
:10DAF000000000000100010007F80104010400001B
:10DB00000000010001F8000400040004010801FC09
:10DB10000004010001800170000C00100160018010
:10DB2000010001F0010C003001C00030010C01F0D7
:10DB3000010000000104018C00740170018C0104DB
:10DB40000000010101810171000E001801600180D7
:10DB5000010000000184010C013401440184010C26
:10DB60000000000000000000000001003EFC400238
:10DB700040020000000000000000FFFF0000000065
:10DB800000000000400240023EFC010000000000D6
:10DB90000000000060008000800040004000200085
:10DBA0002000004D9AD77934E3AEF2BF68258BC6CA
:10DBB000115CA9E4337ED09D4A075B16C18C226FAD
:10DBC000B8F51F5285C8662BFCB1EDA0773A94D901
:10DBD0000E43B6FB2C61CF8255184409DE933D708D
:10DBE000A7EA3E73A4E9470ADD90CC81561BB5F83D
:10DBF0002F6297DA0D40EEA374396528FFB21C51ED
:10DC000086CB216CBBF65815C28FD39E4904AAE778
:10DC1000307D88C5125FF1BC6B267A37E0AD034ECC
:10DC200099D47C31E6AB05489FD28EC31459F7BA1C
:10DC30006D20D5984F02ACE1367B276ABDF05E13AC
:10DC4000C489632EF9B41A5780CD91DC0B46E8A540
:10DC5000723FCA87501DB3FE29643875A2EF410C8C
:10DC6000DB96420FD8953B76A1ECB0FD2A67C984BC
:10DC7000531EEBA6713C92DF0845195483CE602DEC
:10DC8000FAB75D10C78A2469BEF3AFE23578D69B38
:10DC90004C01F4B96E238DC0175A064B9CD17F32CC
:10DCA000E5A80000000000000000000000000000E7
:10DCB000000000003F4000000000000000003000B5
:10DCC000400030004000000009000BC03D000BC0C8
:10DCD0003D00090018C024407FE022403180000050
:10DCE000180024C01B000D803240018003801C40BE
:10DCF00027401C800740004010006000000000002A
:10DD0000000000000000000000001F8020404020B4
:10DD10000000402020401F80000000000900060095
:10DD20001F80060009000000040004003F8004007A
:10DD3000040000000010006000000000000000006F
:10DD4000040004000400040004000000000000407F
:10DD50000000000000000000002001C006003800A4
:10DD6000400000001F802040204020401F80000015
:10DD7000000010403FC000400000000018C02140DB
:10DD800022402440184000001080204024402440BD
:10DD90001B80000002000D0011003FC00140000088
:10DDA0003C80244024402440238000001F802440E5
:10DDB00024403440038000003000200027C0380099
:10DDC000200000001B802440244024401B800000D1
:10DDD0001C0022C0224022401F80000000000000E2
:10DDE0000840000000000000000000000460000087
:10DDF00000000000000004000A00110020804040E4
:10DE00000900090009000900090000000000404065
:10DE1000208011000A000400180020002340240084
:10DE2000180000001F802040274029401F400000AC
:10DE3000004007C039000F0001C0004020403FC033
:10DE4000244024401B8000001F80204020402040B0
:10DE50003080000020403FC0204020401F80000054
:10DE600020403FC024402E4030C0000020403FC032
:10DE700024402E00300000000F001080204022407F
:10DE80003380020020403FC0040004003FC0204017
:10DE9000204020403FC02040204000000060202063
:10DEA00020203FC02000200020403FC024400B0025
:10DEB00030C0204020403FC020400040004000C013
:10DEC0003FC03C0003C03C003FC0000020403FC0BA
:10DED0000C4023003FC020001F80204020402040F5
:10DEE0001F80000020403FC0244024001800000094
:10DEF0001F802140214020E01FA0000020403FC0A3
:10DF00002440260019C0004018C02440244022406C
:10DF100031800000300020403FC020403000000031
:10DF200020003F80004000403F80200020003E0055
:10DF300001C0070038002000380007C03C0007C0BF
:10DF400038000000204039C0060039C020400000E1
:10DF50002000384007C0384020000000304021C079
:10DF60002640384020C00000000000007FE0402034
:10DF700040200000000070000C0003800040000002
:10DF80000000402040207FE0000000000000200052
:10DF900040002000000000000010001000100010E1
:10DFA0000010001000000000400000000000000011
:10DFB000000002800540054003C0004020003FC033
:10DFC000044004400380000000000380044004403B
:10DFD0000640000000000380044024403FC0004091
:10DFE000000003800540054003400000000004409D
:10DFF0001FC0244024402000000002E005500550CE
:10E000000650042020403FC00440040003C00040EC
:10E010000000044027C00040000000000010001075
:10E02000041027E00000000020403FC0014007002E
:10E0300004C00440204020403FC000400040000099
:10E0400007C0040007C0040003C00000044007C06C
:10E050000440040003C0004000000380044004406A
:10E0600003800000041007F0045004400380000007
:10E07000000003800440045007F00010044007C073
:10E080000240040004000000000006400540054076
:10E0900004C00000000004001F8004400040000095
:10E0A000040007800040044007C00040040007004F
:10E0B00004C0018006000400060001C0070001C082
:10E0C00006000000044006C0010006C00440000035
:10E0D0000410071004E00180060004000000044062
:10E0E00005C00640044000000000000004007BE082
:10E0F00040200000000000000000FFF000000000D1
:10E10000000040207BE00400000000004000800090
:10E11000400020002000400000000000000000003F
:10E1200000000000000000000000000000001FCC04
:10E13000000C00000000000000000800300060003B
:10E140000800300060000000022003FC1E200220B6
:10E1500003FC1E200220000000000E1811043FFFE7
:10E1600010840C78000000000F0010840F3800C0ED
:10E17000077818840078000000780F8410C41124F8
:10E180000E9800E400840008080068007000000099
:10E19000000000000000000000000000000007E098
:10E1A0001818200440020000000040022004181843
:10E1B00007E00000000000000240024001800FF074
:10E1C00001800240024000000080008000800FF8C3
:10E1D00000800080008000000001000D000E0000A3
:10E1E00000000000000000000000008000800080AF
:10E1F00000800080008000800000000C000C000007
:10E200000000000000000000000000060018006090
:10E210000180060018002000000007F00808100424
:10E220001004080807F000000000080408041FFCA0
:10E23000000400040000000000000E0C1014102464
:10E24000104411840E0C000000000C18100411047E
:10E25000110412880C700000000000E00320042468
:10E2600008241FFC0024000000001F9810841104E3
:10E270001104108810700000000007F008881104D5
:10E28000110418880070000000001C00100010FC31
:10E2900013001C001000000000000E381144108410
:10E2A000108411440E38000000000700088C104450
:10E2B0001044088807F00000000000000000030C74
:10E2C000030C000000000000000000000001010637
:10E2D000000000000000000000000080014002205B
:10E2E000041008081004000002200220022002206E
:10E2F0000220022002200000000010040808041080
:10E30000022001400080000000000E001200100CEE
:10E31000106C10800F00000003E00C1813E41424AC
:10E3200017C4082807D000000004003C03C41C40A8
:10E33000074000E4001C000410041FFC1104110439
:10E3400011040E880070000003E00C181004100483
:10E35000100410081C10000010041FFC100410040E
:10E360001004080807F0000010041FFC1104110439
:10E3700017C410040818000010041FFC1104110039
:10E3800017C010000800000003E00C18100410046F
:10E3900010441C780040000010041FFC1084008012
:10E3A000008010841FFC10040000100410041FFCE7
:10E3B000100410040000000000030001100110010F
:10E3C0001FFE10001000000010041FFC1104038049
:10E3D0001464181C1004000010041FFC1004000436
:10E3E00000040004000C000010041FFC1F0000FCCF
:10E3F0001F001FFC1004000010041FFC0C0403008D
:10E4000000E010181FFC100007F0080810041004AA
:10E410001004080807F0000010041FFC108410808E
:10E42000108010800F00000007F00818102410243E
:10E43000101C080A07F2000010041FFC1104110050
:10E4400011C011300E0C000400000E1C11041084C9
:10E45000108410441C3800001800100010041FFC29
:10E46000100410001800000010001FF81004000431
:10E47000000410041FF8100010001E0011E0001C22
:10E48000007013801C0010001FC0103C00E01F0033
:10E4900000E0103C1FC000001004180C163401C02E
:10E4A00001C01634180C100410001C00130400FCEA
:10E4B00013041C00100000000804101C10641084D9
:10E4C00013041C04101800000000000000007FFE70
:10E4D0004002400240020000000030000C000380B7
:10E4E0000060001C000300000000400240024002E7
:10E4F0007FFE00000000000000000000200040003F
:10E500004000400020000000000100010001000167
:10E510000001000100010001000040004000200057
:10E5200000000000000000000000009801240144E9
:10E530000144014400FC000410001FFC0088010499
:10E5400001040088007000000000007000880104D1
:10E55000010401040088000000000070008801042C
:10E56000010411081FFC0004000000F801440144EC
:10E570000144014400C800000000010401040FFC34
:10E580001104110411001800000000D6012901290E
:10E59000012901C90106000010041FFC00840100CC
:10E5A0000100010400FC000400000104190419FC2E
:10E5B000000400040000000000000003000101014D
:10E5C000190119FE0000000010041FFC0024004087
:10E5D00001B4010C010400000000100410041FFC31
:10E5E0000004000400000000010401FC010401001B
:10E5F00001FC0104010000FC010401FC0084010095
:10E600000100010400FC0004000000F80104010402
:10E610000104010400F80000010101FF008501046C
:10E6200001040088007000000000007000880104F0
:10E630000104010501FF00010104010401FC008443
:10E640000104010001800000000000CC012401242D
:10E65000012401240198000000000100010007F8D6
:10E660000104010400000000010001F8000400049E
:10E670000004010801FC0004010001800170000C8D
:10E68000001001600180010001F0010C003001C0A8
:10E690000030010C01F0010000000104018C007445
:10E6A0000170018C01040000010101810171000E63
:10E6B000001801600180010000000184010C013498
:10E6C00001440184010C0000000000000000000073
:10E6D00001003EFC4002400200000000000000007B
:10E6E000FFFF0000000000000000400240023EFC6E
:10E6F00001000000000000000000600080008000B9
:10E700004000400020002000680000047600540112
:10E71000F7FD000175191A0C6A231B1C1F20727467
:10E72000433B4138393A6B6C376F06246D6E70008D
:10E7300083000000000800000001001832000500FE
:10E74000000020410000D242295C0F3E9A99993E78
:10E750003333733F295C0F3E555555555555C53FCD
:10E760007D6FEB0312D6D4BF5544880E55C1C93F07
:10E770003B8F68B52882A4BF88B20175E0EF493F9E
:10E7800009F7FD0DE13D023F4B2D8A1C273A03C0DE
:10E79000C88A599CE52A004059018D1B6C06E6BFCA
:10E7A00082922EB1C5B8B33F4FBB610567ACDD3F68
:10E7B000182D4454FB21E93F9BF681D20B73EF3FA8
:10E7C000182D4454FB21F93FE2652F227F2B7A3C20
:10E7D000075C143326A6813CBDCBF07A8807703CD9
:10E7E000075C143326A6913CC4EB98999999C9BF4C
:10E7F000711623FEC671BCBF6D9A74AFF2B0B3BF81
:10E800009AFDDE522DDEADBF2F6C6A2C44B4A2BF40
:10E810000D5555555555D53FFF8300922449C23FAC
:10E820006E204CC5CD45B73F513DD0A0660DB13FE0
:10E83000EB0D76244B7BA93F11DA22E33AAD903FF2
:10E84000000000000000F03F000000000000F83F62
:10E8500000000000000000000000004003B8E23F9C
:10E86000000000000000000006D0CF43EBFD4C3E4E
:10E87000033333333333E33FFFAB6FDBB66DDB3F43
:10E880004D268F515555D53F01411DA96074D13F8B
:10E8900065DBC9934A86CD3FEF4E454A287ECA3F85
:10E8A0003E5555555555C53F93BDBE166CC166BF07
:10E8B0002CDE25AF6A56113FF16BD2C541BDBBBE00
:10E8C000D0A4BE726937663E000000000000000060
:10E8D00000004054FB21F93F3163621A61B4D03D1E
:10E8E0000000601A61B4D03D7370032E8A19A33BF7
:10E8F0000000002E8A19A33BC14920259A837B3949
:10E9000000000000000000006E83F9A22915444EAB
:10E91000D15727FCC0DD34F5999562DB4190433C2B
:10E92000AB6351FE61C5BBDE3A6E24B7E0D24D4207
:10E93000EA2E49061C92D1091CEB1DFE3EA729B107
:10E94000F53582E88444BB2E26709CE9417E5FB495
:10E9500039D69139F43953838B5F849C3B28F9BDB8
:10E96000FF97F81F0F9805DE8B112FEF1F6D0A5AC6
:10E97000CF7E366DB709CB27663F464F2DEA5F9EA7
:10E98000C7BA27757BF1E5EBF739073DEA92528A62
:10E99000B15FFB6B085D8D1F7AFE10111111C13F35
:10E9A00037D60684F464963F280356C9226D6D3F1E
:10E9B0000165F2F2D844433FA69237A0887E143F07
:10E9C000735360DBCB75F3BEFE41B31BBAA1AB3F03
:10E9D00093846EE9E326823F1583E0FEC8DB573F50
:10E9E00068108D1AF726303FE9A7F0320FB8123FB2
:10E9F000D47ABF74702AFB3E18EA00080000002099
:10EA0000B00300006C0100083CEB0008B0030020DC
:10EA1000303D0000C8010008C10227016A102C0324
:10EA20001D24F432094BDC052C2D9A99993E0401E2
:10EA3000300247642988A904012A234843270C434C
:10EA400017B7513A280FF042ACC527375B94D93934
:10EA5000AE0F7A440C6809BC74933C7F6ADC400CAE
:10EA60003CFED4380C1815F0A22F3C5BD33C3D176C
:10EA7000B7D1388FC2753C2B18953C0C3809B86556
:10EA800019623C7DAE361828080AD7233CCDCCCC81
:10EA900018280A3838DBDC3A12DA823E3C253C83FF
:10EAA000863C2813404082A8FB3862BE3C39A48CC7
:10EAB000B83A8FC2F53C10180DF7CC9239CDE93237
:10EAC0003D713D5A40942A3904180DBC572D3CF233
:10EAD000D285406F12033A4C3809393B704E3C6284
:10EAE000A1D65828095070B13C52B89E3E0C380847
:10EAF000CF6B6C3D725042183808DE02093DD5CF0D
:10EB00009B0C01721B803ED00811563D295C0FBE44
:10EB10005C8FC23E520308022C01506CC23F5AFF68
:10EB20000472011314E71B08080401201A30240D95
:0CEB3000380AD7A33B7CC9880936400096
:0400000508000131BD
:00000001FF
